# Blender v2.79 (sub 0) OBJ File: 'Cartoon_Husky_Clear.blend'
# www.blender.org
mtllib Cartoon_Husky.mtl
o Husky_Plane.001
v 0.009061 0.500894 0.428663
v 0.009036 0.490817 0.446724
v 0.009431 0.488161 0.450800
v 0.008103 0.504215 0.431751
v 0.008305 0.491336 0.452185
v 0.007483 0.494899 0.448891
v 0.009318 0.489403 0.451722
v 0.007938 0.533898 0.373147
v 0.008549 0.511939 0.416197
v 0.009128 0.525188 0.368320
v 0.009074 0.507314 0.414145
v 0.012597 0.504497 0.422074
v 0.008398 0.508130 0.424400
v 0.009090 0.503984 0.421597
v 0.004510 0.503263 0.421141
v 0.004018 0.508011 0.424575
v 0.013561 0.505592 0.422686
v 0.012158 0.507006 0.423547
v 0.011736 0.490852 0.446453
v 0.011951 0.503568 0.430948
v 0.010268 0.493848 0.448051
v 0.012696 0.501027 0.429057
v 0.004895 0.487382 0.455033
v 0.013182 0.509476 0.414985
v 0.012175 0.527580 0.369541
v 0.012170 0.513251 0.407075
v 0.011454 0.512080 0.406652
v 0.011252 0.532307 0.372212
v 0.008557 0.510913 0.406132
v 0.012332 0.508320 0.414564
v 0.012929 0.529984 0.370940
v 0.011987 0.510742 0.415528
v 0.005151 0.486246 0.453696
v 0.004869 0.490485 0.447684
v 0.004469 0.500425 0.428220
v 0.003856 0.503636 0.431793
v 0.004363 0.489712 0.455335
v 0.003740 0.495071 0.450132
v 0.013641 0.502121 0.429777
v 0.011964 0.492131 0.447143
v 0.004626 0.523003 0.367202
v 0.004414 0.509701 0.405483
v 0.004009 0.534277 0.373308
v 0.011099 0.514402 0.407592
v 0.004602 0.506213 0.413616
v 0.004148 0.512104 0.416418
v 0.008394 0.522666 0.393889
v 0.008355 0.518927 0.400904
v 0.008135 0.514073 0.398502
v 0.008213 0.516896 0.390628
v 0.011565 0.516864 0.399636
v 0.011576 0.520404 0.392196
v 0.010816 0.518726 0.391384
v 0.010825 0.515520 0.399088
v 0.010702 0.521762 0.393122
v 0.010667 0.518037 0.400302
v 0.004233 0.512688 0.397995
v 0.004325 0.515301 0.390091
v 0.004403 0.519164 0.401200
v 0.004393 0.522751 0.394205
v 0.008300 0.515422 0.408157
v 0.004214 0.515701 0.408400
v 0.008432 0.488336 0.450179
v 0.004943 0.487272 0.451791
v 0.003825 0.492387 0.453991
v 0.006988 0.492871 0.452070
v 0.007889 0.500545 0.438243
v 0.007658 0.497484 0.444033
v 0.009295 0.493915 0.441298
v 0.009237 0.497324 0.435364
v 0.012879 0.497514 0.435618
v 0.012755 0.494018 0.441289
v 0.013173 0.495206 0.442079
v 0.013583 0.498662 0.436379
v 0.011597 0.500129 0.437599
v 0.011069 0.496781 0.443240
v 0.004792 0.493427 0.441461
v 0.004645 0.496623 0.435053
v 0.003823 0.499982 0.438260
v 0.003757 0.497446 0.444526
v 0.008255 0.526523 0.386693
v 0.008016 0.530819 0.378739
v 0.008904 0.522957 0.374164
v 0.008570 0.519753 0.382654
v 0.012030 0.523682 0.384748
v 0.012642 0.527349 0.376691
v 0.011850 0.525130 0.375345
v 0.011244 0.521724 0.383646
v 0.011141 0.529471 0.377888
v 0.010927 0.525419 0.385855
v 0.004495 0.518096 0.381811
v 0.004511 0.521020 0.373044
v 0.004042 0.530926 0.378791
v 0.004214 0.526537 0.386851
v -0.009061 0.500894 0.428663
v -0.009036 0.490817 0.446724
v -0.009431 0.488161 0.450800
v -0.008103 0.504215 0.431751
v -0.008305 0.491336 0.452185
v -0.007483 0.494899 0.448891
v -0.009318 0.489403 0.451722
v -0.007938 0.533898 0.373147
v 0.000000 0.515053 0.408085
v -0.008549 0.511939 0.416197
v -0.009128 0.525188 0.368320
v 0.000000 0.508620 0.404966
v -0.009074 0.507314 0.414145
v -0.012597 0.504497 0.422074
v -0.008398 0.508130 0.424400
v -0.009090 0.503984 0.421597
v -0.004510 0.503263 0.421141
v -0.004018 0.508011 0.424575
v -0.013561 0.505592 0.422686
v -0.012158 0.507006 0.423547
v -0.011736 0.490852 0.446453
v -0.011951 0.503568 0.430948
v -0.010268 0.493848 0.448051
v -0.012696 0.501027 0.429057
v -0.004895 0.487382 0.455033
v -0.013182 0.509476 0.414985
v -0.012175 0.527580 0.369541
v -0.012170 0.513251 0.407075
v -0.011454 0.512080 0.406652
v -0.011252 0.532307 0.372212
v -0.008557 0.510913 0.406132
v -0.012332 0.508320 0.414564
v -0.012929 0.529984 0.370940
v -0.011987 0.510742 0.415528
v -0.005151 0.486246 0.453696
v -0.004869 0.490485 0.447684
v -0.004469 0.500425 0.428220
v -0.003856 0.503636 0.431793
v -0.004363 0.489712 0.455335
v -0.003740 0.495071 0.450132
v -0.013641 0.502121 0.429777
v -0.011964 0.492131 0.447143
v -0.004626 0.523003 0.367202
v -0.004414 0.509701 0.405483
v -0.004009 0.534277 0.373308
v -0.011099 0.514402 0.407592
v -0.004602 0.506213 0.413616
v -0.004148 0.512104 0.416418
v -0.008394 0.522666 0.393889
v -0.008355 0.518927 0.400904
v -0.008135 0.514073 0.398502
v -0.008213 0.516896 0.390628
v -0.011565 0.516864 0.399636
v -0.011576 0.520404 0.392196
v -0.010816 0.518726 0.391384
v -0.010825 0.515520 0.399088
v -0.010702 0.521762 0.393122
v -0.010667 0.518037 0.400302
v -0.004233 0.512688 0.397995
v -0.004325 0.515301 0.390091
v -0.004403 0.519164 0.401200
v -0.004393 0.522751 0.394205
v 0.000000 0.502202 0.420702
v 0.000000 0.507113 0.424198
v -0.000000 0.521758 0.366576
v 0.000000 0.486576 0.456236
v 0.000000 0.489083 0.456511
v 0.000000 0.502738 0.431464
v 0.000000 0.485450 0.454795
v 0.000000 0.490177 0.448148
v -0.000000 0.533901 0.373041
v -0.008300 0.515422 0.408157
v -0.004214 0.515701 0.408400
v 0.000000 0.495021 0.450637
v 0.000000 0.499421 0.427812
v 0.000000 0.511308 0.416053
v 0.000000 0.505120 0.413130
v 0.000000 0.511532 0.397591
v -0.000000 0.514046 0.389678
v -0.000000 0.522065 0.393929
v 0.000000 0.518558 0.400948
v -0.008432 0.488336 0.450179
v 0.000000 0.486706 0.452604
v -0.004943 0.487272 0.451791
v -0.003825 0.492387 0.453991
v 0.000000 0.492119 0.454870
v -0.006988 0.492871 0.452070
v -0.007889 0.500545 0.438243
v -0.007658 0.497484 0.444033
v -0.009295 0.493915 0.441298
v -0.009237 0.497324 0.435364
v -0.012879 0.497514 0.435618
v -0.012755 0.494018 0.441289
v -0.013173 0.495206 0.442079
v -0.013583 0.498662 0.436379
v -0.011597 0.500129 0.437599
v -0.011069 0.496781 0.443240
v -0.004792 0.493427 0.441461
v -0.004645 0.496623 0.435053
v -0.003823 0.499982 0.438260
v -0.003757 0.497446 0.444526
v 0.000000 0.497243 0.444618
v 0.000000 0.499373 0.438049
v 0.000000 0.495642 0.434808
v 0.000000 0.492819 0.441515
v -0.008255 0.526523 0.386693
v -0.008016 0.530819 0.378739
v -0.008904 0.522957 0.374164
v -0.008570 0.519753 0.382654
v -0.012030 0.523682 0.384748
v -0.012642 0.527349 0.376691
v -0.011850 0.525130 0.375345
v -0.011244 0.521724 0.383646
v -0.011141 0.529471 0.377888
v -0.010927 0.525419 0.385855
v -0.004495 0.518096 0.381811
v -0.004511 0.521020 0.373044
v -0.004042 0.530926 0.378791
v -0.004214 0.526537 0.386851
v -0.000000 0.519698 0.372333
v -0.000000 0.516836 0.381230
v -0.000000 0.525783 0.386452
v -0.000000 0.530248 0.378366
v 0.020260 0.525244 0.030484
v 0.020467 0.522375 -0.010591
v 0.020898 0.524069 -0.031930
v 0.021379 0.526593 -0.054910
v 0.021557 0.528355 -0.075977
v 0.021328 0.529277 -0.117875
v 0.021007 0.527593 -0.140220
v 0.020031 0.523472 -0.158974
v 0.016745 0.509129 -0.201318
v 0.011279 0.506837 -0.636577
v 0.007914 0.486638 -0.287274
v 0.009480 0.483755 -0.309986
v 0.007521 0.510772 -0.619660
v 0.004009 0.514674 -0.636000
v 0.020957 0.450296 -0.304626
v 0.007611 0.489582 -0.267278
v 0.020273 0.462214 -0.264168
v 0.011513 0.452356 -0.262472
v 0.005470 0.513221 -0.629826
v 0.031638 0.501500 -0.202773
v 0.038032 0.516995 -0.158749
v 0.041098 0.521367 -0.139894
v 0.041823 0.522211 -0.118651
v 0.042654 0.520837 -0.078361
v 0.042402 0.518808 -0.056238
v 0.041158 0.516473 -0.034825
v 0.039291 0.515451 -0.013039
v 0.038811 0.517581 0.029616
v 0.082361 0.454419 -0.048429
v 0.086138 0.453799 -0.026916
v 0.092065 0.454266 0.019521
v 0.077996 0.456635 -0.070190
v 0.078201 0.458431 -0.090463
v 0.090014 0.460436 -0.129492
v 0.089714 0.459442 -0.147246
v 0.086947 0.457709 -0.167280
v 0.073749 0.452338 -0.222652
v 0.012007 0.443209 -0.240297
v 0.084941 0.440850 -0.092234
v 0.087205 0.420904 -0.090676
v 0.072768 0.367066 -0.085405
v 0.080251 0.332900 -0.115074
v 0.030680 0.322076 -0.114508
v 0.038838 0.314396 -0.123629
v 0.094176 0.252257 -0.159616
v 0.009626 0.321911 -0.192304
v 0.097362 0.255763 -0.178181
v 0.059240 0.510797 -0.100008
v 0.015205 0.317954 -0.221458
v 0.024242 0.310784 -0.142364
v 0.098545 0.331382 -0.158785
v 0.095574 0.332183 -0.134088
v 0.095020 0.331589 -0.183203
v 0.080232 0.362037 -0.100520
v 0.049081 0.249008 -0.145706
v 0.089669 0.419828 -0.108005
v 0.030801 0.264460 -0.219172
v 0.088143 0.441108 -0.109888
v 0.085025 0.459832 -0.109150
v 0.082692 0.250797 -0.144166
v 0.047258 0.270810 -0.244855
v 0.042050 0.521856 -0.097602
v 0.021584 0.528988 -0.096538
v 0.037319 0.268195 -0.234749
v 0.060367 0.272019 -0.246925
v 0.072686 0.271924 -0.242877
v 0.028539 0.470000 -0.236690
v 0.029229 0.460182 -0.240602
v 0.093040 0.260287 -0.195761
v 0.088719 0.265150 -0.214686
v 0.083073 0.269032 -0.230441
v 0.050526 0.220121 -0.168725
v 0.035269 0.234070 -0.213341
v 0.042132 0.224061 -0.181384
v 0.085187 0.236132 -0.225886
v 0.091355 0.223865 -0.180742
v 0.066219 0.219027 -0.162974
v 0.070721 0.241819 -0.244888
v 0.094655 0.228504 -0.196510
v 0.061780 0.242563 -0.247446
v 0.053072 0.241974 -0.244853
v 0.081269 0.220537 -0.168040
v 0.044657 0.239642 -0.237667
v 0.078275 0.239707 -0.237788
v 0.091487 0.232779 -0.210498
v 0.037177 0.228895 -0.198767
v 0.038151 0.236885 -0.226243
v 0.046411 0.189808 -0.212869
v 0.084368 0.189661 -0.214396
v 0.046326 0.150633 -0.267024
v 0.070181 0.155611 -0.293763
v 0.073259 0.158127 -0.284754
v 0.048460 0.146816 -0.257872
v 0.079949 0.151064 -0.268503
v 0.081671 0.145491 -0.250271
v 0.081842 0.148428 -0.259933
v 0.052744 0.143412 -0.248258
v 0.050125 0.154631 -0.275694
v 0.058848 0.141062 -0.241284
v 0.076299 0.142804 -0.243426
v 0.075892 0.154074 -0.276535
v 0.076275 0.141180 -0.278597
v 0.076046 0.134084 -0.247120
v 0.058784 0.133235 -0.244715
v 0.050067 0.140942 -0.277945
v 0.051553 0.133998 -0.251819
v 0.083782 0.137483 -0.263158
v 0.081221 0.135663 -0.254560
v 0.082207 0.139086 -0.271613
v 0.046426 0.136530 -0.259653
v 0.071659 0.142620 -0.285538
v 0.068881 0.144123 -0.293254
v 0.045156 0.138754 -0.269972
v 0.068163 0.140902 -0.239010
v 0.063430 0.155756 -0.295903
v 0.057580 0.155987 -0.294630
v 0.052775 0.159791 -0.286323
v 0.067851 0.123794 -0.245366
v 0.064343 0.126262 -0.293131
v 0.059301 0.126565 -0.291263
v 0.056286 0.125898 -0.284636
v 0.045359 0.125622 -0.270634
v 0.068242 0.125841 -0.291097
v 0.071055 0.125232 -0.284332
v 0.046235 0.125610 -0.260645
v 0.083122 0.124372 -0.272046
v 0.079771 0.124067 -0.255812
v 0.084273 0.124087 -0.263792
v 0.052065 0.124732 -0.253164
v 0.051283 0.125858 -0.277386
v 0.059012 0.123696 -0.247154
v 0.075314 0.123834 -0.248680
v 0.076536 0.124889 -0.278464
v 0.077822 0.007976 -0.199982
v 0.089704 0.355481 -0.115992
v 0.096364 0.418368 -0.123786
v 0.093329 0.440787 -0.127996
v 0.094207 0.439145 -0.146604
v 0.092001 0.437009 -0.167018
v 0.098620 0.351789 -0.135055
v 0.099953 0.350774 -0.159228
v 0.037798 0.252385 -0.160589
v 0.006975 0.336949 -0.215453
v 0.005574 0.326532 -0.191469
v 0.006838 0.318288 -0.164894
v 0.008671 0.316493 -0.139636
v 0.099081 0.416323 -0.143246
v 0.098881 0.415328 -0.166479
v 0.082533 0.414868 -0.231377
v 0.084283 0.439075 -0.073102
v 0.088440 0.438143 -0.051080
v 0.092598 0.437246 -0.029404
v 0.099986 0.436297 0.017255
v 0.101334 0.436353 0.043531
v 0.087637 0.420731 -0.073565
v 0.070719 0.368508 -0.067924
v 0.059208 0.353900 -0.067393
v 0.094893 0.456100 0.069201
v 0.102932 0.435876 0.068148
v 0.107634 0.414137 0.066312
v 0.106296 0.415168 0.041830
v 0.095593 0.349792 0.036018
v 0.082066 0.328792 0.034104
v 0.091780 0.420169 -0.053068
v 0.073822 0.366708 -0.049115
v 0.061390 0.351029 -0.048430
v 0.015897 0.316108 -0.052019
v 0.097093 0.418883 -0.031621
v 0.104252 0.416377 0.016096
v 0.079158 0.363234 -0.029602
v 0.090379 0.353687 0.012561
v 0.018269 0.307978 -0.032640
v 0.022045 0.290695 0.007204
v 0.066757 0.345851 -0.029360
v 0.077298 0.333691 0.011307
v 0.013329 0.429953 -0.243551
v 0.012530 0.481171 -0.381061
v 0.018302 0.421856 -0.377795
v 0.014039 0.484115 -0.451338
v 0.014153 0.486011 -0.472683
v 0.033252 0.436592 -0.480267
v 0.012591 0.493645 -0.533102
v 0.018179 0.437625 -0.551397
v 0.010074 0.504070 -0.589527
v 0.008596 0.507743 -0.605512
v 0.026139 0.394803 -0.255983
v 0.013992 0.413952 -0.247252
v 0.025824 0.414353 -0.253452
v 0.011488 0.328326 -0.221273
v 0.009110 0.493966 -0.242557
v 0.007962 0.492245 -0.252119
v 0.023686 0.466622 -0.242488
v 0.021539 0.464979 -0.249420
v 0.016417 0.454360 -0.243335
v 0.013783 0.454869 -0.248605
v 0.067058 0.049683 -0.242940
v 0.057979 0.049275 -0.244431
v 0.078617 0.007962 -0.199953
v 0.045769 0.035184 -0.262592
v 0.047642 0.028829 -0.268800
v 0.066377 0.018780 -0.277289
v 0.058843 0.020142 -0.276708
v 0.052275 0.023947 -0.273304
v 0.010775 0.353024 -0.239171
v 0.014398 0.322708 -0.093979
v 0.016709 0.311059 -0.168070
v 0.045658 0.339888 -0.068545
v 0.030473 0.328198 -0.091733
v 0.010118 0.510562 -0.632670
v 0.057427 0.504133 -0.038556
v 0.056212 0.502483 -0.016886
v 0.054057 0.504829 0.028097
v 0.012397 0.450088 -0.239593
v 0.021921 0.450995 -0.242511
v 0.024982 0.480110 -0.234499
v 0.043186 0.490622 -0.204963
v 0.053770 0.505474 -0.159289
v 0.058209 0.510348 -0.140793
v 0.059927 0.511767 -0.119729
v 0.058543 0.508880 -0.080589
v 0.058339 0.506284 -0.059673
v 0.013213 0.481064 -0.405101
v 0.014014 0.482137 -0.428199
v 0.029681 0.434562 -0.404116
v 0.019427 0.419457 -0.404154
v 0.013731 0.488216 -0.494120
v 0.013207 0.490672 -0.514043
v 0.019832 0.426399 -0.506577
v 0.012044 0.496608 -0.552467
v 0.010369 0.500207 -0.571853
v 0.010357 0.482388 -0.333177
v 0.011391 0.481437 -0.358339
v 0.026790 0.440263 -0.352568
v 0.017186 0.426198 -0.351667
v 0.077407 0.205008 -0.244503
v 0.044020 0.205256 -0.244896
v 0.042265 0.195636 -0.225160
v 0.082886 0.199641 -0.234742
v 0.054076 0.185744 -0.203362
v 0.073567 0.209592 -0.252978
v 0.050509 0.209921 -0.252469
v 0.077751 0.185742 -0.205325
v 0.057674 0.212250 -0.256970
v 0.062928 0.212749 -0.258909
v 0.087219 0.194635 -0.224020
v 0.069610 0.211823 -0.257197
v 0.066954 0.183920 -0.199926
v 0.042403 0.200340 -0.235568
v 0.038618 0.216027 -0.224488
v 0.040182 0.219992 -0.236461
v 0.043905 0.207759 -0.196558
v 0.082376 0.219701 -0.235956
v 0.039926 0.212295 -0.211636
v 0.087916 0.215976 -0.223006
v 0.088070 0.207246 -0.195948
v 0.066547 0.202518 -0.180170
v 0.052184 0.204191 -0.184841
v 0.076108 0.223514 -0.245588
v 0.070204 0.225410 -0.249983
v 0.046312 0.223874 -0.244867
v 0.091039 0.211834 -0.209398
v 0.062651 0.226380 -0.251756
v 0.055290 0.225814 -0.249906
v 0.079179 0.204074 -0.184704
v 0.018383 0.303133 -0.194306
v 0.083284 0.316398 -0.227635
v 0.022631 0.302346 -0.170901
v 0.095162 0.313492 -0.184286
v 0.093783 0.311299 -0.138473
v 0.098260 0.312109 -0.161121
v 0.029876 0.302362 -0.146637
v 0.020139 0.305802 -0.218258
v 0.041962 0.302779 -0.126867
v 0.083086 0.310712 -0.118117
v 0.087989 0.314779 -0.206014
v 0.061906 0.306231 -0.114732
v 0.028012 0.312085 -0.238096
v 0.057439 0.318085 -0.253932
v 0.041471 0.317056 -0.250983
v 0.050605 0.256057 -0.244555
v 0.061190 0.256789 -0.246520
v 0.085144 0.402316 -0.089391
v 0.079657 0.383245 -0.087883
v 0.096849 0.375911 -0.116333
v 0.098048 0.397247 -0.119737
v 0.012738 0.394392 -0.249470
v 0.012047 0.374711 -0.247072
v 0.101104 0.371899 -0.136766
v 0.101378 0.394505 -0.140353
v 0.101295 0.370776 -0.161256
v 0.101541 0.392909 -0.164114
v 0.084334 0.393872 -0.231816
v 0.073121 0.374173 -0.250124
v 0.073025 0.394737 -0.248973
v 0.024631 0.430240 -0.246876
v 0.085199 0.401191 -0.071230
v 0.078996 0.383655 -0.069494
v 0.109409 0.391643 0.063748
v 0.107590 0.393007 0.040124
v 0.104038 0.371316 0.037901
v 0.084031 0.382787 -0.051021
v 0.090205 0.400539 -0.052637
v 0.090359 0.381610 -0.030821
v 0.096324 0.399284 -0.032024
v 0.104354 0.395742 0.014985
v 0.100219 0.375186 0.014245
v 0.083773 0.332937 -0.228072
v 0.012697 0.313906 -0.193089
v 0.072159 0.255583 -0.242977
v 0.041408 0.254122 -0.235655
v 0.065861 0.234086 -0.150831
v 0.087348 0.249678 -0.220044
v 0.081606 0.234779 -0.156328
v 0.049910 0.234244 -0.154970
v 0.054740 0.142887 -0.286049
v 0.057795 0.144037 -0.293204
v 0.063284 0.144626 -0.295287
v 0.068035 0.133043 -0.242812
v 0.087345 0.435650 -0.210931
v 0.091369 0.435940 -0.188693
v 0.091006 0.350657 -0.207796
v 0.096034 0.350548 -0.183908
v 0.095391 0.415379 -0.188522
v 0.090506 0.415266 -0.211694
v 0.017923 0.513591 -0.189280
v 0.019227 0.518463 -0.175201
v 0.034832 0.506282 -0.189589
v 0.036203 0.511191 -0.175368
v 0.079457 0.454323 -0.206353
v 0.084060 0.455554 -0.186785
v 0.050591 0.499270 -0.176559
v 0.047418 0.494551 -0.191700
v 0.035083 0.251230 -0.220841
v 0.039514 0.237212 -0.170167
v 0.095993 0.241052 -0.186955
v 0.092583 0.237131 -0.169314
v 0.092797 0.245853 -0.203265
v 0.033918 0.241961 -0.188723
v 0.081433 0.252818 -0.233488
v 0.031516 0.247037 -0.205723
v 0.097081 0.371302 -0.185313
v 0.092089 0.372046 -0.209303
v 0.091721 0.393718 -0.210700
v 0.097875 0.393297 -0.187311
v 0.022502 0.469272 -0.284337
v 0.017689 0.480233 -0.285468
v 0.023952 0.464677 -0.306334
v 0.019540 0.476555 -0.308027
v 0.013664 0.507026 -0.622289
v 0.005426 0.514388 -0.639890
v 0.005657 0.513023 -0.643413
v 0.016794 0.483653 -0.266322
v 0.021545 0.473761 -0.265057
v 0.026542 0.471319 -0.380623
v 0.031065 0.472906 -0.452934
v 0.037681 0.452643 -0.454621
v 0.031176 0.475398 -0.475113
v 0.034216 0.466523 -0.541911
v 0.028773 0.483824 -0.536286
v 0.020369 0.498204 -0.593022
v 0.017192 0.502773 -0.608507
v 0.022146 0.478227 -0.241893
v 0.017163 0.488140 -0.242269
v 0.021393 0.476855 -0.250148
v 0.016745 0.486343 -0.251260
v 0.028295 0.470513 -0.403921
v 0.035794 0.452161 -0.429799
v 0.029813 0.471328 -0.428613
v 0.030727 0.477339 -0.496258
v 0.036364 0.457558 -0.500885
v 0.035697 0.461617 -0.521640
v 0.029753 0.480461 -0.516719
v 0.026327 0.488145 -0.555499
v 0.031700 0.472550 -0.562782
v 0.028298 0.479868 -0.582002
v 0.023252 0.492916 -0.574995
v 0.021832 0.474223 -0.331795
v 0.026549 0.460427 -0.329488
v 0.024348 0.472816 -0.357219
v 0.010221 0.496083 -0.233293
v 0.014188 0.503953 -0.213317
v 0.005644 0.499757 -0.643398
v 0.003954 0.505505 -0.645891
v 0.005054 0.509542 -0.645725
v 0.019739 0.489856 -0.233395
v 0.011153 0.316090 -0.165917
v 0.018290 0.314479 -0.140444
v 0.076978 0.012207 -0.203992
v 0.079226 0.012473 -0.203875
v 0.080460 0.024740 -0.273458
v 0.074504 0.020561 -0.276004
v 0.058824 0.060626 -0.247178
v 0.084755 0.030427 -0.269280
v 0.087140 0.036411 -0.263591
v 0.075312 0.049139 -0.244473
v 0.066756 0.011598 -0.202054
v 0.068597 0.011691 -0.202752
v 0.067866 0.008370 -0.199310
v 0.068615 0.008368 -0.199366
v 0.068656 0.007430 -0.199439
v 0.067849 0.007412 -0.199366
v 0.066714 0.007016 -0.201884
v 0.068833 0.007089 -0.202603
v 0.049510 0.051985 -0.273334
v 0.051826 0.007370 -0.214299
v 0.051779 0.008170 -0.213997
v 0.051033 0.008230 -0.213894
v 0.051027 0.007395 -0.214168
v 0.069983 0.013017 -0.204132
v 0.063331 0.012912 -0.202193
v 0.070553 0.006061 -0.203973
v 0.063660 0.006028 -0.201961
v 0.072319 0.007535 -0.206725
v 0.072081 0.013419 -0.207769
v 0.068738 0.022135 -0.208048
v 0.062913 0.021422 -0.207513
v 0.071978 0.020538 -0.210444
v 0.071960 0.030647 -0.215569
v 0.057292 0.002894 -0.244112
v 0.068432 0.031985 -0.213814
v 0.061205 0.003414 -0.238345
v 0.071411 0.035355 -0.221346
v 0.067314 0.037524 -0.220066
v 0.063105 0.031868 -0.213927
v 0.052918 0.031708 -0.232134
v 0.061961 0.037239 -0.220346
v 0.057995 0.006132 -0.209263
v 0.056234 0.012805 -0.210413
v 0.056479 0.020123 -0.214190
v 0.056380 0.027988 -0.217883
v 0.045364 0.028087 -0.232883
v 0.056617 0.033082 -0.223245
v 0.054110 0.006067 -0.218263
v 0.053832 0.012858 -0.216803
v 0.054089 0.017970 -0.218758
v 0.054190 0.024135 -0.222344
v 0.053659 0.028643 -0.226478
v 0.069056 0.004296 -0.236748
v 0.070544 0.037592 -0.227404
v 0.069113 0.039801 -0.235299
v 0.068202 0.041963 -0.238514
v 0.066338 0.039248 -0.226940
v 0.061602 0.039170 -0.226878
v 0.058439 0.039419 -0.235317
v 0.065373 0.040041 -0.232285
v 0.061507 0.040101 -0.231613
v 0.057954 0.036354 -0.229677
v 0.067271 0.001293 -0.217291
v 0.067983 0.001525 -0.211485
v 0.071943 0.005453 -0.208567
v 0.058978 0.002166 -0.216503
v 0.061436 0.002185 -0.210336
v 0.068272 0.002736 -0.206450
v 0.063974 0.002877 -0.205733
v 0.071688 0.004090 -0.212441
v 0.071168 0.003474 -0.218510
v 0.052038 0.006907 -0.217510
v 0.051537 0.010942 -0.216536
v 0.049215 0.010865 -0.216471
v 0.049780 0.006861 -0.217287
v 0.046323 0.012309 -0.217569
v 0.047456 0.005648 -0.217993
v 0.042126 0.011234 -0.226794
v 0.043145 0.005020 -0.226332
v 0.059403 0.001924 -0.224048
v 0.056029 0.004504 -0.226676
v 0.057458 0.003164 -0.232902
v 0.066589 0.001871 -0.223586
v 0.066075 0.002674 -0.229288
v 0.060666 0.002226 -0.229680
v 0.070140 0.003290 -0.232880
v 0.070722 0.004231 -0.224336
v 0.052529 0.003093 -0.221114
v 0.049112 0.002455 -0.220770
v 0.053096 0.001617 -0.227143
v 0.053952 0.001143 -0.232972
v 0.046152 0.001396 -0.227642
v 0.045658 0.001679 -0.235418
v 0.053438 0.001405 -0.238468
v 0.048002 0.001898 -0.240194
v 0.054880 0.002782 -0.240709
v 0.046527 0.006427 -0.245713
v 0.042954 0.004642 -0.235980
v 0.041618 0.011314 -0.235763
v 0.042894 0.012266 -0.243588
v 0.046429 0.017835 -0.220362
v 0.047322 0.023086 -0.222871
v 0.043274 0.018518 -0.227080
v 0.042631 0.019135 -0.235177
v 0.043157 0.020015 -0.242173
v 0.045560 0.026291 -0.227087
v 0.046814 0.005296 -0.251207
v 0.043721 0.013314 -0.251985
v 0.068167 0.001678 -0.241848
v 0.063043 0.001546 -0.242043
v 0.058931 0.000860 -0.250860
v 0.051433 0.002676 -0.254432
v 0.067624 0.000733 -0.251180
v 0.058901 0.001224 -0.262497
v 0.066831 0.001324 -0.263737
v 0.049657 0.007556 -0.263476
v 0.052027 0.002998 -0.259338
v 0.045163 0.016235 -0.259894
v 0.043565 0.021631 -0.248248
v 0.044231 0.025505 -0.253883
v 0.066648 0.003451 -0.268477
v 0.058521 0.003712 -0.267657
v 0.045853 0.029779 -0.238750
v 0.052005 0.034169 -0.236917
v 0.046030 0.031098 -0.243973
v 0.051515 0.036433 -0.240360
v 0.057918 0.041086 -0.238298
v 0.046421 0.033590 -0.248036
v 0.051481 0.039507 -0.243895
v 0.058014 0.043077 -0.240235
v 0.067914 0.043797 -0.240200
v 0.051897 0.046301 -0.249002
v 0.047416 0.041306 -0.254732
v 0.077903 0.006886 -0.200218
v 0.078690 0.006913 -0.200169
v 0.079581 0.007005 -0.203721
v 0.077053 0.006742 -0.203730
v 0.091451 0.006662 -0.218708
v 0.091607 0.007273 -0.218433
v 0.092049 0.007293 -0.218469
v 0.091922 0.006659 -0.218743
v 0.074688 0.013557 -0.204561
v 0.082140 0.014017 -0.204579
v 0.074620 0.005616 -0.203911
v 0.082440 0.006832 -0.203871
v 0.052694 0.058248 -0.252454
v 0.083156 0.057377 -0.259466
v 0.074954 0.021843 -0.209015
v 0.082015 0.022244 -0.210181
v 0.079608 0.058846 -0.252493
v 0.079077 0.003703 -0.247585
v 0.074986 0.031541 -0.214469
v 0.075557 0.004470 -0.239464
v 0.074498 0.036600 -0.220855
v 0.080714 0.031176 -0.215853
v 0.085952 0.029269 -0.234922
v 0.079687 0.036315 -0.221932
v 0.086469 0.006128 -0.211335
v 0.087097 0.013158 -0.212350
v 0.086007 0.020037 -0.214942
v 0.084807 0.027418 -0.219101
v 0.091891 0.026517 -0.237063
v 0.084055 0.032535 -0.224530
v 0.088249 0.005306 -0.221693
v 0.088432 0.012048 -0.219889
v 0.088435 0.016991 -0.222124
v 0.087543 0.022081 -0.225167
v 0.086996 0.026877 -0.229318
v 0.083792 0.054744 -0.266887
v 0.073921 0.038060 -0.227707
v 0.078263 0.038144 -0.228268
v 0.079720 0.037560 -0.235099
v 0.072763 0.039256 -0.232757
v 0.076945 0.039305 -0.232273
v 0.081909 0.035212 -0.230489
v 0.074691 0.001019 -0.218261
v 0.075291 0.001308 -0.212097
v 0.049226 0.056554 -0.258898
v 0.082774 0.001549 -0.218994
v 0.082257 0.001884 -0.211945
v 0.075585 0.002488 -0.207613
v 0.080264 0.002616 -0.207249
v 0.081165 0.051929 -0.273468
v 0.073899 0.060402 -0.247040
v 0.090303 0.006713 -0.221098
v 0.090470 0.010670 -0.220296
v 0.092584 0.010753 -0.221263
v 0.092392 0.006488 -0.221890
v 0.094894 0.011724 -0.223332
v 0.095287 0.005684 -0.224237
v 0.097860 0.012841 -0.232127
v 0.097066 0.005866 -0.233233
v 0.081125 0.001580 -0.225737
v 0.085464 0.004105 -0.227929
v 0.081637 0.004659 -0.234751
v 0.074318 0.001465 -0.224286
v 0.074211 0.001980 -0.229694
v 0.078975 0.002094 -0.229970
v 0.077717 0.048889 -0.279642
v 0.072696 0.047542 -0.284170
v 0.090276 0.002340 -0.224804
v 0.093432 0.002562 -0.225772
v 0.088215 0.001505 -0.229490
v 0.085771 0.001350 -0.236196
v 0.094732 0.002229 -0.233510
v 0.093735 0.001500 -0.239904
v 0.084180 0.002294 -0.243007
v 0.090496 0.001679 -0.245319
v 0.082188 0.004222 -0.244289
v 0.091782 0.005926 -0.248831
v 0.096963 0.006084 -0.240693
v 0.097321 0.013180 -0.240792
v 0.094894 0.013583 -0.248520
v 0.093456 0.017741 -0.224456
v 0.091808 0.021871 -0.226422
v 0.095965 0.018781 -0.231518
v 0.095666 0.019871 -0.239557
v 0.093936 0.020660 -0.246057
v 0.092814 0.025064 -0.231180
v 0.087734 0.006419 -0.254070
v 0.091198 0.014223 -0.254816
v 0.047184 0.054744 -0.266145
v 0.073660 0.002801 -0.242554
v 0.076312 0.001564 -0.251376
v 0.084431 0.003790 -0.255725
v 0.053773 0.049249 -0.279771
v 0.075980 0.002070 -0.263861
v 0.059224 0.047702 -0.284136
v 0.084144 0.009985 -0.265704
v 0.082854 0.004162 -0.261804
v 0.088551 0.016620 -0.261442
v 0.092144 0.022157 -0.252837
v 0.090286 0.025515 -0.257557
v 0.066030 0.047026 -0.285505
v 0.075787 0.004462 -0.268098
v 0.066966 0.060886 -0.244705
v 0.090546 0.027749 -0.242938
v 0.084381 0.031354 -0.240225
v 0.089060 0.029715 -0.248143
v 0.083462 0.033992 -0.243674
v 0.078210 0.040256 -0.238800
v 0.087759 0.032499 -0.251939
v 0.083124 0.037386 -0.246648
v 0.077103 0.043275 -0.241590
v 0.081725 0.046163 -0.250180
v 0.085127 0.041604 -0.257015
v 0.057674 0.162398 -0.293450
v 0.063575 0.162997 -0.294587
v 0.069817 0.161840 -0.292813
v 0.069787 0.166358 -0.289667
v 0.027297 0.497522 -0.214767
v 0.039078 0.486772 -0.216584
v 0.063572 0.169133 -0.291322
v 0.057761 0.167602 -0.290141
v 0.048095 0.160534 -0.260945
v 0.071123 0.169409 -0.275903
v 0.049045 0.156484 -0.252956
v 0.078648 0.161388 -0.261327
v 0.081873 0.153613 -0.244684
v 0.081129 0.157973 -0.254078
v 0.053414 0.152382 -0.243644
v 0.052235 0.164517 -0.268898
v 0.058816 0.149079 -0.236595
v 0.076870 0.150234 -0.238088
v 0.073480 0.164804 -0.268800
v 0.068355 0.148087 -0.233615
v 0.055595 0.169480 -0.276234
v 0.069298 0.173637 -0.282159
v 0.063205 0.175843 -0.284822
v 0.057894 0.173489 -0.282366
v 0.048567 0.172796 -0.253894
v 0.071274 0.182255 -0.268481
v 0.048467 0.167442 -0.245904
v 0.077193 0.172233 -0.254177
v 0.082838 0.162833 -0.237992
v 0.081716 0.167522 -0.246590
v 0.051596 0.162313 -0.236738
v 0.051965 0.177570 -0.261634
v 0.057792 0.159038 -0.228756
v 0.077345 0.159205 -0.230309
v 0.072293 0.176382 -0.260734
v 0.068210 0.157112 -0.225351
v 0.055910 0.182294 -0.267577
v 0.069122 0.186162 -0.273572
v 0.063647 0.187854 -0.274966
v 0.059669 0.187251 -0.273364
v 0.046459 0.186288 -0.246033
v 0.071689 0.195122 -0.261350
v 0.045883 0.180385 -0.236872
v 0.079086 0.183891 -0.246112
v 0.083383 0.173734 -0.229051
v 0.083905 0.178520 -0.237377
v 0.048809 0.174378 -0.226481
v 0.048252 0.190882 -0.253525
v 0.055770 0.170392 -0.218129
v 0.077496 0.169754 -0.221076
v 0.074311 0.189220 -0.253308
v 0.067633 0.168220 -0.214831
v 0.053377 0.195511 -0.260458
v 0.068817 0.199022 -0.265695
v 0.063524 0.200363 -0.266807
v 0.059038 0.199484 -0.265310
v 0.039950 0.414695 -0.256970
v 0.027779 0.260251 -0.200727
v 0.040119 0.395005 -0.259372
v 0.065843 0.249244 -0.139666
v 0.038823 0.372141 -0.259787
v 0.038258 0.353270 -0.258476
v 0.031272 0.256036 -0.181157
v 0.088933 0.332110 -0.206225
v 0.058814 0.321456 -0.112952
v 0.023917 0.330893 -0.244264
v 0.073435 0.333887 -0.247540
v 0.056956 0.336005 -0.257142
v 0.039382 0.334772 -0.254958
v 0.052356 0.332134 -0.102855
v 0.069485 0.345126 -0.100063
v 0.047791 0.338698 -0.086994
v 0.062023 0.352066 -0.084951
v 0.036153 0.271173 -0.154396
v 0.034574 0.288250 -0.150557
v 0.094472 0.289777 -0.143877
v 0.095459 0.271114 -0.150246
v 0.044614 0.287615 -0.130416
v 0.047504 0.267481 -0.137654
v 0.026251 0.280007 -0.218634
v 0.024201 0.292964 -0.217515
v 0.083945 0.269364 -0.132621
v 0.083358 0.289782 -0.124705
v 0.043198 0.299900 -0.246948
v 0.045270 0.285183 -0.244965
v 0.030871 0.297101 -0.236108
v 0.033315 0.283085 -0.235450
v 0.059199 0.286322 -0.247615
v 0.073191 0.285978 -0.243278
v 0.093376 0.276738 -0.189951
v 0.094945 0.294342 -0.186176
v 0.088687 0.280543 -0.210384
v 0.087950 0.297115 -0.207695
v 0.083946 0.299076 -0.228684
v 0.083443 0.283962 -0.229444
v 0.098674 0.273427 -0.171049
v 0.099137 0.291125 -0.165731
v 0.025212 0.276236 -0.196843
v 0.023201 0.289769 -0.195239
v 0.065578 0.266903 -0.128370
v 0.064158 0.287176 -0.118527
v 0.027658 0.288332 -0.173772
v 0.029197 0.273145 -0.176473
v 0.087198 0.379723 -0.102301
v 0.090353 0.399912 -0.104831
v 0.056913 0.395371 -0.258497
v 0.043339 0.461720 -0.236586
v 0.076463 0.470931 -0.045058
v 0.078655 0.470642 -0.023619
v 0.081138 0.471517 0.022288
v 0.078700 0.476783 -0.165857
v 0.082887 0.479809 -0.146135
v 0.085531 0.482173 -0.126778
v 0.075842 0.475886 -0.087288
v 0.074864 0.472926 -0.067008
v 0.080545 0.478888 -0.106203
v 0.069271 0.469099 -0.200923
v 0.074036 0.472826 -0.183640
v 0.074355 0.496068 -0.103539
v 0.058148 0.482008 -0.195645
v 0.069380 0.487756 -0.042234
v 0.068899 0.486760 -0.020506
v 0.068232 0.488739 0.025257
v 0.053690 0.478176 -0.209328
v 0.067664 0.491303 -0.162428
v 0.073242 0.495193 -0.143115
v 0.076880 0.497182 -0.123419
v 0.070947 0.493180 -0.084242
v 0.069628 0.490469 -0.063032
v 0.062561 0.486223 -0.180246
v 0.047881 0.474662 -0.222136
v 0.038755 0.472274 -0.231112
v 0.011942 0.499340 -0.223664
v 0.023826 0.493191 -0.224718
v 0.032199 0.483139 -0.227020
v 0.020316 0.523002 0.010599
v 0.038608 0.515492 0.008887
v 0.089343 0.453412 -0.004111
v 0.096875 0.436281 -0.006993
v 0.101408 0.417070 -0.008607
v 0.084654 0.358723 -0.009619
v 0.054494 0.502757 0.006219
v 0.100736 0.397834 -0.009535
v 0.095366 0.379124 -0.009769
v 0.079479 0.471117 -0.000825
v 0.067764 0.487201 0.002708
v 0.020043 0.456617 -0.283158
v 0.012508 0.439650 -0.303549
v 0.008485 0.490193 -0.637896
v 0.063164 0.450949 -0.235704
v 0.035061 0.445854 -0.245667
v 0.037643 0.431646 -0.251816
v 0.073549 0.353746 -0.249326
v 0.044407 0.298772 0.007926
v 0.063700 0.314079 0.009932
v 0.020887 0.475462 -0.607021
v 0.068641 0.434607 -0.242115
v 0.071755 0.415788 -0.246513
v 0.031518 0.433833 -0.430601
v 0.020558 0.419075 -0.431511
v 0.031419 0.445484 -0.525677
v 0.027075 0.457726 -0.568703
v 0.024516 0.466123 -0.588644
v 0.014533 0.433002 -0.326740
v 0.073104 0.317437 -0.245926
v 0.058097 0.300788 -0.249573
v 0.056642 0.373609 -0.260029
v 0.059471 0.321789 -0.011403
v 0.073251 0.339829 -0.010006
v 0.083654 0.683826 0.371701
v 0.088522 0.668996 0.364444
v 0.092873 0.641254 0.347200
v 0.057647 0.708200 0.385366
v 0.054426 0.703948 0.385486
v 0.050229 0.693113 0.389120
v 0.033143 0.662397 0.374052
v 0.061632 0.710184 0.386997
v 0.048172 0.693674 0.384565
v 0.039617 0.671118 0.386761
v 0.061205 0.711043 0.386401
v 0.057881 0.708124 0.387208
v 0.054564 0.703778 0.387904
v 0.051445 0.698889 0.388272
v 0.048509 0.693859 0.388250
v 0.037216 0.671972 0.385085
v 0.032686 0.663125 0.382665
v 0.070827 0.709239 0.383904
v 0.074402 0.704052 0.382175
v 0.071001 0.710042 0.383042
v 0.075022 0.704689 0.381049
v 0.079883 0.695612 0.378145
v 0.086025 0.682755 0.373932
v 0.090917 0.667547 0.367809
v 0.093364 0.652970 0.360849
v 0.095361 0.639118 0.353252
v 0.095831 0.627052 0.346417
v 0.049739 0.649151 0.322823
v 0.056905 0.643517 0.316503
v 0.032849 0.653452 0.381889
v 0.029038 0.655493 0.379840
v 0.029157 0.655131 0.369532
v 0.031506 0.653488 0.353870
v 0.034746 0.651774 0.337880
v 0.038915 0.648118 0.324848
v 0.044676 0.641872 0.314927
v 0.052019 0.634362 0.308542
v 0.065716 0.637582 0.314187
v 0.075265 0.630848 0.315916
v 0.061220 0.626899 0.305798
v 0.071675 0.619410 0.306911
v 0.084879 0.623955 0.321876
v 0.093560 0.618425 0.331225
v 0.092016 0.607710 0.323204
v 0.095206 0.617167 0.345967
v 0.096468 0.607542 0.342256
v 0.097402 0.616373 0.340494
v 0.098553 0.606133 0.334569
v 0.026403 0.649193 0.377470
v 0.025645 0.649460 0.365769
v 0.026859 0.648722 0.348911
v 0.028996 0.647289 0.332198
v 0.032583 0.642383 0.318566
v 0.037946 0.634693 0.308027
v 0.054768 0.616681 0.296282
v 0.096825 0.595348 0.329869
v 0.071251 0.609399 0.348249
v 0.057850 0.688000 0.385164
v 0.053475 0.623848 0.355804
v 0.031518 0.640377 0.380593
v 0.023038 0.644558 0.377895
v 0.089747 0.591603 0.340918
v 0.021364 0.645268 0.363236
v 0.021541 0.645021 0.345875
v 0.022796 0.644073 0.328749
v 0.025792 0.638576 0.313527
v 0.030753 0.630638 0.300767
v 0.037597 0.621193 0.289396
v 0.096922 0.574158 0.325985
v 0.015556 0.643069 0.361769
v 0.015495 0.641861 0.344997
v 0.015353 0.642626 0.328304
v 0.017911 0.636637 0.310552
v 0.022948 0.629405 0.295943
v 0.008043 0.644815 0.361989
v 0.007435 0.642557 0.344598
v 0.007462 0.643047 0.327707
v 0.008060 0.637197 0.308382
v 0.060802 0.705784 0.386977
v 0.064271 0.704694 0.385464
v 0.068303 0.703881 0.384079
v 0.072101 0.703431 0.383032
v 0.071403 0.705231 0.378276
v 0.067021 0.706317 0.378316
v 0.062240 0.707310 0.379845
v 0.058600 0.707710 0.382670
v 0.074191 0.697241 0.375141
v 0.067874 0.699660 0.375369
v 0.061490 0.701982 0.377485
v 0.056304 0.703312 0.381569
v 0.058952 0.701358 0.387210
v 0.063821 0.699652 0.384583
v 0.069259 0.697737 0.382372
v 0.075074 0.695708 0.380890
v 0.057103 0.695866 0.387243
v 0.063396 0.694181 0.383444
v 0.070248 0.690584 0.380172
v 0.079003 0.684015 0.377433
v 0.077869 0.685115 0.369813
v 0.068936 0.691605 0.371820
v 0.060999 0.695717 0.374831
v 0.053998 0.697320 0.379509
v 0.045022 0.687695 0.383346
v 0.047133 0.687226 0.388862
v 0.041562 0.680761 0.386776
v 0.045331 0.688082 0.387806
v 0.070158 0.707761 0.384238
v 0.062235 0.708605 0.386816
v 0.064495 0.708690 0.386111
v 0.067492 0.708484 0.385170
v 0.067371 0.711117 0.385275
v 0.064296 0.711202 0.386267
v 0.064067 0.712213 0.385674
v 0.067277 0.712120 0.384612
v 0.069461 0.709570 0.380338
v 0.060698 0.710467 0.383312
v 0.066528 0.710675 0.381045
v 0.063161 0.710960 0.382149
v 0.063727 0.712281 0.384249
v 0.039424 0.640940 0.375136
v 0.042118 0.658491 0.381055
v 0.050877 0.685009 0.387600
v 0.044445 0.653779 0.332777
v 0.039998 0.656934 0.345735
v 0.036029 0.659834 0.360717
v 0.077814 0.640954 0.325242
v 0.068757 0.646842 0.323748
v 0.040447 0.667923 0.367669
v 0.044942 0.663518 0.354757
v 0.049305 0.659510 0.342414
v 0.053907 0.655640 0.332678
v 0.060604 0.651452 0.326137
v 0.084909 0.605050 0.343980
v 0.061769 0.617655 0.349106
v 0.073979 0.614197 0.344870
v 0.061800 0.622978 0.344204
v 0.052505 0.630272 0.352331
v 0.056095 0.681302 0.383908
v 0.077034 0.621424 0.344674
v 0.063206 0.631233 0.343775
v 0.054110 0.672782 0.381589
v 0.052875 0.639289 0.353555
v 0.054458 0.648715 0.359020
v 0.064561 0.640655 0.347255
v 0.078395 0.630264 0.346329
v 0.087813 0.642916 0.357030
v 0.086976 0.645799 0.340454
v 0.085107 0.657903 0.351203
v 0.083001 0.670744 0.361226
v 0.044289 0.676734 0.372849
v 0.047406 0.684544 0.376114
v 0.050193 0.691235 0.378409
v 0.059193 0.691849 0.385431
v 0.063568 0.689507 0.381954
v 0.069826 0.685382 0.378315
v 0.076049 0.681054 0.376530
v 0.077996 0.672032 0.372592
v 0.078668 0.660701 0.365483
v 0.078780 0.649800 0.357275
v 0.079137 0.639820 0.350477
v 0.066275 0.649633 0.354124
v 0.057417 0.657967 0.366421
v 0.068113 0.658733 0.362250
v 0.060176 0.666797 0.372964
v 0.069601 0.668392 0.369800
v 0.061963 0.675849 0.377576
v 0.070071 0.677908 0.375320
v 0.063071 0.683844 0.380307
v 0.078645 0.651027 0.336191
v 0.077143 0.661802 0.348549
v 0.076176 0.672094 0.358962
v 0.074977 0.680408 0.365789
v 0.068654 0.684182 0.367426
v 0.061240 0.688649 0.370871
v 0.055841 0.691677 0.374496
v 0.054366 0.685842 0.371876
v 0.052382 0.678606 0.367853
v 0.049155 0.671220 0.362565
v 0.069884 0.655781 0.335685
v 0.062978 0.658398 0.337288
v 0.057348 0.661662 0.342868
v 0.053830 0.665972 0.351594
v 0.059643 0.666350 0.349658
v 0.063505 0.664188 0.346139
v 0.067757 0.666295 0.349785
v 0.068456 0.675812 0.360478
v 0.058886 0.671832 0.357564
v 0.060622 0.680564 0.365552
v 0.084744 0.589141 0.348028
v 0.079352 0.598403 0.353401
v 0.063179 0.617089 0.359337
v 0.054235 0.622807 0.364075
v 0.042039 0.629548 0.380261
v 0.032403 0.635684 0.385896
v 0.015446 0.646147 0.377067
v 0.008110 0.646932 0.377442
v 0.015376 0.640177 0.385924
v 0.007967 0.640270 0.385899
v 0.055026 0.493983 0.355404
v 0.010523 0.484531 0.386405
v 0.008225 0.479680 0.398328
v 0.007219 0.474931 0.407629
v 0.005649 0.469332 0.423030
v 0.005059 0.466537 0.429559
v 0.003514 0.465035 0.448608
v 0.031501 0.487156 0.368911
v 0.019705 0.484749 0.389827
v 0.027944 0.571820 0.420299
v 0.027637 0.574068 0.421221
v 0.028435 0.577281 0.422419
v 0.029461 0.579545 0.423736
v 0.031766 0.582138 0.424646
v 0.034335 0.584178 0.424902
v 0.038614 0.585614 0.424492
v 0.042577 0.585006 0.423149
v 0.046054 0.583226 0.420822
v 0.048634 0.581595 0.418895
v 0.050330 0.580047 0.417272
v 0.051463 0.578867 0.415742
v 0.051967 0.577811 0.414236
v 0.051885 0.576877 0.412494
v 0.051570 0.575835 0.412198
v 0.051000 0.573877 0.413659
v 0.049915 0.571986 0.415619
v 0.047670 0.569534 0.418073
v 0.043812 0.567877 0.420026
v 0.039719 0.567490 0.421952
v 0.036177 0.568380 0.422413
v 0.032746 0.569580 0.421431
v 0.030120 0.570538 0.420141
v 0.027275 0.571187 0.421905
v 0.026974 0.573596 0.422600
v 0.026985 0.577590 0.422675
v 0.028277 0.580196 0.423536
v 0.030741 0.583043 0.424302
v 0.033519 0.585209 0.424575
v 0.038264 0.586865 0.424347
v 0.042602 0.586561 0.423011
v 0.046573 0.585083 0.420479
v 0.053497 0.609239 0.393217
v 0.049592 0.583630 0.418208
v 0.051277 0.582052 0.416799
v 0.052706 0.580477 0.415349
v 0.053452 0.578790 0.414087
v 0.053633 0.577361 0.412692
v 0.053063 0.575855 0.411969
v 0.052338 0.573975 0.412730
v 0.050887 0.571431 0.415223
v 0.048065 0.568731 0.417858
v 0.043996 0.567039 0.420075
v 0.039739 0.566491 0.422226
v 0.035767 0.567441 0.422745
v 0.032454 0.568605 0.421967
v 0.029193 0.569909 0.421590
v 0.032071 0.581385 0.423540
v 0.034946 0.583623 0.423896
v 0.038581 0.584841 0.423637
v 0.042150 0.584143 0.422202
v 0.045245 0.582369 0.420092
v 0.047457 0.580547 0.418426
v 0.049094 0.579029 0.416944
v 0.050019 0.577964 0.415252
v 0.050257 0.577299 0.413479
v 0.050354 0.576733 0.412332
v 0.050151 0.575728 0.412265
v 0.049700 0.574021 0.413829
v 0.048592 0.572327 0.415423
v 0.046465 0.570112 0.417355
v 0.042700 0.568495 0.418767
v 0.039133 0.567930 0.420153
v 0.035937 0.568669 0.419752
v 0.033064 0.569756 0.419400
v 0.030702 0.570651 0.418173
v 0.030365 0.579285 0.422594
v 0.029277 0.577318 0.421070
v 0.028336 0.574824 0.418764
v 0.028672 0.572392 0.418198
v 0.027936 0.575618 0.421786
v 0.026909 0.575498 0.422640
v 0.028623 0.575944 0.419780
v 0.032807 0.586753 0.424225
v 0.048850 0.566745 0.416574
v 0.037795 0.588916 0.424070
v 0.042616 0.589226 0.422426
v 0.047396 0.588348 0.419571
v 0.064969 0.571057 0.386868
v 0.050844 0.586727 0.416640
v 0.052723 0.584782 0.414878
v 0.054198 0.582614 0.413333
v 0.055066 0.580196 0.412156
v 0.055238 0.577982 0.411071
v 0.054467 0.575775 0.410633
v 0.053625 0.573395 0.411159
v 0.052018 0.570292 0.413825
v 0.044349 0.564982 0.419253
v 0.039627 0.564572 0.421807
v 0.035296 0.565541 0.422635
v 0.031493 0.566985 0.421853
v 0.028386 0.568788 0.422104
v 0.029699 0.584170 0.423985
v 0.027096 0.580916 0.423381
v 0.025429 0.577801 0.423436
v 0.025081 0.575482 0.423349
v 0.025397 0.572885 0.423642
v 0.026284 0.569956 0.423474
v 0.032396 0.581574 0.421274
v 0.034245 0.583307 0.421181
v 0.037151 0.584602 0.420649
v 0.040544 0.584021 0.419765
v 0.043507 0.582249 0.418680
v 0.065727 0.578851 0.387629
v 0.045549 0.580456 0.417230
v 0.047165 0.579539 0.415915
v 0.048068 0.579015 0.414335
v 0.047976 0.579288 0.411634
v 0.048441 0.577535 0.411135
v 0.047924 0.576106 0.412204
v 0.046919 0.574720 0.413333
v 0.045996 0.573024 0.414612
v 0.044443 0.571286 0.415749
v 0.041141 0.569663 0.416498
v 0.038217 0.569117 0.416982
v 0.035388 0.569703 0.416830
v 0.032987 0.570378 0.416581
v 0.031307 0.571168 0.415734
v 0.030887 0.579508 0.420437
v 0.029750 0.577798 0.419190
v 0.028870 0.575633 0.416300
v 0.029093 0.573044 0.415925
v 0.029035 0.576584 0.417373
v 0.033272 0.582233 0.416327
v 0.038645 0.583559 0.415608
v 0.044089 0.581715 0.413504
v 0.066026 0.585573 0.389172
v 0.047417 0.579874 0.410593
v 0.048292 0.578463 0.407694
v 0.047327 0.575721 0.408265
v 0.044537 0.572569 0.410196
v 0.039277 0.570160 0.411638
v 0.033820 0.570188 0.411834
v 0.030271 0.571494 0.411240
v 0.029743 0.579061 0.415101
v 0.027969 0.576179 0.412790
v 0.028194 0.573475 0.411526
v 0.032195 0.589454 0.426446
v 0.050789 0.564145 0.414837
v 0.036849 0.591410 0.424468
v 0.042539 0.592152 0.421511
v 0.048168 0.591924 0.417773
v 0.064057 0.592262 0.391562
v 0.051629 0.590064 0.414242
v 0.053583 0.587336 0.411600
v 0.055183 0.584690 0.409997
v 0.056798 0.581483 0.408615
v 0.057063 0.578465 0.408166
v 0.056352 0.575097 0.407744
v 0.055547 0.572255 0.408459
v 0.053838 0.568258 0.411818
v 0.045280 0.561799 0.418576
v 0.039974 0.560865 0.421762
v 0.034642 0.561619 0.423926
v 0.030124 0.563377 0.424423
v 0.026915 0.565883 0.425006
v 0.028830 0.585933 0.427372
v 0.026175 0.581746 0.427805
v 0.024515 0.578186 0.427184
v 0.023779 0.574686 0.425983
v 0.023937 0.571568 0.425733
v 0.025191 0.568569 0.426128
v 0.029402 0.594375 0.428339
v 0.053227 0.559461 0.411264
v 0.034978 0.595633 0.424870
v 0.042624 0.596376 0.420923
v 0.049194 0.596438 0.416316
v 0.059957 0.599074 0.394670
v 0.053163 0.593998 0.411590
v 0.055411 0.590878 0.407577
v 0.057378 0.586888 0.404956
v 0.059255 0.582839 0.403196
v 0.059624 0.578765 0.402341
v 0.058482 0.574086 0.402386
v 0.058060 0.570286 0.403562
v 0.056457 0.564138 0.407142
v 0.047463 0.556667 0.416924
v 0.041630 0.555123 0.421316
v 0.034099 0.556792 0.425284
v 0.029562 0.558989 0.428435
v 0.025673 0.562351 0.428985
v 0.026102 0.590787 0.429673
v 0.023824 0.584898 0.430098
v 0.022385 0.579158 0.429782
v 0.021732 0.574158 0.429205
v 0.022102 0.569785 0.428995
v 0.023604 0.565857 0.429742
v 0.025312 0.601210 0.428376
v 0.054530 0.553823 0.405239
v 0.030092 0.602764 0.424937
v 0.041007 0.602611 0.419543
v 0.049068 0.601996 0.413911
v 0.053916 0.604954 0.400697
v 0.053773 0.598994 0.407559
v 0.057994 0.595002 0.402153
v 0.061022 0.589674 0.399424
v 0.062347 0.583718 0.397259
v 0.062442 0.578856 0.395804
v 0.061057 0.573112 0.394969
v 0.060531 0.566276 0.396616
v 0.058222 0.559787 0.401004
v 0.049550 0.550379 0.412446
v 0.043546 0.547819 0.418842
v 0.034235 0.550587 0.427228
v 0.028921 0.554196 0.433553
v 0.024220 0.558909 0.434836
v 0.021227 0.596106 0.429673
v 0.019096 0.588719 0.430283
v 0.018600 0.580481 0.431113
v 0.018827 0.574199 0.432319
v 0.019569 0.568958 0.433664
v 0.021358 0.563903 0.434519
v 0.023541 0.556534 0.438965
v 0.004775 0.518373 0.491939
v 0.004466 0.534159 0.503345
v 0.002241 0.530829 0.503032
v 0.001342 0.527079 0.500459
v 0.001556 0.520568 0.494766
v 0.002129 0.517307 0.491992
v 0.002941 0.514246 0.488995
v 0.003547 0.512091 0.486090
v 0.008342 0.514307 0.486698
v 0.013215 0.517789 0.486315
v 0.016702 0.522091 0.485228
v 0.018291 0.526621 0.484093
v 0.007385 0.516539 0.489471
v 0.012437 0.519682 0.488315
v 0.015659 0.523543 0.486927
v 0.016687 0.527097 0.486194
v 0.003552 0.521126 0.494280
v 0.002970 0.526953 0.499694
v 0.003909 0.529633 0.502073
v 0.005781 0.531134 0.502805
v 0.009130 0.531350 0.502255
v 0.012138 0.530074 0.500751
v 0.013475 0.527485 0.498446
v 0.009965 0.534140 0.502086
v 0.014020 0.532267 0.499885
v 0.005006 0.538689 0.500531
v 0.005105 0.541829 0.496266
v 0.005013 0.544788 0.490580
v 0.010537 0.537568 0.499211
v 0.010528 0.540437 0.495003
v 0.010351 0.543340 0.489712
v 0.006065 0.530043 0.500961
v 0.008463 0.530159 0.500906
v 0.010663 0.529229 0.499979
v 0.011548 0.527509 0.498201
v 0.004545 0.529247 0.499856
v 0.003737 0.527379 0.497485
v 0.004913 0.522422 0.492793
v 0.006400 0.520574 0.491410
v 0.008861 0.520178 0.490005
v 0.012168 0.521882 0.488974
v 0.015771 0.528863 0.496812
v 0.011406 0.525919 0.495314
v 0.009849 0.525408 0.492134
v 0.013140 0.524952 0.494940
v 0.011052 0.524413 0.491075
v 0.015071 0.525457 0.492800
v 0.012403 0.524006 0.489196
v 0.015049 0.534800 0.496918
v 0.017055 0.531062 0.493899
v 0.016825 0.527354 0.490362
v 0.009493 0.523125 0.488764
v 0.008745 0.524121 0.489011
v 0.015043 0.525505 0.488237
v 0.016086 0.527315 0.487208
v 0.014995 0.524557 0.487754
v 0.015997 0.526940 0.486880
v 0.017286 0.529200 0.487449
v 0.018394 0.530817 0.484507
v 0.017448 0.535601 0.486090
v 0.014947 0.540101 0.488247
v 0.017240 0.533371 0.490204
v 0.015181 0.537375 0.492831
v 0.007462 0.525115 0.489819
v 0.007518 0.522816 0.489695
v 0.005908 0.523895 0.490716
v 0.006192 0.530377 0.498824
v 0.007730 0.530429 0.499009
v 0.004910 0.529698 0.497074
v 0.004278 0.527943 0.494770
v 0.009507 0.529908 0.498206
v 0.010287 0.529019 0.496820
v 0.010046 0.528004 0.494509
v 0.008796 0.527095 0.492581
v 0.006300 0.526639 0.491295
v 0.001256 0.523654 0.497447
v 0.002949 0.523996 0.496808
v 0.003906 0.524867 0.494794
v 0.004683 0.525785 0.492545
v 0.005688 0.528308 0.492833
v 0.006025 0.529936 0.494748
v 0.006971 0.530657 0.497043
v 0.007933 0.528410 0.492902
v 0.008390 0.529542 0.494129
v 0.008906 0.530220 0.496328
v 0.003881 0.509019 0.483818
v 0.009960 0.510931 0.484301
v 0.015097 0.514184 0.483898
v 0.019453 0.518698 0.482512
v 0.022933 0.525358 0.479068
v 0.020498 0.532261 0.480131
v 0.018322 0.537659 0.482012
v 0.004903 0.546965 0.486032
v 0.010656 0.546035 0.485546
v 0.015389 0.542746 0.484504
v 0.016480 0.479955 0.400727
v 0.014286 0.475732 0.409485
v 0.011793 0.470143 0.424600
v 0.010901 0.467287 0.430782
v 0.007892 0.465346 0.447075
v 0.003947 0.466864 0.452215
v 0.004328 0.469561 0.455548
v 0.004515 0.472516 0.457646
v 0.004574 0.475528 0.458844
v 0.004483 0.477882 0.458570
v 0.004069 0.479257 0.456435
v 0.009337 0.476178 0.456376
v 0.013252 0.477378 0.452993
v 0.016885 0.478969 0.449290
v 0.020001 0.481850 0.444053
v 0.021835 0.484113 0.438772
v 0.023013 0.486326 0.434223
v 0.024525 0.489365 0.427870
v 0.026636 0.493338 0.421001
v 0.028504 0.498315 0.414709
v 0.031175 0.502106 0.409515
v 0.037235 0.518255 0.411392
v 0.034690 0.516957 0.416259
v 0.031824 0.513810 0.422232
v 0.030196 0.509668 0.428824
v 0.028477 0.507060 0.434406
v 0.024926 0.502733 0.446266
v 0.021333 0.501529 0.458203
v 0.018862 0.502115 0.464357
v 0.015133 0.502662 0.470324
v 0.010280 0.502704 0.472605
v 0.004254 0.503431 0.474543
v 0.012398 0.506792 0.462973
v 0.009374 0.506834 0.459338
v 0.015606 0.506412 0.459656
v 0.016278 0.506393 0.454519
v 0.009420 0.507633 0.455754
v 0.012956 0.506871 0.453260
v 0.016110 0.506314 0.460448
v 0.012962 0.507461 0.464438
v 0.018185 0.506752 0.455335
v 0.009529 0.507042 0.467258
v 0.004394 0.507214 0.469290
v 0.009194 0.507312 0.465880
v 0.003919 0.507355 0.467666
v 0.017110 0.507088 0.450782
v 0.002731 0.504901 0.464343
v 0.002982 0.504766 0.465609
v 0.003518 0.507204 0.462800
v 0.007416 0.506953 0.461743
v 0.012479 0.505907 0.460418
v 0.009686 0.506705 0.458713
v 0.015379 0.505433 0.458774
v 0.015487 0.505758 0.455423
v 0.009795 0.507030 0.455362
v 0.012695 0.506556 0.453717
v 0.012528 0.501803 0.457564
v 0.010824 0.502376 0.456425
v 0.014473 0.501946 0.456714
v 0.014715 0.502662 0.454725
v 0.011066 0.503092 0.454436
v 0.013012 0.503236 0.453586
v 0.012199 0.499790 0.455266
v 0.011249 0.500327 0.454772
v 0.013239 0.499750 0.454674
v 0.013330 0.500247 0.453588
v 0.011340 0.500824 0.453687
v 0.012380 0.500784 0.453094
v 0.012138 0.499040 0.453775
v 0.011613 0.499125 0.453729
v 0.012495 0.499065 0.453591
v 0.012646 0.499215 0.453140
v 0.011592 0.499344 0.453302
v 0.012166 0.499464 0.453006
v 0.004354 0.505621 0.470349
v 0.009578 0.504614 0.468384
v 0.013140 0.504205 0.465891
v 0.015895 0.504663 0.461759
v 0.018661 0.503818 0.456007
v 0.019244 0.507228 0.451664
v 0.020437 0.506907 0.446207
v 0.014005 0.509334 0.446329
v 0.022306 0.512032 0.434488
v 0.023362 0.518187 0.421420
v 0.024059 0.519950 0.413989
v 0.018014 0.507742 0.446212
v 0.018783 0.509291 0.441236
v 0.013331 0.508077 0.450365
v 0.006627 0.508653 0.458089
v 0.003514 0.509065 0.459153
v 0.021921 0.509751 0.440289
v 0.022382 0.514519 0.428769
v 0.023211 0.519703 0.409783
v 0.019431 0.513745 0.429120
v 0.018802 0.521095 0.409463
v 0.004302 0.504090 0.472168
v 0.009983 0.503068 0.470279
v 0.013906 0.502709 0.467919
v 0.017079 0.502420 0.462979
v 0.019442 0.502055 0.457032
v 0.023057 0.501615 0.453032
v 0.021392 0.502292 0.452057
v 0.020130 0.504354 0.451833
v 0.026766 0.504565 0.440695
v 0.021981 0.505076 0.446004
v 0.023030 0.506451 0.440137
v 0.023490 0.508412 0.434103
v 0.024041 0.510975 0.428440
v 0.024924 0.514862 0.421504
v 0.026126 0.517678 0.414221
v 0.027383 0.519137 0.409547
v 0.023418 0.503305 0.445871
v 0.024683 0.504695 0.440266
v 0.025580 0.506682 0.434219
v 0.026517 0.509144 0.428323
v 0.027630 0.513254 0.421754
v 0.029582 0.516598 0.414838
v 0.031558 0.518033 0.410328
v 0.039602 0.518090 0.404229
v 0.038750 0.518938 0.406744
v 0.039594 0.516075 0.402777
v 0.019678 0.521427 0.404213
v 0.023752 0.519877 0.404061
v 0.028423 0.519561 0.404472
v 0.033647 0.519727 0.405390
v 0.004317 0.503722 0.477622
v 0.010996 0.503792 0.476393
v 0.017476 0.504804 0.474028
v 0.021304 0.503629 0.467039
v 0.024212 0.503169 0.460408
v 0.026397 0.503198 0.454442
v 0.028492 0.504229 0.447743
v 0.030505 0.506199 0.441613
v 0.032077 0.508905 0.435669
v 0.033428 0.511653 0.429975
v 0.034992 0.515717 0.423654
v 0.037710 0.518840 0.417738
v 0.040649 0.520559 0.412702
v 0.042866 0.521216 0.407752
v 0.015029 0.512675 0.436472
v 0.014647 0.510887 0.441735
v 0.010860 0.516350 0.437450
v 0.011330 0.518646 0.430848
v 0.012119 0.521028 0.423535
v 0.005414 0.526922 0.417446
v 0.014783 0.523742 0.410454
v 0.015630 0.523893 0.404785
v 0.006651 0.514036 0.447975
v 0.007240 0.516550 0.443220
v 0.007463 0.519175 0.437886
v 0.007914 0.521295 0.431405
v 0.008750 0.523779 0.424398
v 0.009968 0.526146 0.417275
v 0.010382 0.526690 0.411559
v 0.010591 0.526074 0.405668
v 0.003618 0.515298 0.448219
v 0.003679 0.518028 0.443612
v 0.004118 0.521607 0.438394
v 0.004447 0.523756 0.431712
v 0.004898 0.525100 0.424581
v 0.013516 0.522886 0.416329
v 0.005105 0.528067 0.411535
v 0.005293 0.527542 0.405894
v 0.005284 0.526921 0.400154
v 0.005188 0.526431 0.394725
v 0.005079 0.518849 0.384258
v 0.010886 0.525108 0.400414
v 0.010491 0.524588 0.395796
v 0.010533 0.518249 0.388390
v 0.016135 0.523489 0.399862
v 0.019999 0.520679 0.399001
v 0.024145 0.519609 0.398915
v 0.028152 0.518261 0.401056
v 0.034158 0.518442 0.402059
v 0.044108 0.519866 0.403974
v 0.015672 0.522866 0.395925
v 0.014348 0.517292 0.392206
v 0.018006 0.521133 0.395384
v 0.015450 0.516394 0.396159
v 0.020435 0.516976 0.397366
v 0.023823 0.516907 0.398885
v 0.027416 0.517293 0.400701
v 0.033662 0.516950 0.402119
v 0.043364 0.517031 0.400907
v 0.019135 0.515481 0.398529
v 0.023241 0.515065 0.399497
v 0.017773 0.512609 0.401800
v 0.016528 0.509026 0.406256
v 0.015244 0.505048 0.411693
v 0.014109 0.501479 0.417270
v 0.013223 0.498374 0.423096
v 0.012143 0.492439 0.435587
v 0.011573 0.490713 0.440648
v 0.015456 0.489473 0.440919
v 0.016095 0.491387 0.435573
v 0.016812 0.494192 0.429403
v 0.018641 0.500926 0.416862
v 0.019872 0.504484 0.411451
v 0.021179 0.508476 0.406186
v 0.022203 0.512239 0.402412
v 0.005453 0.487304 0.443424
v 0.002420 0.485995 0.447494
v 0.004822 0.486603 0.447499
v 0.012658 0.495132 0.429562
v 0.017557 0.497494 0.422853
v 0.006835 0.487599 0.447552
v 0.006775 0.486648 0.449959
v 0.005065 0.485981 0.450955
v 0.002569 0.485313 0.451391
v 0.015457 0.487446 0.446411
v 0.010264 0.489469 0.445180
v 0.008039 0.488717 0.448707
v 0.008753 0.486390 0.451493
v 0.010860 0.484349 0.452398
v 0.014460 0.485485 0.450464
v 0.014379 0.486470 0.449949
v 0.013704 0.488125 0.447308
v 0.010750 0.489227 0.446827
v 0.008470 0.488673 0.448987
v 0.009145 0.487018 0.451629
v 0.012099 0.485917 0.452110
v 0.014341 0.488503 0.451566
v 0.014311 0.489787 0.449889
v 0.012702 0.491128 0.449614
v 0.011124 0.491185 0.451017
v 0.011154 0.489901 0.452694
v 0.012763 0.488560 0.452968
v 0.014427 0.492111 0.453243
v 0.014382 0.492695 0.452160
v 0.013366 0.493311 0.451833
v 0.012395 0.493342 0.452591
v 0.012440 0.492759 0.453675
v 0.013456 0.492143 0.454001
v 0.014129 0.494446 0.454120
v 0.014074 0.494601 0.453824
v 0.013835 0.494752 0.453775
v 0.013610 0.494774 0.453931
v 0.013576 0.494615 0.454262
v 0.013843 0.494430 0.454373
v 0.011474 0.481526 0.452200
v 0.007773 0.482552 0.454850
v 0.003806 0.485115 0.456519
v 0.004031 0.481145 0.456064
v 0.008330 0.479944 0.454720
v 0.008947 0.478457 0.456233
v 0.012783 0.479384 0.453025
v 0.015057 0.482542 0.449808
v 0.017232 0.484614 0.445114
v 0.018040 0.486834 0.440152
v 0.018925 0.488583 0.435302
v 0.019707 0.491655 0.429106
v 0.020305 0.495115 0.422174
v 0.021504 0.498962 0.415854
v 0.022639 0.502381 0.410976
v 0.024368 0.506821 0.405181
v 0.025660 0.510917 0.402442
v 0.026899 0.514923 0.400871
v 0.033249 0.514942 0.402875
v 0.016296 0.481162 0.449892
v 0.004033 0.484276 0.457180
v 0.008959 0.486236 0.453391
v 0.009525 0.485822 0.453799
v 0.018848 0.483818 0.444880
v 0.020405 0.486094 0.439736
v 0.021691 0.488105 0.435502
v 0.023140 0.491171 0.429020
v 0.025074 0.495205 0.422234
v 0.026664 0.499464 0.416577
v 0.028506 0.503360 0.411285
v 0.031001 0.508133 0.407403
v 0.032342 0.511589 0.404943
v 0.033842 0.506371 0.405364
v 0.036503 0.510517 0.403207
v 0.038181 0.513086 0.402564
v 0.009685 0.473260 0.455436
v 0.013127 0.474516 0.452200
v 0.016846 0.476186 0.447742
v 0.019449 0.478352 0.442189
v 0.021169 0.480803 0.436588
v 0.022111 0.483410 0.431392
v 0.023449 0.486586 0.424838
v 0.024781 0.490760 0.417702
v 0.026892 0.495728 0.410868
v 0.030317 0.500162 0.405170
v 0.033289 0.504433 0.400998
v 0.036744 0.508869 0.398663
v 0.040138 0.512826 0.398239
v 0.004291 0.505980 0.481314
v 0.010894 0.507048 0.480692
v 0.016793 0.508717 0.479651
v 0.043568 0.525743 0.406803
v 0.040491 0.525388 0.412877
v 0.045407 0.523968 0.401244
v 0.044794 0.519818 0.394974
v 0.041893 0.513495 0.391123
v 0.038504 0.507249 0.391934
v 0.034386 0.502167 0.394986
v 0.030111 0.497606 0.399484
v 0.026317 0.492585 0.405925
v 0.023824 0.487937 0.413130
v 0.021829 0.483888 0.420878
v 0.020513 0.480332 0.427880
v 0.019848 0.477230 0.433573
v 0.018630 0.474520 0.439701
v 0.016727 0.472507 0.445919
v 0.013262 0.470947 0.450319
v 0.009283 0.470011 0.453210
v 0.002987 0.463654 0.444596
v 0.006285 0.464129 0.444225
v 0.008817 0.467269 0.450198
v 0.012862 0.467923 0.447656
v 0.006133 0.471384 0.416278
v 0.012684 0.472411 0.418041
v 0.038542 0.523668 0.418655
v 0.036630 0.521033 0.425366
v 0.035878 0.517447 0.432138
v 0.035632 0.514180 0.438340
v 0.034038 0.511630 0.444462
v 0.031917 0.509858 0.450668
v 0.029497 0.508701 0.456787
v 0.026958 0.507867 0.462629
v 0.024038 0.507828 0.468663
v 0.021579 0.508914 0.474239
v 0.021601 0.513762 0.479023
v 0.015663 0.469246 0.442987
v 0.017600 0.471621 0.436781
v 0.018749 0.474353 0.430553
v 0.019682 0.476997 0.424579
v 0.021626 0.480215 0.416606
v 0.024183 0.484014 0.407909
v 0.026610 0.488621 0.400270
v 0.031298 0.493710 0.392963
v 0.036873 0.498101 0.387065
v 0.042915 0.503965 0.381942
v 0.011194 0.465483 0.443128
v 0.013168 0.466658 0.438834
v 0.015241 0.468945 0.432998
v 0.016059 0.471662 0.426751
v 0.017391 0.474270 0.420243
v 0.019360 0.477020 0.412566
v 0.022057 0.480881 0.403091
v 0.025131 0.485475 0.394395
v 0.030266 0.489356 0.384655
v 0.036998 0.492329 0.376686
v 0.003569 0.463199 0.439726
v 0.007764 0.464147 0.440548
v 0.004603 0.464182 0.435042
v 0.009441 0.465235 0.436020
v 0.014060 0.485602 0.375380
v 0.060172 0.517576 0.373008
v 0.048451 0.512120 0.380398
v 0.049353 0.522164 0.389411
v 0.049008 0.527596 0.399075
v 0.045893 0.530072 0.406599
v 0.041063 0.529919 0.413115
v 0.037971 0.528568 0.419705
v 0.037095 0.526414 0.426653
v 0.036463 0.523697 0.433795
v 0.035981 0.521199 0.440518
v 0.035315 0.519113 0.446723
v 0.033559 0.517478 0.452956
v 0.031626 0.516375 0.459010
v 0.029127 0.514898 0.465031
v 0.026364 0.513917 0.469841
v 0.024486 0.513730 0.473818
v 0.024298 0.519106 0.476486
v 0.044551 0.540546 0.414801
v 0.083653 0.576666 0.351327
v 0.027152 0.521170 0.471799
v 0.025914 0.527583 0.473614
v 0.023098 0.534097 0.474986
v 0.019236 0.540459 0.476636
v 0.015527 0.545926 0.478726
v 0.010484 0.549480 0.479883
v 0.004801 0.550522 0.480131
v 0.029587 0.522884 0.466647
v 0.027987 0.529900 0.467859
v 0.024699 0.536503 0.468963
v 0.019616 0.543187 0.470471
v 0.015078 0.549144 0.472139
v 0.010320 0.552960 0.473590
v 0.004883 0.553933 0.473962
v 0.044595 0.497652 0.371716
v 0.081720 0.534855 0.364283
v 0.085815 0.548672 0.362217
v 0.083124 0.561205 0.361975
v 0.077628 0.572427 0.362434
v 0.031731 0.524639 0.460769
v 0.029564 0.531714 0.461715
v 0.025554 0.539050 0.462600
v 0.019970 0.546304 0.463765
v 0.015458 0.552065 0.465408
v 0.010490 0.556665 0.466907
v 0.004843 0.557932 0.467011
v 0.007984 0.630678 0.395264
v 0.006921 0.609942 0.410698
v 0.004662 0.600287 0.417218
v 0.003392 0.592508 0.422488
v 0.002763 0.585032 0.427513
v 0.002958 0.578138 0.432897
v 0.003951 0.572753 0.438716
v 0.004756 0.569161 0.444339
v 0.005134 0.566957 0.449462
v 0.005031 0.561344 0.460651
v 0.010977 0.559751 0.460050
v 0.011494 0.564857 0.448699
v 0.011245 0.567414 0.443638
v 0.009520 0.571657 0.439024
v 0.008185 0.577917 0.433815
v 0.007485 0.585001 0.429111
v 0.008991 0.592338 0.424952
v 0.073429 0.593064 0.368931
v 0.051788 0.618244 0.380474
v 0.013725 0.590858 0.428038
v 0.013140 0.582907 0.430264
v 0.014174 0.575774 0.433371
v 0.014879 0.569395 0.437535
v 0.017767 0.563167 0.440170
v 0.026019 0.609753 0.419524
v 0.016254 0.622063 0.404460
v 0.036478 0.617466 0.407495
v 0.047332 0.609075 0.408024
v 0.051859 0.613044 0.387029
v 0.060313 0.602983 0.387459
v 0.066007 0.595189 0.384325
v 0.068826 0.587576 0.382414
v 0.069325 0.579659 0.380953
v 0.072405 0.581735 0.374015
v 0.069115 0.570913 0.380292
v 0.072815 0.571280 0.372340
v 0.058668 0.546992 0.396244
v 0.052450 0.541053 0.402984
v 0.064107 0.562136 0.388565
v 0.070272 0.560448 0.380671
v 0.076149 0.559873 0.372960
v 0.062384 0.553914 0.391740
v 0.069639 0.550279 0.383001
v 0.077308 0.548835 0.374318
v 0.066445 0.542034 0.387498
v 0.073380 0.537618 0.377358
v 0.061522 0.536163 0.391978
v 0.067644 0.529888 0.381567
v 0.049559 0.534919 0.405353
v 0.043117 0.534761 0.413487
v 0.055145 0.531236 0.395917
v 0.058501 0.524928 0.385256
v 0.005001 0.564333 0.455207
v 0.011647 0.562291 0.454261
v 0.029446 0.548180 0.436855
v 0.034297 0.545327 0.429472
v 0.038496 0.543984 0.423678
v 0.038583 0.539199 0.422468
v 0.037557 0.533477 0.420773
v 0.036235 0.532252 0.427916
v 0.035746 0.530926 0.435310
v 0.035244 0.529173 0.441975
v 0.034419 0.527491 0.448267
v 0.033484 0.525878 0.454886
v 0.035436 0.538524 0.429354
v 0.033295 0.537908 0.435932
v 0.016211 0.555213 0.458791
v 0.021211 0.549131 0.457253
v 0.026382 0.541341 0.456022
v 0.030862 0.533864 0.455337
v 0.016870 0.557416 0.452749
v 0.021537 0.551195 0.450682
v 0.026318 0.543501 0.448584
v 0.031384 0.535691 0.448396
v 0.016888 0.559524 0.447062
v 0.021832 0.553176 0.444905
v 0.027096 0.544952 0.442606
v 0.031807 0.537071 0.441991
v 0.004872 0.516441 0.384476
v 0.003162 0.484525 0.454060
v 0.007873 0.488648 0.444131
v 0.008738 0.489666 0.439927
v 0.006133 0.485379 0.453222
v 0.002787 0.486708 0.443209
v 0.008861 0.491121 0.435297
v 0.009349 0.493806 0.429340
v 0.009801 0.497479 0.422387
v 0.010554 0.499830 0.416876
v 0.011536 0.503526 0.411387
v 0.012759 0.507989 0.405910
v 0.013878 0.511403 0.400362
v 0.014952 0.514966 0.396913
v 0.013717 0.515971 0.392271
v 0.010119 0.516235 0.388658
v 0.002990 0.487284 0.438542
v 0.005841 0.488607 0.439186
v 0.002926 0.488002 0.433929
v 0.005899 0.489254 0.434431
v 0.006305 0.491781 0.428402
v 0.006933 0.495100 0.421550
v 0.007415 0.497260 0.415402
v 0.008423 0.499798 0.409094
v 0.009196 0.503627 0.403445
v 0.010049 0.507946 0.396679
v 0.003160 0.490556 0.427835
v 0.003303 0.493722 0.420813
v 0.003544 0.496070 0.414822
v 0.004077 0.498580 0.408339
v 0.004584 0.501730 0.402243
v 0.004812 0.506498 0.395569
v 0.004864 0.510951 0.389084
v 0.009806 0.512242 0.391654
v 0.007079 0.504625 0.464224
v 0.006819 0.505325 0.463249
v 0.007545 0.484794 0.455687
v 0.007165 0.485567 0.455102
v 0.091014 0.654811 0.356106
v 0.092990 0.629400 0.338927
v 0.037426 0.671223 0.378183
v 0.035579 0.661932 0.384580
v 0.084784 0.682432 0.375704
v 0.089631 0.667113 0.369976
v 0.091750 0.652799 0.363255
v 0.093614 0.639344 0.356021
v 0.094145 0.627410 0.350109
v 0.031718 0.646112 0.379880
v 0.078960 0.600003 0.303382
v 0.093910 0.598905 0.339801
v 0.041443 0.680224 0.381265
v 0.043636 0.679843 0.388124
v 0.045165 0.668132 0.384231
v 0.086699 0.634761 0.330702
v 0.086873 0.536327 0.351184
v 0.075999 0.595694 0.360810
v 0.068636 0.602264 0.371372
v 0.060813 0.611342 0.374596
v 0.033963 0.628016 0.393364
v 0.071187 0.590555 0.376170
v 0.019463 0.528178 0.050176
v 0.020382 0.545435 0.120193
v 0.020211 0.548753 0.135734
v 0.020509 0.548946 0.161728
v 0.020276 0.549864 0.174803
v 0.020088 0.549834 0.186080
v 0.035449 0.577166 0.250406
v 0.018463 0.582108 0.244806
v 0.039042 0.520956 0.049868
v 0.040288 0.539783 0.122037
v 0.041079 0.542954 0.137664
v 0.041005 0.544990 0.164538
v 0.039512 0.544266 0.178219
v 0.038035 0.542639 0.189828
v 0.018673 0.572653 0.234340
v 0.018577 0.565156 0.225317
v 0.093614 0.454555 0.044943
v 0.105254 0.464841 0.129846
v 0.106658 0.468930 0.148355
v 0.102871 0.474924 0.186251
v 0.099726 0.477313 0.203010
v 0.092437 0.477059 0.217081
v 0.088657 0.530507 0.285946
v 0.090268 0.513409 0.276316
v 0.111905 0.442383 0.129530
v 0.113711 0.445702 0.148808
v 0.110986 0.451848 0.190612
v 0.019621 0.531668 0.068864
v 0.038620 0.525090 0.069311
v 0.086090 0.325699 0.057506
v 0.098659 0.347271 0.059457
v 0.061986 0.300407 0.228974
v 0.061626 0.333224 0.252768
v 0.107142 0.453989 0.210224
v 0.089661 0.498174 0.267127
v 0.039883 0.316241 0.259626
v 0.101314 0.453774 0.226649
v 0.102383 0.429416 0.235647
v 0.067889 0.390563 0.289723
v 0.020832 0.359948 0.309906
v 0.115672 0.417612 0.127225
v 0.102006 0.349973 0.123986
v 0.103447 0.318430 0.199062
v 0.093924 0.315838 0.214168
v 0.079179 0.310859 0.225596
v 0.046743 0.291308 0.225842
v 0.038184 0.290502 0.210100
v 0.034834 0.290439 0.193675
v 0.034998 0.284457 0.141933
v 0.118770 0.421571 0.148234
v 0.111831 0.353167 0.142984
v 0.115158 0.356921 0.188166
v 0.117186 0.428876 0.193761
v 0.109317 0.430134 0.216314
v 0.109698 0.358177 0.210627
v 0.090385 0.431828 0.267088
v 0.018019 0.593875 0.255379
v 0.036769 0.589935 0.260300
v 0.053136 0.583072 0.266663
v 0.069966 0.572092 0.276421
v 0.080183 0.561251 0.290048
v 0.015692 0.414446 0.337708
v 0.016525 0.434292 0.344714
v 0.079215 0.533369 0.264933
v 0.034818 0.289488 0.177622
v 0.117312 0.355728 0.165668
v 0.119515 0.425267 0.170285
v 0.019388 0.550601 0.196896
v 0.036668 0.543879 0.201329
v 0.084981 0.475443 0.231568
v 0.092005 0.453582 0.241000
v 0.094109 0.428595 0.252589
v 0.064782 0.402188 0.301751
v 0.044342 0.289632 0.144517
v 0.036498 0.288292 0.162401
v 0.021366 0.341487 0.296750
v 0.042992 0.338437 0.273554
v 0.044781 0.358438 0.287527
v 0.064696 0.358519 0.263626
v 0.067310 0.377792 0.276396
v 0.101137 0.353523 0.230414
v 0.090820 0.398473 0.262898
v 0.019102 0.536183 0.086480
v 0.039347 0.530143 0.087251
v 0.097387 0.457895 0.091971
v 0.088090 0.325565 0.082100
v 0.103737 0.436018 0.091021
v 0.027391 0.278746 0.079823
v 0.107441 0.413986 0.089821
v 0.099067 0.346758 0.083888
v 0.017837 0.450464 0.350834
v 0.034845 0.456475 0.342808
v 0.077246 0.519551 0.255806
v 0.045018 0.625814 0.300281
v 0.066732 0.607913 0.297040
v 0.088862 0.596218 0.315947
v 0.047526 0.609494 0.283185
v 0.061043 0.598767 0.286023
v 0.074640 0.588483 0.294974
v 0.081209 0.547921 0.274629
v 0.099478 0.542101 0.323916
v 0.071166 0.493929 0.337725
v 0.055084 0.483842 0.348409
v 0.020591 0.481014 0.362417
v 0.020925 0.467972 0.357442
v 0.053325 0.474863 0.339386
v 0.070685 0.483680 0.328631
v 0.090878 0.554422 0.307079
v 0.083176 0.571711 0.309882
v 0.069671 0.581341 0.288291
v 0.054263 0.594497 0.277801
v 0.029033 0.619608 0.281120
v 0.037843 0.603047 0.270141
v 0.011242 0.628814 0.291317
v 0.015557 0.618930 0.276382
v 0.018037 0.606811 0.264627
v 0.055221 0.507758 0.049337
v 0.059365 0.528576 0.123392
v 0.061209 0.533763 0.139707
v 0.060603 0.536252 0.168608
v 0.057144 0.533835 0.183009
v 0.052958 0.531854 0.194450
v 0.055848 0.512264 0.070177
v 0.049556 0.532110 0.207023
v 0.057298 0.516901 0.088777
v 0.106597 0.370162 0.061366
v 0.102873 0.379249 0.240509
v 0.102914 0.403552 0.243294
v 0.086514 0.372932 0.257010
v 0.081641 0.408718 0.277570
v 0.115769 0.393424 0.125360
v 0.110313 0.371741 0.124381
v 0.121063 0.397850 0.147044
v 0.117711 0.375530 0.145372
v 0.118332 0.404559 0.194864
v 0.116579 0.379849 0.192987
v 0.109633 0.405468 0.219315
v 0.110323 0.381036 0.218351
v 0.119237 0.378098 0.168197
v 0.120775 0.401477 0.169876
v 0.105751 0.369382 0.085822
v 0.108392 0.391114 0.087826
v 0.082554 0.473798 0.046555
v 0.094492 0.489179 0.128910
v 0.095925 0.493559 0.145714
v 0.092168 0.499221 0.181044
v 0.088575 0.499795 0.196228
v 0.081640 0.497765 0.209949
v 0.083131 0.475379 0.069937
v 0.076076 0.495906 0.222147
v 0.086410 0.479106 0.091189
v 0.070777 0.495070 0.070568
v 0.063304 0.515826 0.214040
v 0.071869 0.499970 0.089915
v 0.069544 0.491808 0.047900
v 0.077830 0.511803 0.125995
v 0.080763 0.517155 0.143277
v 0.077630 0.520441 0.174261
v 0.074262 0.518849 0.188891
v 0.068521 0.516953 0.201443
v 0.019671 0.541237 0.103909
v 0.039822 0.535403 0.105550
v 0.100577 0.460883 0.111535
v 0.106875 0.438261 0.111277
v 0.028090 0.278753 0.104464
v 0.109401 0.415139 0.109185
v 0.096211 0.347909 0.106390
v 0.057746 0.523308 0.107396
v 0.107948 0.391513 0.107519
v 0.102585 0.370179 0.106579
v 0.089837 0.483876 0.110457
v 0.074422 0.505892 0.109278
v 0.080289 0.519910 0.159701
v 0.020182 0.549232 0.149640
v 0.104602 0.471982 0.167369
v 0.041482 0.544225 0.151565
v 0.113423 0.448823 0.169954
v 0.062051 0.536181 0.155198
v 0.094297 0.497340 0.164478
v 0.064735 0.007772 0.249655
v 0.065391 0.007809 0.249693
v 0.064573 0.011146 0.245894
v 0.066961 0.011053 0.246197
v 0.053889 0.011198 0.247586
v 0.055876 0.011135 0.247233
v 0.055510 0.007747 0.250697
v 0.056201 0.007839 0.250470
v 0.056152 0.007272 0.250192
v 0.055471 0.007099 0.250405
v 0.053767 0.007536 0.247332
v 0.055779 0.007510 0.246876
v 0.040568 0.006952 0.234584
v 0.040671 0.007685 0.234904
v 0.039952 0.007646 0.234977
v 0.039865 0.006919 0.234738
v 0.057041 0.012898 0.246716
v 0.051351 0.012948 0.247693
v 0.057618 0.006251 0.246118
v 0.051203 0.005859 0.246716
v 0.059949 0.006714 0.243435
v 0.060383 0.013103 0.243304
v 0.056199 0.022063 0.241262
v 0.050458 0.021758 0.241422
v 0.060265 0.020615 0.238863
v 0.060168 0.027894 0.234133
v 0.045673 0.003148 0.204470
v 0.056037 0.029487 0.236801
v 0.050161 0.003364 0.212143
v 0.060206 0.033097 0.229970
v 0.056229 0.035626 0.231112
v 0.050273 0.029001 0.235527
v 0.043834 0.030136 0.219635
v 0.050836 0.034677 0.230346
v 0.045649 0.006475 0.240390
v 0.045276 0.012955 0.240827
v 0.046018 0.019756 0.237685
v 0.046589 0.026551 0.233054
v 0.035937 0.026716 0.217493
v 0.046939 0.031496 0.228127
v 0.042263 0.005529 0.231194
v 0.043429 0.012461 0.231473
v 0.044592 0.017762 0.229060
v 0.044539 0.022534 0.227111
v 0.044063 0.027203 0.224100
v 0.058324 0.002427 0.214098
v 0.060076 0.036073 0.224678
v 0.058818 0.038610 0.218318
v 0.058521 0.039809 0.215152
v 0.055993 0.038216 0.224812
v 0.051255 0.037341 0.224453
v 0.048888 0.036884 0.217559
v 0.055986 0.039032 0.221390
v 0.051613 0.038244 0.220927
v 0.047931 0.034762 0.222724
v 0.055393 0.002030 0.232116
v 0.055728 0.002305 0.237156
v 0.059743 0.004286 0.241409
v 0.046365 0.002180 0.231336
v 0.048404 0.002684 0.238855
v 0.056395 0.003025 0.242324
v 0.051723 0.003244 0.243948
v 0.058970 0.004639 0.236490
v 0.058761 0.004187 0.231365
v 0.040958 0.006916 0.231584
v 0.041520 0.010544 0.232019
v 0.039507 0.010500 0.232291
v 0.039214 0.007191 0.231556
v 0.037440 0.012268 0.231836
v 0.037033 0.005767 0.231104
v 0.032254 0.011935 0.224051
v 0.030977 0.005324 0.224182
v 0.047281 0.001324 0.225500
v 0.043630 0.002872 0.223617
v 0.046640 0.003643 0.215745
v 0.055740 0.001885 0.226787
v 0.055388 0.001885 0.222039
v 0.049876 0.001092 0.221443
v 0.058631 0.002616 0.218610
v 0.058663 0.003698 0.226039
v 0.039356 0.002353 0.226796
v 0.036434 0.002909 0.227253
v 0.040702 0.001305 0.222987
v 0.041170 0.000943 0.216969
v 0.033450 0.001726 0.222564
v 0.032357 0.001379 0.215513
v 0.040839 0.001151 0.211572
v 0.034007 0.001099 0.209933
v 0.043291 0.003286 0.208926
v 0.031984 0.004073 0.206187
v 0.028846 0.005275 0.215658
v 0.029066 0.012121 0.215623
v 0.028940 0.012156 0.206933
v 0.038238 0.017857 0.229156
v 0.038798 0.022103 0.227372
v 0.033854 0.018041 0.223647
v 0.031961 0.018745 0.216063
v 0.031004 0.019992 0.209332
v 0.037287 0.024708 0.223626
v 0.035004 0.006470 0.199974
v 0.031546 0.013495 0.199659
v 0.057927 0.000669 0.208994
v 0.053087 0.001483 0.207800
v 0.047442 0.000896 0.198678
v 0.038871 0.002730 0.196642
v 0.057025 -0.000413 0.197323
v 0.046741 0.002638 0.186395
v 0.056058 0.002096 0.184558
v 0.037308 0.010904 0.187972
v 0.039649 0.004457 0.190450
v 0.033774 0.016918 0.193218
v 0.032002 0.021849 0.203374
v 0.033199 0.024960 0.198003
v 0.055600 0.006117 0.180255
v 0.046060 0.007312 0.182482
v 0.034998 0.023889 0.188603
v 0.039192 0.018122 0.183468
v 0.045711 0.013840 0.179556
v 0.055548 0.012069 0.177864
v 0.034253 0.029307 0.194075
v 0.035982 0.028182 0.211996
v 0.043238 0.032530 0.215213
v 0.035603 0.029103 0.207677
v 0.042840 0.035106 0.211805
v 0.049074 0.039078 0.213877
v 0.036377 0.032195 0.203050
v 0.042829 0.037713 0.208669
v 0.048878 0.041619 0.211150
v 0.057904 0.042325 0.211430
v 0.037066 0.035769 0.199594
v 0.043050 0.041153 0.205113
v 0.048858 0.044346 0.208952
v 0.057367 0.045153 0.209733
v 0.064787 0.007141 0.249449
v 0.065515 0.007175 0.249513
v 0.066829 0.006981 0.246142
v 0.064442 0.007093 0.246046
v 0.079227 0.004349 0.230969
v 0.079270 0.004993 0.231432
v 0.079786 0.004981 0.231406
v 0.079770 0.004378 0.230972
v 0.062507 0.013330 0.245543
v 0.070715 0.012548 0.245647
v 0.062176 0.006508 0.245444
v 0.069895 0.005805 0.245799
v 0.063981 0.021729 0.240699
v 0.070526 0.021124 0.239742
v 0.070582 0.002107 0.204589
v 0.063831 0.029219 0.235814
v 0.065846 0.002462 0.210994
v 0.063448 0.034401 0.230606
v 0.069128 0.028641 0.234681
v 0.073181 0.028868 0.215687
v 0.068092 0.034417 0.229817
v 0.074089 0.005925 0.238218
v 0.074844 0.012019 0.237781
v 0.074083 0.018465 0.235070
v 0.072631 0.025597 0.230890
v 0.080391 0.026751 0.213595
v 0.071812 0.031347 0.226306
v 0.075915 0.004475 0.228426
v 0.076654 0.010987 0.229440
v 0.075344 0.015199 0.226733
v 0.074679 0.021358 0.224271
v 0.073632 0.025493 0.220498
v 0.063052 0.036609 0.224782
v 0.067125 0.036662 0.223675
v 0.068352 0.035919 0.215855
v 0.062677 0.037590 0.220811
v 0.066597 0.037231 0.219851
v 0.070509 0.033772 0.220866
v 0.062915 0.001373 0.232007
v 0.063149 0.001828 0.236867
v 0.071360 0.001223 0.231181
v 0.070868 0.002217 0.237726
v 0.064118 0.002917 0.242797
v 0.068342 0.002979 0.243133
v 0.078410 0.004749 0.228332
v 0.078430 0.008634 0.229160
v 0.080503 0.008791 0.228910
v 0.080294 0.005120 0.228021
v 0.082059 0.010890 0.228197
v 0.083065 0.004868 0.226411
v 0.086278 0.011023 0.219396
v 0.086585 0.006022 0.219698
v 0.070324 0.000864 0.225321
v 0.074149 0.003278 0.223159
v 0.071629 0.003444 0.214876
v 0.062516 0.001187 0.226181
v 0.062569 0.001657 0.221799
v 0.068881 0.001098 0.220658
v 0.078650 0.002017 0.226056
v 0.081651 0.002187 0.225298
v 0.077430 0.001265 0.221134
v 0.076604 0.001023 0.215289
v 0.083307 0.001626 0.218898
v 0.083806 0.001983 0.213699
v 0.077075 0.001554 0.210841
v 0.081311 0.002598 0.209148
v 0.073851 0.003342 0.208839
v 0.082398 0.006027 0.204953
v 0.087284 0.006633 0.212379
v 0.087457 0.011727 0.211841
v 0.085007 0.012768 0.204381
v 0.080900 0.016298 0.225771
v 0.079897 0.021331 0.223173
v 0.083366 0.018371 0.219365
v 0.084763 0.020230 0.212150
v 0.084157 0.022028 0.206084
v 0.080750 0.024437 0.219570
v 0.078498 0.006845 0.198200
v 0.082522 0.014198 0.197262
v 0.063789 0.000333 0.206208
v 0.066559 0.000380 0.197718
v 0.073615 0.002492 0.196362
v 0.066329 0.003981 0.185426
v 0.075908 0.009789 0.187057
v 0.073285 0.003538 0.189188
v 0.080282 0.016679 0.190098
v 0.082018 0.023919 0.200143
v 0.080210 0.025826 0.195206
v 0.065939 0.007770 0.181191
v 0.077877 0.023539 0.186049
v 0.072018 0.016484 0.181712
v 0.064953 0.013304 0.178539
v 0.078325 0.031650 0.192016
v 0.078940 0.027992 0.208323
v 0.072415 0.031286 0.211758
v 0.077781 0.030686 0.204267
v 0.071727 0.034103 0.208057
v 0.067150 0.037722 0.212159
v 0.077386 0.033095 0.201284
v 0.071441 0.037606 0.205500
v 0.065687 0.040798 0.209762
v 0.076665 0.038077 0.197318
v 0.070977 0.041950 0.203187
v 0.064866 0.044800 0.207757
v 0.037064 0.031195 0.184898
v 0.040904 0.026999 0.179539
v 0.047040 0.024309 0.175938
v 0.055104 0.023462 0.174795
v 0.036314 0.036116 0.190695
v 0.038699 0.041176 0.196347
v 0.043537 0.045400 0.201514
v 0.049480 0.048118 0.205339
v 0.056783 0.049063 0.206815
v 0.075199 0.032117 0.183600
v 0.070440 0.027314 0.178909
v 0.063425 0.024529 0.175862
v 0.076317 0.037659 0.189451
v 0.074608 0.042553 0.195477
v 0.070024 0.046108 0.201203
v 0.063967 0.048435 0.205372
v 0.041410 0.037025 0.175583
v 0.047196 0.035380 0.172087
v 0.054581 0.035043 0.171283
v 0.039264 0.048074 0.193508
v 0.043719 0.051288 0.198695
v 0.049474 0.053457 0.202796
v 0.056393 0.054353 0.204821
v 0.073924 0.041501 0.180932
v 0.069369 0.038084 0.175887
v 0.062463 0.035965 0.172678
v 0.075161 0.045446 0.187196
v 0.073490 0.049136 0.193746
v 0.069251 0.052031 0.199648
v 0.063401 0.053887 0.203736
v 0.037724 0.050906 0.177892
v 0.041273 0.048914 0.171817
v 0.046992 0.048040 0.168411
v 0.054201 0.047952 0.167732
v 0.037174 0.054039 0.184846
v 0.039403 0.056970 0.190971
v 0.043634 0.059311 0.196346
v 0.049159 0.060932 0.200773
v 0.055860 0.061708 0.203147
v 0.073304 0.052539 0.178324
v 0.068800 0.050131 0.172783
v 0.061943 0.048624 0.169295
v 0.074456 0.055310 0.185157
v 0.072613 0.057939 0.192131
v 0.068463 0.060083 0.198191
v 0.062756 0.061450 0.202255
v 0.037618 0.062944 0.175037
v 0.040984 0.061574 0.168759
v 0.046716 0.060978 0.165273
v 0.054060 0.060957 0.164516
v 0.037314 0.065149 0.182370
v 0.039548 0.067340 0.188793
v 0.043486 0.069263 0.194549
v 0.048725 0.070668 0.199385
v 0.055268 0.071382 0.201992
v 0.073317 0.064586 0.175908
v 0.068845 0.062720 0.169907
v 0.061919 0.061496 0.166145
v 0.074347 0.066720 0.183312
v 0.072235 0.068683 0.190729
v 0.067943 0.070257 0.197039
v 0.062146 0.071245 0.201176
v 0.037332 0.076368 0.172853
v 0.040530 0.075164 0.166385
v 0.046333 0.074361 0.162375
v 0.054037 0.074159 0.161312
v 0.037370 0.077803 0.180093
v 0.039668 0.079320 0.186726
v 0.043319 0.080839 0.193065
v 0.048312 0.082081 0.198444
v 0.054888 0.082727 0.201553
v 0.074134 0.076852 0.173696
v 0.069551 0.075375 0.167195
v 0.062226 0.074428 0.163087
v 0.075214 0.078701 0.181823
v 0.072889 0.080413 0.189903
v 0.068239 0.081783 0.196683
v 0.062007 0.082614 0.201005
v 0.037674 0.088210 0.171336
v 0.040910 0.087197 0.164909
v 0.046874 0.086421 0.160490
v 0.054872 0.085933 0.158920
v 0.037404 0.089330 0.178486
v 0.039435 0.090498 0.185535
v 0.043073 0.091671 0.192180
v 0.048245 0.092653 0.197643
v 0.054926 0.093195 0.200798
v 0.074714 0.088348 0.171853
v 0.069913 0.086867 0.164659
v 0.062804 0.085619 0.160529
v 0.075896 0.089922 0.180547
v 0.073745 0.091398 0.189213
v 0.068941 0.092539 0.196317
v 0.062273 0.093162 0.200479
v 0.036611 0.118074 0.167659
v 0.040847 0.117490 0.160372
v 0.047942 0.116991 0.155109
v 0.056913 0.116736 0.152205
v 0.035353 0.118685 0.176026
v 0.036889 0.119277 0.184502
v 0.040859 0.119820 0.192340
v 0.046976 0.120219 0.198377
v 0.054837 0.120409 0.201375
v 0.077400 0.118131 0.166357
v 0.073247 0.117330 0.157681
v 0.065974 0.116858 0.152598
v 0.078178 0.118896 0.176764
v 0.076038 0.119565 0.187181
v 0.071043 0.120090 0.195648
v 0.063444 0.120380 0.200567
v 0.062806 0.102725 0.200739
v 0.063208 0.111378 0.200714
v 0.054805 0.111312 0.201166
v 0.054865 0.102656 0.201008
v 0.070143 0.097032 0.160502
v 0.072442 0.107056 0.158887
v 0.077031 0.108252 0.167630
v 0.075896 0.098672 0.169411
v 0.040694 0.097575 0.163065
v 0.040553 0.107218 0.161514
v 0.047392 0.106590 0.156208
v 0.047298 0.096828 0.158104
v 0.065242 0.106638 0.153735
v 0.056403 0.106235 0.153360
v 0.056996 0.096265 0.155766
v 0.036571 0.099391 0.177426
v 0.035716 0.108738 0.176705
v 0.036638 0.107954 0.168688
v 0.037123 0.098451 0.169883
v 0.078001 0.109407 0.177891
v 0.077213 0.100143 0.179172
v 0.038477 0.100361 0.184980
v 0.037437 0.109531 0.184750
v 0.075839 0.110378 0.188019
v 0.075069 0.101403 0.188713
v 0.042219 0.101334 0.192058
v 0.041320 0.110305 0.192201
v 0.070758 0.111070 0.196147
v 0.070035 0.102308 0.196401
v 0.047717 0.102160 0.197755
v 0.047199 0.110936 0.198030
v 0.037169 0.130724 0.166716
v 0.041765 0.130360 0.159504
v 0.049055 0.130011 0.154476
v 0.057878 0.129800 0.151677
v 0.035611 0.131066 0.175314
v 0.037006 0.131364 0.184194
v 0.041007 0.131606 0.192466
v 0.047198 0.131739 0.198856
v 0.055120 0.131736 0.201887
v 0.077617 0.130277 0.165370
v 0.073660 0.129940 0.156874
v 0.066660 0.129777 0.152027
v 0.078319 0.130629 0.175759
v 0.076161 0.130998 0.186359
v 0.071230 0.131357 0.195231
v 0.063730 0.131615 0.200693
v 0.037941 0.147805 0.165827
v 0.043022 0.147681 0.158660
v 0.050558 0.147471 0.153782
v 0.059244 0.147256 0.151008
v 0.036060 0.147819 0.174671
v 0.037369 0.147735 0.184007
v 0.041465 0.147585 0.192734
v 0.047813 0.147379 0.199534
v 0.055840 0.147157 0.202777
v 0.078480 0.146846 0.164281
v 0.074575 0.146912 0.155873
v 0.067749 0.147068 0.151257
v 0.079108 0.146813 0.174813
v 0.076809 0.146831 0.185752
v 0.071825 0.146906 0.195188
v 0.064427 0.147002 0.201302
v 0.037944 0.232436 0.159913
v 0.045280 0.232586 0.149503
v 0.055963 0.232093 0.142535
v 0.067512 0.231547 0.139845
v 0.035651 0.231513 0.172002
v 0.038244 0.230406 0.184074
v 0.044382 0.229500 0.194894
v 0.052664 0.228918 0.203577
v 0.062505 0.228714 0.207926
v 0.091836 0.230573 0.160224
v 0.078533 0.231168 0.142008
v 0.091854 0.230162 0.173546
v 0.088284 0.229692 0.187160
v 0.081888 0.229212 0.198814
v 0.072911 0.228848 0.206333
v 0.080939 0.167138 0.173940
v 0.083651 0.189268 0.173035
v 0.087319 0.210485 0.172695
v 0.084197 0.210018 0.185684
v 0.080899 0.188758 0.185335
v 0.078438 0.166857 0.185478
v 0.042170 0.167670 0.193188
v 0.043216 0.189217 0.193549
v 0.043937 0.210170 0.193800
v 0.038850 0.211184 0.183075
v 0.038751 0.190010 0.183477
v 0.037924 0.168140 0.183926
v 0.078490 0.209521 0.197146
v 0.075610 0.188350 0.196247
v 0.073330 0.166704 0.195570
v 0.048802 0.167190 0.200442
v 0.050132 0.188598 0.201467
v 0.051382 0.209421 0.202360
v 0.070336 0.209151 0.204787
v 0.067978 0.188140 0.203563
v 0.065899 0.166639 0.202309
v 0.057134 0.166798 0.203956
v 0.058850 0.188207 0.205293
v 0.060625 0.209101 0.206544
v 0.038620 0.168918 0.164732
v 0.039115 0.191462 0.162757
v 0.038699 0.212972 0.160653
v 0.045030 0.213081 0.151527
v 0.044882 0.191684 0.154660
v 0.044122 0.169059 0.157345
v 0.076417 0.167949 0.154433
v 0.079098 0.190283 0.152322
v 0.087077 0.210925 0.160321
v 0.083243 0.189788 0.161391
v 0.080401 0.167535 0.162974
v 0.054356 0.212671 0.145493
v 0.053255 0.191518 0.149255
v 0.052009 0.168965 0.152378
v 0.069452 0.168370 0.149868
v 0.071720 0.190756 0.147272
v 0.064680 0.212167 0.142969
v 0.062602 0.191172 0.146561
v 0.060844 0.168716 0.149601
v 0.036575 0.168568 0.174005
v 0.037157 0.190829 0.172768
v 0.036768 0.212218 0.171615
v 0.037759 0.040052 0.181325
v 0.037051 0.044136 0.187654
v 0.064045 0.096242 0.156548
v 0.039007 0.265100 0.161438
v 0.047940 0.267991 0.147939
v 0.060169 0.271164 0.137409
v 0.073421 0.273136 0.132434
v 0.035354 0.263397 0.175069
v 0.037882 0.262347 0.188039
v 0.045480 0.261986 0.198948
v 0.055414 0.262272 0.207577
v 0.066531 0.263151 0.212143
v 0.100335 0.270109 0.159418
v 0.100041 0.267480 0.176522
v 0.096051 0.266203 0.191577
v 0.088624 0.265334 0.203497
v 0.078236 0.264274 0.210876
v 0.092158 0.251190 0.146921
v 0.096706 0.250040 0.160153
v 0.046343 0.250779 0.148298
v 0.058157 0.251752 0.139409
v 0.070806 0.252224 0.135648
v 0.034934 0.248728 0.173244
v 0.037942 0.249848 0.160191
v 0.096513 0.248984 0.175163
v 0.037751 0.247678 0.185896
v 0.092634 0.248443 0.189353
v 0.044972 0.247085 0.196680
v 0.085585 0.247928 0.201047
v 0.054244 0.246899 0.205237
v 0.075792 0.247411 0.208340
v 0.064717 0.247034 0.209714
v 0.040494 0.277417 0.162605
v 0.049172 0.281170 0.148350
v 0.061236 0.285841 0.136737
v 0.074851 0.289422 0.130861
v 0.036630 0.275454 0.176518
v 0.038355 0.274458 0.189913
v 0.045226 0.274120 0.201772
v 0.055191 0.274912 0.210982
v 0.066990 0.277095 0.215431
v 0.102570 0.287860 0.159119
v 0.098107 0.290566 0.142614
v 0.088189 0.291058 0.132493
v 0.102118 0.284788 0.177327
v 0.097974 0.283093 0.193299
v 0.090295 0.281724 0.205902
v 0.079416 0.279694 0.213819
v 0.040357 0.285229 0.162906
v 0.048512 0.288509 0.147717
v 0.060824 0.294101 0.135519
v 0.075347 0.300121 0.130117
v 0.036966 0.284192 0.177338
v 0.037829 0.283792 0.191803
v 0.043228 0.283649 0.205388
v 0.052689 0.284980 0.216232
v 0.065485 0.289487 0.220397
v 0.105218 0.303228 0.160903
v 0.100578 0.304779 0.143800
v 0.104352 0.301283 0.179362
v 0.099640 0.300283 0.195512
v 0.091264 0.298296 0.208998
v 0.079276 0.294781 0.218005
v 0.108943 0.318673 0.181846
v 0.110960 0.318610 0.162860
v 0.105819 0.318055 0.144856
v 0.075025 0.307995 0.127505
v 0.058431 0.295940 0.131529
v 0.014232 0.286158 0.179597
v 0.028280 0.284931 0.161601
v 0.024268 0.286514 0.178820
v 0.025467 0.289726 0.197198
v 0.028474 0.293754 0.213724
v 0.057590 0.310991 0.240364
v 0.077894 0.325531 0.234646
v 0.097873 0.334471 0.221039
v 0.106573 0.336711 0.203912
v 0.112227 0.336725 0.184441
v 0.114834 0.336675 0.164523
v 0.019073 0.304228 0.260967
v 0.082769 0.345346 0.245107
v 0.090781 0.457060 0.255659
v 0.084564 0.480308 0.244426
v 0.078929 0.419037 0.290749
v 0.088278 0.440290 0.280610
v 0.093898 0.463881 0.268416
v 0.087768 0.486391 0.257127
v 0.073772 0.499480 0.235491
v 0.074685 0.507428 0.245737
v 0.060832 0.518463 0.226500
v 0.049282 0.535823 0.217803
v 0.036469 0.547426 0.210904
v 0.019314 0.553519 0.206550
v 0.060790 0.524409 0.236602
v 0.049115 0.541450 0.227550
v 0.036226 0.552602 0.220316
v 0.018887 0.558707 0.216295
v 0.035255 0.567296 0.239817
v 0.035609 0.559324 0.229974
v 0.062926 0.534008 0.245976
v 0.065858 0.547119 0.254352
v 0.068527 0.561189 0.264599
v 0.049170 0.548372 0.237349
v 0.049617 0.557672 0.246243
v 0.051627 0.570252 0.256485
v 0.024688 0.486643 0.378938
v 0.039904 0.403192 0.321523
v 0.017919 0.393957 0.331896
v 0.093414 0.327990 0.126026
v 0.051279 0.292932 0.123255
v 0.050749 0.289532 0.080565
v 0.082373 0.612200 0.312682
v 0.074117 0.432138 0.299324
v 0.086033 0.583894 0.311126
v 0.086008 0.515703 0.329296
v 0.072013 0.306032 0.104256
v 0.051570 0.291037 0.104259
v 0.088723 0.326436 0.105597
v 0.087277 0.230898 0.149170
v 0.082688 0.211340 0.150451
v 0.095839 0.272523 0.144179
v 0.086166 0.273259 0.134756
v 0.090016 0.304076 0.132611
v 0.093685 0.315675 0.131971
v 0.107662 0.333336 0.143172
v 0.091849 0.486545 0.287279
v 0.099277 0.558234 0.335514
v 0.084813 0.521160 0.341081
v 0.077554 0.521551 0.354071
v 0.019010 0.511130 0.435854
v 0.015580 0.515085 0.429666
v 0.020373 0.516849 0.421424
v 0.016440 0.517818 0.422081
v 0.010500 0.514209 0.442545
v 0.009909 0.512134 0.447022
v 0.021423 0.518874 0.414359
v 0.017509 0.519894 0.414998
v 0.003403 0.513083 0.452575
v 0.006349 0.512036 0.452069
v 0.009315 0.510227 0.451081
v 0.093818 0.584264 0.329044
v 0.039224 0.479842 0.356264
v 0.103179 0.560412 0.323159
v 0.089005 0.581842 0.341459
v 0.069974 0.608226 0.356653
v 0.046520 0.625812 0.367698
v 0.095118 0.571696 0.336853
v 0.042801 0.489722 0.363300
v 0.094593 0.540426 0.337201
v 0.070512 0.502525 0.346758
v 0.062383 0.614698 0.368880
v 0.023208 0.639338 0.386331
v 0.052222 0.622577 0.373962
v 0.070068 0.605054 0.364873
v 0.052482 0.503746 0.366112
v 0.089380 0.566248 0.348346
v 0.079643 0.586335 0.355521
v 0.063287 0.510259 0.359572
v 0.092129 0.553211 0.348395
v 0.016060 0.631198 0.395941
v 0.042754 0.624033 0.387732
v 0.025001 0.630357 0.396066
v 0.072393 0.524351 0.368688
v 0.075453 0.583728 0.365279
v 0.036731 0.470958 0.349772
v 0.083216 0.505015 0.318944
v 0.089818 0.531708 0.310014
v 0.044139 0.618445 0.393779
v 0.008232 0.620626 0.403613
v 0.060042 0.606671 0.381275
v 0.067228 0.598672 0.378593
v 0.025703 0.623478 0.404256
v 0.035755 0.622477 0.400635
v 0.015783 0.598615 0.425902
v 0.019069 0.606335 0.422832
v 0.037230 0.610689 0.415053
v 0.045811 0.614412 0.400208
v 0.010551 0.600758 0.420096
v 0.015414 0.612601 0.412906
v 0.025700 0.616996 0.411596
v 0.039943 0.634188 0.375667
v 0.053634 0.691266 0.388015
v 0.040093 0.649307 0.377521
v 0.048184 0.677148 0.386380
v 0.058834 0.707299 0.387726
v 0.055952 0.702916 0.388442
v 0.053133 0.697989 0.388905
v 0.078917 0.695187 0.379582
v 0.070397 0.710187 0.381704
v 0.073962 0.705048 0.379548
v 0.078186 0.696328 0.376418
v 0.060889 0.711121 0.384943
v 0.051338 0.699013 0.385182
v 0.066909 0.712165 0.383202
v 0.080958 0.599823 0.346142
v 0.087889 0.612589 0.345035
v 0.088021 0.621712 0.347462
v 0.088182 0.631524 0.351091
v 0.086478 0.655288 0.364602
v 0.084623 0.668835 0.371709
v 0.088353 0.500959 0.294736
v 0.079259 0.476402 0.303480
v 0.032500 0.442187 0.331218
v 0.064882 0.461540 0.312215
v 0.049580 0.450982 0.321310
v 0.034677 0.423617 0.325317
v 0.068966 0.447882 0.305598
v 0.053482 0.434821 0.314231
v 0.083514 0.463211 0.296578
v 0.094470 0.473757 0.278682
v 0.060092 0.416111 0.309202
v 0.086200 0.451293 0.289921
v 0.086426 0.518529 0.302967
v 0.078600 0.490276 0.310205
v 0.066949 0.471350 0.321234
v 0.086472 0.544840 0.296537
v 0.052317 0.461864 0.332594
v 0.014318 0.287704 0.198530
v 0.015807 0.289886 0.216245
v 0.020922 0.320558 0.281862
v 0.019195 0.376287 0.321516
v 0.018365 0.293950 0.238703
v 0.045689 0.373502 0.300616
v 0.044603 0.387572 0.312146
v 0.036507 0.299262 0.240097
v 0.013316 0.320011 -0.115898
v 0.014608 0.321559 -0.072521
v 0.025957 0.280374 0.055242
v 0.020873 0.297464 -0.013451
v 0.024433 0.285508 0.029368
v 0.019033 0.281962 0.143578
v 0.015457 0.284305 0.161834
v 0.026472 0.280182 0.125789
v 0.031783 0.323197 -0.050814
v 0.036092 0.315708 -0.031607
v 0.029895 0.328162 -0.071007
v 0.041337 0.305913 -0.012792
v 0.049136 0.290482 0.055778
v 0.046995 0.294396 0.030403
v 0.066578 0.309792 0.032585
v 0.052598 0.329458 -0.030213
v 0.047432 0.335936 -0.049148
v 0.073728 0.308900 0.122628
v 0.069241 0.306103 0.056353
v 0.070886 0.304798 0.080845
v 0.056961 0.355358 -0.259371
v 0.055582 0.415678 -0.255434
v 0.048636 0.448545 -0.243565
v 0.052809 0.432827 -0.250585
v 0.072705 0.300146 -0.244472
v 0.055677 0.463256 -0.229112
v 0.025185 0.372429 -0.255620
v 0.021571 0.349769 -0.250537
v 0.023087 0.444088 -0.243362
v 0.011456 0.446955 -0.282074
v 0.021626 0.418990 -0.456867
v 0.020833 0.421513 -0.482375
v 0.019103 0.431495 -0.529087
v 0.015138 0.456004 -0.593972
v 0.016864 0.445653 -0.572966
v 0.011148 0.479055 -0.627029
v 0.012948 0.467408 -0.611875
v 0.014304 0.494594 -0.633282
v 0.032946 0.434355 -0.455905
v 0.029698 0.450987 -0.547304
v 0.018025 0.485364 -0.622115
v 0.009656 0.503002 -0.640581
v 0.028339 0.436457 -0.378600
v 0.032070 0.440705 -0.503947
v 0.023515 0.444847 -0.327989
v 0.016125 0.500985 -0.627691
v 0.031984 0.454289 -0.379650
v 0.037956 0.454717 -0.478741
v 0.024524 0.487081 -0.599918
v 0.020543 0.494223 -0.615399
v 0.033805 0.452502 -0.404356
v 0.029513 0.456381 -0.354704
v 0.084037 0.352053 -0.229390
v 0.079319 0.435353 -0.227857
v 0.084744 0.373342 -0.231050
v 0.064136 0.466736 -0.215927
v 0.046757 0.628773 0.365846
v 0.046435 0.635713 0.365471
v 0.046891 0.644624 0.367952
v 0.048785 0.654185 0.372752
v 0.051580 0.663674 0.377890
v 0.082833 0.251843 0.138236
v 0.074660 0.211737 0.144471
v -0.020260 0.525244 0.030484
v -0.020467 0.522375 -0.010591
v -0.020898 0.524069 -0.031930
v -0.021379 0.526593 -0.054910
v -0.021557 0.528355 -0.075977
v -0.021328 0.529277 -0.117875
v -0.021007 0.527593 -0.140220
v -0.020031 0.523472 -0.158974
v -0.016745 0.509129 -0.201318
v -0.011279 0.506837 -0.636577
v -0.007914 0.486638 -0.287274
v -0.009480 0.483755 -0.309986
v -0.007521 0.510772 -0.619660
v -0.004009 0.514674 -0.636000
v -0.020957 0.450296 -0.304626
v -0.007611 0.489582 -0.267278
v -0.020273 0.462214 -0.264168
v -0.011513 0.452356 -0.262472
v -0.005470 0.513221 -0.629826
v -0.031638 0.501500 -0.202773
v -0.038032 0.516995 -0.158749
v -0.041098 0.521367 -0.139894
v -0.041823 0.522211 -0.118651
v -0.042654 0.520837 -0.078361
v -0.042402 0.518808 -0.056238
v -0.041158 0.516473 -0.034825
v -0.039291 0.515451 -0.013039
v -0.038811 0.517581 0.029616
v -0.082361 0.454419 -0.048429
v -0.086138 0.453799 -0.026916
v -0.092065 0.454266 0.019521
v -0.077996 0.456635 -0.070190
v -0.078201 0.458431 -0.090463
v -0.090014 0.460436 -0.129492
v -0.089714 0.459442 -0.147246
v -0.086947 0.457709 -0.167280
v -0.073749 0.452338 -0.222652
v -0.012007 0.443209 -0.240297
v -0.084941 0.440850 -0.092234
v -0.087205 0.420904 -0.090676
v -0.072768 0.367066 -0.085405
v -0.080251 0.332900 -0.115074
v -0.030680 0.322076 -0.114508
v -0.013316 0.320011 -0.115898
v -0.038838 0.314396 -0.123629
v -0.094176 0.252257 -0.159616
v -0.009626 0.321911 -0.192304
v -0.097362 0.255763 -0.178181
v -0.059240 0.510797 -0.100008
v -0.015205 0.317954 -0.221458
v -0.024242 0.310784 -0.142364
v -0.098545 0.331382 -0.158785
v -0.095574 0.332183 -0.134088
v -0.095020 0.331589 -0.183203
v -0.080232 0.362036 -0.100520
v -0.049081 0.249008 -0.145706
v -0.089669 0.419828 -0.108005
v -0.030800 0.264460 -0.219172
v -0.088143 0.441108 -0.109888
v -0.085025 0.459832 -0.109150
v -0.082692 0.250797 -0.144166
v -0.047258 0.270810 -0.244855
v -0.042050 0.521856 -0.097602
v -0.021584 0.528988 -0.096538
v -0.037319 0.268195 -0.234750
v -0.060367 0.272019 -0.246925
v -0.072686 0.271924 -0.242877
v -0.028539 0.470000 -0.236690
v -0.029229 0.460182 -0.240602
v -0.093040 0.260287 -0.195761
v -0.088718 0.265150 -0.214686
v -0.083073 0.269032 -0.230441
v -0.050526 0.220121 -0.168725
v -0.035269 0.234070 -0.213341
v -0.042132 0.224061 -0.181384
v -0.085187 0.236132 -0.225886
v -0.091355 0.223865 -0.180742
v -0.066218 0.219027 -0.162974
v -0.070721 0.241819 -0.244888
v -0.094655 0.228504 -0.196510
v -0.061780 0.242563 -0.247446
v -0.053072 0.241974 -0.244853
v -0.081269 0.220537 -0.168040
v -0.044657 0.239642 -0.237668
v -0.078275 0.239706 -0.237788
v -0.091487 0.232779 -0.210498
v -0.037177 0.228895 -0.198767
v -0.038151 0.236885 -0.226243
v -0.046411 0.189808 -0.212869
v -0.084368 0.189661 -0.214396
v -0.046326 0.150633 -0.267024
v -0.070181 0.155611 -0.293763
v -0.073259 0.158127 -0.284754
v -0.048460 0.146816 -0.257872
v -0.079949 0.151064 -0.268503
v -0.081671 0.145491 -0.250271
v -0.081842 0.148428 -0.259933
v -0.052744 0.143412 -0.248258
v -0.050125 0.154631 -0.275694
v -0.058848 0.141062 -0.241284
v -0.076299 0.142804 -0.243426
v -0.075892 0.154074 -0.276535
v -0.076275 0.141180 -0.278597
v -0.076046 0.134084 -0.247120
v -0.058784 0.133234 -0.244715
v -0.050067 0.140942 -0.277945
v -0.051553 0.133998 -0.251819
v -0.083782 0.137483 -0.263158
v -0.081221 0.135663 -0.254560
v -0.082207 0.139086 -0.271613
v -0.046426 0.136530 -0.259653
v -0.071659 0.142620 -0.285538
v -0.068881 0.144123 -0.293254
v -0.045156 0.138754 -0.269972
v -0.068163 0.140902 -0.239010
v -0.063430 0.155756 -0.295903
v -0.057580 0.155987 -0.294630
v -0.052775 0.159791 -0.286323
v -0.067851 0.123793 -0.245366
v -0.064343 0.126262 -0.293131
v -0.059301 0.126565 -0.291263
v -0.056286 0.125898 -0.284636
v -0.045359 0.125622 -0.270634
v -0.068242 0.125841 -0.291097
v -0.071055 0.125232 -0.284332
v -0.046235 0.125610 -0.260645
v -0.083122 0.124372 -0.272046
v -0.079771 0.124067 -0.255812
v -0.084273 0.124087 -0.263792
v -0.052065 0.124732 -0.253164
v -0.051283 0.125858 -0.277386
v -0.059012 0.123696 -0.247154
v -0.075314 0.123834 -0.248680
v -0.076536 0.124889 -0.278464
v -0.077822 0.007975 -0.199982
v -0.089704 0.355481 -0.115992
v -0.096364 0.418368 -0.123786
v -0.093329 0.440787 -0.127996
v -0.094207 0.439145 -0.146604
v -0.092001 0.437009 -0.167018
v -0.098620 0.351789 -0.135055
v -0.099953 0.350774 -0.159228
v -0.084037 0.352053 -0.229390
v -0.037798 0.252385 -0.160589
v -0.006975 0.336949 -0.215453
v -0.005574 0.326532 -0.191469
v -0.006838 0.318288 -0.164894
v -0.008671 0.316493 -0.139636
v -0.099081 0.416323 -0.143246
v -0.098881 0.415328 -0.166479
v -0.082533 0.414868 -0.231377
v -0.079319 0.435353 -0.227857
v -0.084283 0.439075 -0.073102
v -0.088440 0.438143 -0.051080
v -0.092598 0.437246 -0.029404
v -0.099986 0.436297 0.017255
v -0.101334 0.436353 0.043531
v -0.087637 0.420731 -0.073565
v -0.070719 0.368508 -0.067924
v -0.014608 0.321559 -0.072521
v -0.059208 0.353900 -0.067393
v -0.094893 0.456100 0.069201
v -0.102932 0.435876 0.068148
v -0.107634 0.414137 0.066312
v -0.106296 0.415168 0.041830
v -0.095593 0.349792 0.036018
v -0.082066 0.328792 0.034104
v -0.091780 0.420169 -0.053068
v -0.073822 0.366708 -0.049115
v -0.061390 0.351029 -0.048430
v -0.015897 0.316108 -0.052019
v -0.097093 0.418883 -0.031621
v -0.104252 0.416377 0.016096
v -0.079158 0.363234 -0.029602
v -0.090379 0.353687 0.012561
v -0.018269 0.307978 -0.032640
v -0.022045 0.290695 0.007204
v -0.066757 0.345851 -0.029360
v -0.077298 0.333691 0.011307
v -0.013329 0.429953 -0.243551
v -0.012530 0.481171 -0.381061
v -0.014039 0.484115 -0.451338
v -0.032946 0.434355 -0.455905
v -0.014153 0.486011 -0.472683
v -0.033252 0.436592 -0.480267
v -0.012591 0.493645 -0.533102
v -0.029698 0.450987 -0.547304
v -0.018179 0.437625 -0.551397
v -0.010074 0.504070 -0.589527
v -0.008596 0.507743 -0.605512
v -0.013992 0.413952 -0.247252
v -0.025824 0.414353 -0.253452
v -0.021570 0.349769 -0.250537
v -0.011488 0.328326 -0.221273
v -0.009110 0.493966 -0.242557
v -0.007962 0.492245 -0.252119
v -0.023686 0.466622 -0.242488
v -0.021539 0.464979 -0.249420
v -0.016417 0.454360 -0.243335
v -0.067058 0.049683 -0.242940
v -0.057979 0.049275 -0.244432
v -0.078616 0.007962 -0.199953
v -0.045769 0.035184 -0.262592
v -0.047642 0.028829 -0.268800
v -0.066377 0.018780 -0.277289
v -0.058843 0.020142 -0.276708
v -0.052275 0.023947 -0.273304
v -0.010775 0.353024 -0.239171
v -0.014398 0.322708 -0.093979
v -0.016709 0.311059 -0.168070
v -0.045658 0.339888 -0.068545
v -0.030473 0.328198 -0.091733
v -0.010118 0.510562 -0.632670
v -0.057427 0.504133 -0.038556
v -0.056212 0.502483 -0.016886
v -0.054057 0.504829 0.028097
v -0.012397 0.450088 -0.239593
v -0.021921 0.450995 -0.242511
v -0.024982 0.480110 -0.234499
v -0.043186 0.490622 -0.204963
v -0.053770 0.505474 -0.159289
v -0.058209 0.510348 -0.140793
v -0.059927 0.511767 -0.119729
v -0.058543 0.508880 -0.080589
v -0.058339 0.506284 -0.059673
v -0.013213 0.481064 -0.405101
v -0.014014 0.482137 -0.428199
v -0.013731 0.488216 -0.494120
v -0.013207 0.490672 -0.514043
v -0.019103 0.431495 -0.529087
v -0.012044 0.496608 -0.552467
v -0.010369 0.500207 -0.571853
v -0.010357 0.482388 -0.333177
v -0.011391 0.481437 -0.358339
v -0.026790 0.440263 -0.352568
v -0.017186 0.426198 -0.351667
v -0.077407 0.205008 -0.244503
v -0.044020 0.205256 -0.244896
v -0.042265 0.195636 -0.225160
v -0.082886 0.199641 -0.234742
v -0.054076 0.185744 -0.203362
v -0.073567 0.209592 -0.252978
v -0.050509 0.209921 -0.252469
v -0.077751 0.185742 -0.205325
v -0.057674 0.212250 -0.256970
v -0.062928 0.212749 -0.258909
v -0.087219 0.194635 -0.224021
v -0.069610 0.211823 -0.257197
v -0.066954 0.183920 -0.199926
v -0.042403 0.200340 -0.235568
v -0.038618 0.216026 -0.224488
v -0.040182 0.219992 -0.236462
v -0.043905 0.207758 -0.196558
v -0.082376 0.219701 -0.235956
v -0.039926 0.212295 -0.211636
v -0.087916 0.215976 -0.223006
v -0.088070 0.207246 -0.195948
v -0.066547 0.202518 -0.180170
v -0.052184 0.204191 -0.184841
v -0.076108 0.223514 -0.245588
v -0.070204 0.225410 -0.249983
v -0.046312 0.223874 -0.244867
v -0.091039 0.211834 -0.209398
v -0.062651 0.226380 -0.251756
v -0.055290 0.225814 -0.249906
v -0.079179 0.204074 -0.184704
v -0.018383 0.303133 -0.194306
v -0.083284 0.316398 -0.227635
v -0.022631 0.302346 -0.170901
v -0.095162 0.313492 -0.184286
v -0.093783 0.311299 -0.138473
v -0.098260 0.312109 -0.161121
v -0.029876 0.302362 -0.146638
v -0.020139 0.305802 -0.218258
v -0.041962 0.302779 -0.126867
v -0.083086 0.310712 -0.118117
v -0.087989 0.314779 -0.206014
v -0.061906 0.306231 -0.114732
v -0.028012 0.312085 -0.238096
v -0.057439 0.318085 -0.253932
v -0.041471 0.317056 -0.250983
v -0.050605 0.256057 -0.244555
v -0.061190 0.256789 -0.246520
v -0.085144 0.402316 -0.089391
v -0.079657 0.383245 -0.087883
v -0.096849 0.375911 -0.116333
v -0.098048 0.397247 -0.119737
v -0.012738 0.394392 -0.249470
v -0.012047 0.374711 -0.247072
v -0.101104 0.371899 -0.136766
v -0.101378 0.394505 -0.140353
v -0.101295 0.370776 -0.161256
v -0.101541 0.392909 -0.164114
v -0.084744 0.373342 -0.231050
v -0.084334 0.393871 -0.231816
v -0.073025 0.394737 -0.248973
v -0.024631 0.430240 -0.246876
v -0.085199 0.401191 -0.071230
v -0.078996 0.383655 -0.069494
v -0.109409 0.391643 0.063748
v -0.107590 0.393007 0.040124
v -0.104038 0.371316 0.037901
v -0.084031 0.382787 -0.051021
v -0.090205 0.400539 -0.052637
v -0.090359 0.381610 -0.030821
v -0.096324 0.399284 -0.032024
v -0.104354 0.395742 0.014985
v -0.100219 0.375186 0.014245
v -0.012697 0.313906 -0.193089
v -0.072159 0.255583 -0.242977
v -0.041408 0.254122 -0.235655
v -0.065861 0.234086 -0.150831
v -0.087348 0.249678 -0.220044
v -0.081606 0.234779 -0.156328
v -0.049910 0.234244 -0.154970
v -0.054739 0.142887 -0.286049
v -0.057795 0.144037 -0.293204
v -0.063283 0.144626 -0.295287
v -0.068035 0.133043 -0.242812
v -0.087345 0.435650 -0.210931
v -0.091369 0.435940 -0.188693
v -0.091006 0.350657 -0.207796
v -0.096034 0.350548 -0.183908
v -0.095391 0.415379 -0.188522
v -0.090506 0.415266 -0.211694
v -0.017923 0.513591 -0.189280
v -0.019227 0.518463 -0.175201
v -0.034832 0.506282 -0.189589
v -0.036203 0.511191 -0.175368
v -0.079457 0.454323 -0.206354
v -0.084060 0.455554 -0.186785
v -0.050591 0.499270 -0.176559
v -0.047418 0.494551 -0.191700
v -0.035083 0.251230 -0.220841
v -0.039514 0.237212 -0.170167
v -0.095993 0.241052 -0.186955
v -0.092583 0.237131 -0.169314
v -0.092797 0.245853 -0.203265
v -0.033918 0.241961 -0.188723
v -0.081433 0.252818 -0.233488
v -0.031516 0.247037 -0.205723
v -0.097081 0.371302 -0.185313
v -0.092089 0.372046 -0.209303
v -0.091721 0.393718 -0.210700
v -0.097875 0.393297 -0.187311
v -0.022502 0.469272 -0.284337
v -0.017689 0.480233 -0.285468
v -0.019540 0.476555 -0.308027
v -0.013664 0.507026 -0.622289
v -0.005426 0.514388 -0.639890
v -0.005657 0.513023 -0.643413
v -0.016794 0.483653 -0.266322
v -0.021545 0.473761 -0.265057
v -0.026542 0.471319 -0.380623
v -0.031065 0.472906 -0.452934
v -0.037681 0.452643 -0.454621
v -0.037956 0.454717 -0.478741
v -0.031176 0.475398 -0.475113
v -0.034216 0.466523 -0.541911
v -0.028773 0.483824 -0.536286
v -0.020369 0.498204 -0.593022
v -0.020543 0.494223 -0.615399
v -0.017192 0.502773 -0.608507
v -0.022146 0.478227 -0.241893
v -0.017163 0.488140 -0.242269
v -0.021393 0.476855 -0.250148
v -0.016745 0.486343 -0.251260
v -0.028295 0.470513 -0.403921
v -0.035794 0.452161 -0.429799
v -0.029813 0.471328 -0.428613
v -0.030727 0.477339 -0.496258
v -0.036364 0.457558 -0.500885
v -0.029753 0.480461 -0.516719
v -0.026327 0.488145 -0.555499
v -0.031700 0.472550 -0.562782
v -0.028298 0.479868 -0.582002
v -0.023252 0.492916 -0.574995
v -0.021832 0.474223 -0.331795
v -0.024348 0.472816 -0.357219
v -0.010221 0.496083 -0.233293
v -0.014188 0.503953 -0.213317
v -0.003954 0.505505 -0.645891
v -0.005054 0.509542 -0.645725
v -0.019739 0.489856 -0.233395
v -0.011153 0.316090 -0.165917
v -0.018290 0.314479 -0.140444
v -0.076978 0.012207 -0.203993
v -0.079226 0.012473 -0.203876
v -0.080460 0.024740 -0.273458
v -0.074504 0.020561 -0.276004
v -0.058824 0.060625 -0.247178
v -0.084755 0.030427 -0.269280
v -0.087140 0.036411 -0.263591
v -0.075312 0.049139 -0.244473
v -0.066756 0.011598 -0.202054
v -0.068597 0.011691 -0.202752
v -0.067866 0.008370 -0.199310
v -0.068615 0.008368 -0.199366
v -0.068656 0.007430 -0.199439
v -0.067849 0.007412 -0.199366
v -0.066714 0.007016 -0.201884
v -0.068833 0.007089 -0.202603
v -0.049510 0.051985 -0.273334
v -0.051826 0.007370 -0.214299
v -0.051779 0.008170 -0.213997
v -0.051033 0.008230 -0.213894
v -0.051027 0.007395 -0.214168
v -0.069983 0.013017 -0.204132
v -0.063331 0.012912 -0.202193
v -0.070553 0.006061 -0.203973
v -0.063660 0.006028 -0.201961
v -0.072319 0.007535 -0.206725
v -0.072081 0.013419 -0.207769
v -0.068738 0.022135 -0.208049
v -0.062913 0.021422 -0.207513
v -0.071978 0.020538 -0.210444
v -0.071960 0.030647 -0.215569
v -0.057292 0.002894 -0.244112
v -0.068432 0.031985 -0.213814
v -0.061205 0.003414 -0.238345
v -0.071411 0.035355 -0.221347
v -0.067314 0.037524 -0.220066
v -0.063105 0.031868 -0.213927
v -0.052918 0.031708 -0.232134
v -0.061961 0.037239 -0.220346
v -0.057995 0.006132 -0.209263
v -0.056234 0.012805 -0.210413
v -0.056479 0.020123 -0.214190
v -0.056380 0.027988 -0.217884
v -0.045364 0.028087 -0.232883
v -0.056617 0.033082 -0.223246
v -0.054110 0.006067 -0.218263
v -0.053832 0.012858 -0.216803
v -0.054089 0.017970 -0.218759
v -0.054190 0.024135 -0.222344
v -0.053659 0.028643 -0.226478
v -0.069056 0.004296 -0.236749
v -0.070544 0.037592 -0.227404
v -0.069113 0.039801 -0.235299
v -0.068202 0.041963 -0.238514
v -0.066338 0.039248 -0.226940
v -0.061602 0.039169 -0.226879
v -0.058439 0.039419 -0.235317
v -0.065373 0.040041 -0.232285
v -0.061507 0.040101 -0.231613
v -0.057954 0.036354 -0.229677
v -0.067271 0.001293 -0.217291
v -0.067983 0.001525 -0.211485
v -0.071943 0.005453 -0.208567
v -0.058978 0.002166 -0.216503
v -0.061436 0.002185 -0.210336
v -0.068272 0.002736 -0.206451
v -0.063974 0.002877 -0.205733
v -0.071688 0.004090 -0.212441
v -0.071168 0.003474 -0.218510
v -0.052038 0.006907 -0.217510
v -0.051537 0.010942 -0.216537
v -0.049215 0.010865 -0.216472
v -0.049780 0.006861 -0.217287
v -0.046323 0.012309 -0.217569
v -0.047456 0.005648 -0.217993
v -0.042126 0.011234 -0.226795
v -0.043145 0.005020 -0.226332
v -0.059403 0.001924 -0.224048
v -0.056029 0.004504 -0.226676
v -0.057458 0.003164 -0.232902
v -0.066589 0.001871 -0.223586
v -0.066075 0.002674 -0.229288
v -0.060666 0.002226 -0.229680
v -0.070140 0.003290 -0.232880
v -0.070722 0.004231 -0.224336
v -0.052529 0.003093 -0.221115
v -0.049112 0.002455 -0.220770
v -0.053096 0.001617 -0.227143
v -0.053952 0.001143 -0.232972
v -0.046152 0.001396 -0.227642
v -0.045658 0.001678 -0.235418
v -0.053438 0.001405 -0.238468
v -0.048002 0.001898 -0.240195
v -0.054880 0.002782 -0.240709
v -0.046527 0.006427 -0.245714
v -0.042954 0.004642 -0.235980
v -0.041618 0.011314 -0.235763
v -0.042894 0.012266 -0.243588
v -0.046429 0.017835 -0.220362
v -0.047322 0.023086 -0.222871
v -0.043274 0.018517 -0.227081
v -0.042631 0.019135 -0.235177
v -0.043157 0.020015 -0.242173
v -0.045560 0.026291 -0.227088
v -0.046814 0.005296 -0.251207
v -0.043721 0.013314 -0.251985
v -0.068167 0.001678 -0.241848
v -0.063043 0.001546 -0.242043
v -0.058930 0.000860 -0.250860
v -0.051433 0.002676 -0.254432
v -0.067624 0.000733 -0.251180
v -0.058901 0.001224 -0.262497
v -0.066831 0.001324 -0.263737
v -0.049657 0.007556 -0.263476
v -0.052027 0.002997 -0.259339
v -0.045163 0.016235 -0.259894
v -0.043565 0.021631 -0.248248
v -0.044230 0.025505 -0.253883
v -0.066648 0.003451 -0.268477
v -0.058521 0.003712 -0.267658
v -0.045853 0.029779 -0.238750
v -0.052005 0.034169 -0.236917
v -0.046030 0.031098 -0.243974
v -0.051515 0.036433 -0.240360
v -0.057917 0.041086 -0.238298
v -0.046421 0.033590 -0.248036
v -0.051481 0.039507 -0.243895
v -0.058014 0.043077 -0.240235
v -0.067914 0.043797 -0.240200
v -0.051897 0.046301 -0.249002
v -0.047416 0.041306 -0.254732
v -0.077903 0.006886 -0.200218
v -0.078690 0.006913 -0.200169
v -0.079581 0.007005 -0.203721
v -0.077053 0.006742 -0.203730
v -0.091451 0.006662 -0.218708
v -0.091607 0.007273 -0.218433
v -0.092049 0.007293 -0.218469
v -0.091922 0.006659 -0.218743
v -0.074688 0.013557 -0.204561
v -0.082140 0.014017 -0.204579
v -0.074620 0.005616 -0.203912
v -0.082440 0.006832 -0.203871
v -0.052694 0.058248 -0.252454
v -0.083156 0.057377 -0.259466
v -0.074954 0.021843 -0.209015
v -0.082015 0.022244 -0.210181
v -0.079608 0.058846 -0.252493
v -0.079077 0.003703 -0.247585
v -0.074986 0.031541 -0.214469
v -0.075557 0.004469 -0.239464
v -0.074498 0.036600 -0.220855
v -0.080714 0.031176 -0.215854
v -0.085952 0.029269 -0.234922
v -0.079687 0.036315 -0.221932
v -0.086469 0.006128 -0.211335
v -0.087097 0.013158 -0.212351
v -0.086007 0.020037 -0.214943
v -0.084807 0.027418 -0.219101
v -0.091891 0.026517 -0.237063
v -0.084055 0.032535 -0.224530
v -0.088249 0.005306 -0.221693
v -0.088432 0.012048 -0.219889
v -0.088435 0.016991 -0.222124
v -0.087543 0.022081 -0.225167
v -0.086996 0.026877 -0.229319
v -0.083792 0.054744 -0.266887
v -0.073921 0.038060 -0.227708
v -0.078263 0.038144 -0.228268
v -0.079720 0.037560 -0.235099
v -0.072763 0.039256 -0.232757
v -0.076945 0.039305 -0.232273
v -0.081909 0.035212 -0.230489
v -0.074691 0.001019 -0.218261
v -0.075291 0.001308 -0.212097
v -0.049226 0.056554 -0.258899
v -0.082774 0.001549 -0.218994
v -0.082257 0.001884 -0.211945
v -0.075585 0.002488 -0.207613
v -0.080264 0.002616 -0.207249
v -0.081165 0.051929 -0.273468
v -0.073899 0.060402 -0.247040
v -0.090303 0.006713 -0.221098
v -0.090470 0.010670 -0.220296
v -0.092584 0.010753 -0.221263
v -0.092392 0.006488 -0.221890
v -0.094894 0.011724 -0.223332
v -0.095287 0.005684 -0.224237
v -0.097860 0.012841 -0.232127
v -0.097066 0.005866 -0.233234
v -0.081125 0.001580 -0.225737
v -0.085464 0.004105 -0.227929
v -0.081637 0.004659 -0.234751
v -0.074318 0.001465 -0.224286
v -0.074211 0.001980 -0.229694
v -0.078975 0.002094 -0.229970
v -0.077717 0.048889 -0.279642
v -0.072696 0.047542 -0.284170
v -0.090276 0.002340 -0.224804
v -0.093432 0.002562 -0.225772
v -0.088215 0.001505 -0.229490
v -0.085771 0.001350 -0.236196
v -0.094732 0.002229 -0.233511
v -0.093735 0.001500 -0.239904
v -0.084180 0.002294 -0.243007
v -0.090496 0.001679 -0.245319
v -0.082188 0.004222 -0.244289
v -0.091782 0.005926 -0.248831
v -0.096963 0.006084 -0.240694
v -0.097321 0.013180 -0.240793
v -0.094894 0.013583 -0.248520
v -0.093456 0.017741 -0.224456
v -0.091808 0.021871 -0.226422
v -0.095964 0.018781 -0.231519
v -0.095666 0.019871 -0.239557
v -0.093936 0.020660 -0.246057
v -0.092814 0.025064 -0.231180
v -0.087734 0.006419 -0.254070
v -0.091198 0.014223 -0.254816
v -0.047183 0.054744 -0.266145
v -0.073660 0.002801 -0.242554
v -0.076312 0.001564 -0.251376
v -0.084431 0.003790 -0.255725
v -0.053773 0.049249 -0.279771
v -0.075980 0.002070 -0.263861
v -0.059224 0.047702 -0.284136
v -0.084144 0.009985 -0.265704
v -0.082854 0.004162 -0.261804
v -0.088551 0.016620 -0.261442
v -0.092144 0.022157 -0.252838
v -0.090286 0.025515 -0.257557
v -0.066030 0.047026 -0.285505
v -0.075787 0.004462 -0.268098
v -0.066966 0.060886 -0.244705
v -0.090546 0.027749 -0.242938
v -0.084381 0.031354 -0.240225
v -0.089060 0.029715 -0.248143
v -0.083462 0.033992 -0.243674
v -0.078210 0.040256 -0.238800
v -0.087758 0.032499 -0.251939
v -0.083124 0.037386 -0.246648
v -0.077103 0.043275 -0.241590
v -0.081725 0.046163 -0.250180
v -0.085127 0.041603 -0.257015
v -0.057674 0.162398 -0.293450
v -0.063575 0.162997 -0.294587
v -0.069817 0.161840 -0.292813
v -0.069787 0.166358 -0.289667
v -0.027297 0.497522 -0.214767
v -0.039078 0.486772 -0.216584
v -0.063572 0.169133 -0.291322
v -0.057761 0.167602 -0.290141
v -0.048095 0.160534 -0.260945
v -0.071123 0.169409 -0.275903
v -0.049045 0.156484 -0.252956
v -0.078648 0.161388 -0.261327
v -0.081873 0.153613 -0.244684
v -0.081129 0.157973 -0.254078
v -0.053414 0.152382 -0.243644
v -0.052235 0.164517 -0.268898
v -0.058816 0.149079 -0.236595
v -0.076870 0.150234 -0.238088
v -0.073480 0.164804 -0.268800
v -0.068355 0.148087 -0.233615
v -0.055595 0.169480 -0.276234
v -0.069298 0.173637 -0.282159
v -0.063205 0.175843 -0.284822
v -0.057894 0.173489 -0.282366
v -0.048567 0.172796 -0.253894
v -0.071273 0.182255 -0.268481
v -0.048467 0.167442 -0.245904
v -0.077192 0.172233 -0.254177
v -0.082838 0.162833 -0.237992
v -0.081716 0.167522 -0.246591
v -0.051596 0.162313 -0.236738
v -0.051965 0.177570 -0.261634
v -0.057792 0.159038 -0.228756
v -0.077345 0.159205 -0.230310
v -0.072293 0.176382 -0.260734
v -0.068210 0.157112 -0.225351
v -0.055910 0.182294 -0.267577
v -0.069122 0.186162 -0.273572
v -0.063647 0.187854 -0.274966
v -0.059669 0.187251 -0.273364
v -0.046459 0.186288 -0.246033
v -0.071689 0.195122 -0.261350
v -0.045883 0.180385 -0.236872
v -0.079086 0.183891 -0.246112
v -0.083383 0.173734 -0.229051
v -0.083905 0.178520 -0.237377
v -0.048809 0.174378 -0.226481
v -0.048251 0.190882 -0.253525
v -0.055770 0.170392 -0.218129
v -0.077496 0.169754 -0.221076
v -0.074311 0.189220 -0.253308
v -0.067633 0.168220 -0.214831
v -0.053377 0.195511 -0.260458
v -0.068817 0.199022 -0.265695
v -0.063524 0.200363 -0.266807
v -0.059038 0.199484 -0.265310
v -0.039950 0.414695 -0.256970
v -0.027779 0.260251 -0.200727
v -0.040119 0.395005 -0.259372
v -0.065843 0.249244 -0.139666
v -0.038823 0.372141 -0.259788
v -0.038258 0.353270 -0.258476
v -0.031272 0.256036 -0.181157
v -0.088933 0.332110 -0.206225
v -0.058814 0.321456 -0.112952
v -0.023917 0.330893 -0.244264
v -0.073435 0.333887 -0.247540
v -0.039382 0.334772 -0.254958
v -0.052356 0.332134 -0.102855
v -0.069485 0.345126 -0.100063
v -0.047791 0.338698 -0.086994
v -0.062023 0.352066 -0.084951
v -0.036153 0.271173 -0.154396
v -0.034574 0.288250 -0.150557
v -0.094472 0.289777 -0.143877
v -0.095459 0.271113 -0.150246
v -0.044614 0.287615 -0.130416
v -0.047504 0.267481 -0.137654
v -0.026251 0.280007 -0.218634
v -0.024201 0.292964 -0.217515
v -0.083945 0.269364 -0.132621
v -0.083358 0.289782 -0.124705
v -0.043198 0.299900 -0.246948
v -0.045270 0.285183 -0.244965
v -0.030871 0.297101 -0.236108
v -0.033315 0.283085 -0.235450
v -0.073191 0.285978 -0.243278
v -0.093376 0.276738 -0.189951
v -0.094945 0.294342 -0.186176
v -0.088687 0.280543 -0.210384
v -0.087950 0.297115 -0.207695
v -0.083946 0.299076 -0.228684
v -0.083443 0.283962 -0.229444
v -0.098674 0.273427 -0.171049
v -0.099137 0.291125 -0.165731
v -0.025212 0.276236 -0.196843
v -0.023201 0.289769 -0.195239
v -0.065578 0.266903 -0.128370
v -0.064158 0.287176 -0.118527
v -0.027658 0.288332 -0.173772
v -0.029197 0.273145 -0.176473
v -0.087198 0.379723 -0.102301
v -0.090353 0.399912 -0.104831
v -0.043339 0.461720 -0.236586
v -0.076463 0.470931 -0.045058
v -0.078655 0.470642 -0.023619
v -0.081138 0.471517 0.022288
v -0.078700 0.476783 -0.165857
v -0.082887 0.479809 -0.146135
v -0.085531 0.482173 -0.126778
v -0.075842 0.475886 -0.087288
v -0.074864 0.472926 -0.067008
v -0.080545 0.478888 -0.106203
v -0.069271 0.469099 -0.200923
v -0.074036 0.472826 -0.183640
v -0.074355 0.496068 -0.103539
v -0.058148 0.482008 -0.195645
v -0.069380 0.487756 -0.042234
v -0.068899 0.486760 -0.020506
v -0.068232 0.488739 0.025257
v -0.053690 0.478176 -0.209328
v -0.067664 0.491303 -0.162428
v -0.073242 0.495193 -0.143115
v -0.076880 0.497182 -0.123419
v -0.070947 0.493180 -0.084242
v -0.069628 0.490469 -0.063032
v -0.062561 0.486223 -0.180246
v -0.047881 0.474662 -0.222136
v -0.038755 0.472274 -0.231112
v -0.011942 0.499340 -0.223664
v -0.023826 0.493191 -0.224718
v -0.032199 0.483139 -0.227020
v -0.020316 0.523002 0.010599
v -0.038608 0.515492 0.008887
v -0.089343 0.453412 -0.004111
v -0.096875 0.436281 -0.006993
v -0.101408 0.417070 -0.008607
v -0.084654 0.358723 -0.009619
v -0.041337 0.305913 -0.012792
v -0.054494 0.502757 0.006219
v -0.100736 0.397834 -0.009535
v -0.095366 0.379124 -0.009769
v -0.079479 0.471117 -0.000825
v -0.067764 0.487201 0.002708
v -0.000000 0.529901 -0.096438
v 0.000000 0.526972 0.030827
v -0.000000 0.523994 -0.009829
v -0.000000 0.525167 -0.031247
v -0.000000 0.527545 -0.053768
v -0.000000 0.529186 -0.074859
v -0.000000 0.530504 -0.118042
v -0.000000 0.528577 -0.139762
v -0.000000 0.524085 -0.158640
v -0.000000 0.510819 -0.200837
v -0.000000 0.488064 -0.287705
v -0.000000 0.485351 -0.310748
v -0.000000 0.511907 -0.618326
v -0.000000 0.515262 -0.636092
v -0.000000 0.490777 -0.267901
v -0.000000 0.450122 -0.261955
v -0.000000 0.443684 -0.281921
v -0.000000 0.435417 -0.303198
v -0.000000 0.488445 -0.639585
v -0.000000 0.514070 -0.629176
v 0.000000 0.445075 -0.234076
v 0.000000 0.318584 -0.115815
v 0.000000 0.356104 -0.231733
v 0.000000 0.339422 -0.213337
v 0.000000 0.327120 -0.190913
v 0.000000 0.319513 -0.164065
v 0.000000 0.317453 -0.139247
v 0.000000 0.319459 -0.072614
v 0.000000 0.314011 -0.052154
v 0.000000 0.305492 -0.033239
v -0.000000 0.291884 0.006335
v -0.000000 0.286964 0.029269
v 0.000000 0.483184 -0.381160
v 0.000000 0.414966 -0.377342
v 0.000000 0.486210 -0.450942
v 0.000000 0.413075 -0.457621
v 0.000000 0.488085 -0.472510
v 0.000000 0.415402 -0.483768
v -0.000000 0.495271 -0.532230
v -0.000000 0.431813 -0.553518
v -0.000000 0.505402 -0.588273
v -0.000000 0.508930 -0.604294
v -0.000000 0.475968 -0.628759
v -0.000000 0.464335 -0.612949
v 0.000000 0.429736 -0.240902
v 0.000000 0.413995 -0.243675
v -0.000000 0.495833 -0.242380
v -0.000000 0.493620 -0.252717
v -0.000000 0.453640 -0.245888
v 0.000000 0.454793 -0.236923
v 0.000000 0.320440 -0.095138
v 0.000000 0.451600 -0.231943
v 0.000000 0.483139 -0.405297
v 0.000000 0.484347 -0.428324
v 0.000000 0.412212 -0.431590
v 0.000000 0.413391 -0.404548
v -0.000000 0.490120 -0.493566
v -0.000000 0.492447 -0.513374
v -0.000000 0.424693 -0.530585
v 0.000000 0.419673 -0.507447
v -0.000000 0.498126 -0.550952
v -0.000000 0.501499 -0.570975
v -0.000000 0.452210 -0.595080
v -0.000000 0.441126 -0.574740
v -0.000000 0.484079 -0.333582
v -0.000000 0.483226 -0.358279
v 0.000000 0.419478 -0.351110
v -0.000000 0.426945 -0.326656
v 0.000000 0.394881 -0.244176
v 0.000000 0.376808 -0.240346
v -0.000000 0.519560 -0.174600
v -0.000000 0.515058 -0.188559
v -0.000000 0.515689 -0.641915
v -0.000000 0.514324 -0.645795
v -0.000000 0.505331 -0.212387
v -0.000000 0.498068 -0.233090
v -0.000000 0.498221 -0.644389
v -0.000000 0.505537 -0.646693
v -0.000000 0.510455 -0.647498
v -0.000000 0.501239 -0.223027
v -0.000000 0.525102 0.011744
v 0.000000 0.299627 -0.013906
v -0.020043 0.456617 -0.283158
v -0.012508 0.439650 -0.303549
v -0.008485 0.490193 -0.637896
v -0.035061 0.445854 -0.245667
v -0.037643 0.431646 -0.251816
v -0.046995 0.294396 0.030403
v -0.024433 0.285508 0.029368
v -0.047432 0.335936 -0.049148
v -0.063700 0.314079 0.009932
v -0.028339 0.436457 -0.378600
v -0.020887 0.475462 -0.607021
v -0.011148 0.479055 -0.627029
v -0.071755 0.415788 -0.246513
v -0.027075 0.457726 -0.568703
v -0.024516 0.466123 -0.588644
v -0.014533 0.433002 -0.326740
v -0.073104 0.317437 -0.245926
v -0.059471 0.321789 -0.011403
v -0.073251 0.339829 -0.010006
v -0.073962 0.705048 0.379548
v -0.083654 0.683826 0.371701
v -0.088522 0.668996 0.364444
v -0.092873 0.641254 0.347200
v -0.057647 0.708200 0.385366
v -0.054426 0.703948 0.385486
v -0.051338 0.699013 0.385182
v -0.050229 0.693113 0.389120
v -0.033143 0.662397 0.374052
v -0.061632 0.710184 0.386997
v -0.055952 0.702916 0.388442
v -0.053133 0.697989 0.388905
v -0.048172 0.693675 0.384565
v -0.039617 0.671118 0.386761
v -0.061205 0.711043 0.386401
v -0.057881 0.708125 0.387208
v -0.054564 0.703778 0.387904
v -0.051445 0.698889 0.388272
v -0.048509 0.693859 0.388250
v -0.037216 0.671972 0.385085
v -0.032686 0.663125 0.382665
v -0.074402 0.704052 0.382175
v -0.071001 0.710042 0.383042
v -0.075022 0.704689 0.381049
v -0.079883 0.695612 0.378145
v -0.086025 0.682755 0.373932
v -0.090917 0.667547 0.367809
v -0.093364 0.652970 0.360849
v -0.095361 0.639118 0.353252
v -0.095831 0.627052 0.346416
v -0.049739 0.649150 0.322822
v -0.056905 0.643517 0.316503
v -0.032849 0.653452 0.381889
v -0.029038 0.655493 0.379840
v -0.029157 0.655131 0.369532
v -0.031506 0.653488 0.353870
v -0.034746 0.651774 0.337880
v -0.038915 0.648118 0.324847
v -0.044676 0.641872 0.314927
v -0.052019 0.634362 0.308541
v -0.065716 0.637582 0.314187
v -0.075265 0.630848 0.315916
v -0.061220 0.626899 0.305798
v -0.071675 0.619410 0.306911
v -0.084879 0.623955 0.321876
v -0.093560 0.618425 0.331225
v -0.092016 0.607710 0.323204
v -0.095206 0.617167 0.345967
v -0.096468 0.607542 0.342256
v -0.097402 0.616373 0.340494
v -0.098553 0.606133 0.334569
v -0.026403 0.649193 0.377470
v -0.025645 0.649460 0.365769
v -0.026859 0.648722 0.348911
v -0.028996 0.647289 0.332198
v -0.032583 0.642383 0.318566
v -0.037946 0.634693 0.308027
v -0.054768 0.616681 0.296282
v -0.096825 0.595348 0.329869
v -0.080958 0.599823 0.346142
v -0.071251 0.609398 0.348249
v -0.057850 0.688000 0.385164
v -0.053475 0.623848 0.355804
v -0.031518 0.640377 0.380593
v -0.023038 0.644558 0.377895
v -0.089747 0.591603 0.340918
v -0.021364 0.645268 0.363236
v -0.021541 0.645021 0.345875
v -0.022796 0.644073 0.328749
v -0.025792 0.638576 0.313527
v -0.030753 0.630638 0.300767
v -0.037597 0.621193 0.289396
v -0.015556 0.643069 0.361769
v -0.015495 0.641861 0.344996
v -0.015353 0.642626 0.328304
v -0.017911 0.636637 0.310552
v -0.022948 0.629405 0.295943
v -0.008043 0.644815 0.361989
v -0.007435 0.642557 0.344598
v -0.007462 0.643047 0.327707
v -0.008060 0.637197 0.308382
v -0.060802 0.705784 0.386977
v -0.064271 0.704694 0.385464
v -0.068303 0.703881 0.384079
v -0.072101 0.703432 0.383032
v -0.071403 0.705231 0.378276
v -0.067021 0.706317 0.378316
v -0.062240 0.707310 0.379845
v -0.058600 0.707710 0.382670
v -0.074191 0.697241 0.375142
v -0.067874 0.699660 0.375369
v -0.061490 0.701983 0.377485
v -0.056304 0.703312 0.381569
v -0.058952 0.701358 0.387210
v -0.063821 0.699652 0.384583
v -0.069259 0.697737 0.382372
v -0.075074 0.695708 0.380890
v -0.063396 0.694181 0.383444
v -0.070248 0.690584 0.380172
v -0.077869 0.685115 0.369813
v -0.068936 0.691605 0.371820
v -0.060999 0.695718 0.374831
v -0.053998 0.697320 0.379509
v -0.045022 0.687695 0.383346
v -0.047133 0.687226 0.388862
v -0.041562 0.680761 0.386776
v -0.045331 0.688082 0.387806
v -0.070158 0.707761 0.384238
v -0.062235 0.708605 0.386816
v -0.064495 0.708690 0.386111
v -0.067492 0.708484 0.385170
v -0.064296 0.711202 0.386267
v -0.064067 0.712213 0.385674
v -0.067277 0.712120 0.384612
v -0.069461 0.709570 0.380338
v -0.060698 0.710467 0.383312
v -0.066528 0.710675 0.381045
v -0.063161 0.710960 0.382149
v -0.066909 0.712165 0.383202
v -0.063727 0.712281 0.384249
v -0.042118 0.658491 0.381055
v -0.044445 0.653779 0.332777
v -0.039998 0.656934 0.345735
v -0.036029 0.659834 0.360717
v -0.077814 0.640954 0.325242
v -0.068757 0.646841 0.323748
v -0.040447 0.667923 0.367669
v -0.044942 0.663518 0.354757
v -0.049305 0.659510 0.342414
v -0.053907 0.655640 0.332678
v -0.060604 0.651452 0.326137
v -0.084909 0.605050 0.343980
v -0.061769 0.617655 0.349106
v -0.073979 0.614197 0.344870
v -0.061800 0.622978 0.344204
v -0.046435 0.635713 0.365471
v -0.052505 0.630272 0.352331
v -0.056095 0.681302 0.383908
v -0.077034 0.621424 0.344674
v -0.063206 0.631233 0.343775
v -0.054110 0.672783 0.381589
v -0.052875 0.639289 0.353555
v -0.046891 0.644624 0.367952
v -0.048785 0.654185 0.372752
v -0.054458 0.648715 0.359020
v -0.064561 0.640655 0.347255
v -0.078395 0.630264 0.346329
v -0.088182 0.631524 0.351091
v -0.086976 0.645799 0.340454
v -0.085107 0.657903 0.351203
v -0.083001 0.670744 0.361226
v -0.044289 0.676734 0.372849
v -0.047406 0.684544 0.376114
v -0.050193 0.691235 0.378409
v -0.059193 0.691849 0.385431
v -0.063568 0.689507 0.381954
v -0.069826 0.685382 0.378315
v -0.076049 0.681054 0.376531
v -0.077996 0.672032 0.372592
v -0.078668 0.660702 0.365483
v -0.078780 0.649800 0.357275
v -0.079137 0.639820 0.350477
v -0.066275 0.649632 0.354124
v -0.057417 0.657967 0.366421
v -0.068113 0.658733 0.362251
v -0.060176 0.666797 0.372964
v -0.069601 0.668392 0.369800
v -0.061963 0.675850 0.377576
v -0.070071 0.677908 0.375320
v -0.063071 0.683844 0.380307
v -0.078645 0.651027 0.336191
v -0.077143 0.661802 0.348549
v -0.076176 0.672094 0.358962
v -0.074977 0.680408 0.365789
v -0.068654 0.684182 0.367426
v -0.061241 0.688649 0.370871
v -0.055841 0.691677 0.374496
v -0.054366 0.685842 0.371876
v -0.052382 0.678606 0.367853
v -0.049155 0.671220 0.362565
v -0.069884 0.655781 0.335685
v -0.062978 0.658398 0.337288
v -0.057348 0.661662 0.342868
v -0.053830 0.665972 0.351594
v -0.059643 0.666350 0.349658
v -0.063505 0.664188 0.346139
v -0.067757 0.666295 0.349785
v -0.068456 0.675812 0.360478
v -0.058886 0.671832 0.357564
v -0.060622 0.680564 0.365552
v -0.089005 0.581842 0.341459
v -0.079352 0.598403 0.353401
v -0.069974 0.608226 0.356653
v -0.054235 0.622807 0.364075
v -0.046520 0.625812 0.367698
v -0.032403 0.635684 0.385896
v -0.015446 0.646147 0.377067
v -0.008110 0.646932 0.377442
v -0.055026 0.493983 0.355404
v -0.042801 0.489722 0.363300
v -0.010523 0.484531 0.386405
v -0.008225 0.479680 0.398328
v -0.007219 0.474931 0.407629
v -0.005649 0.469332 0.423030
v -0.005059 0.466537 0.429559
v -0.003514 0.465035 0.448608
v -0.031501 0.487156 0.368911
v -0.019705 0.484749 0.389827
v -0.027944 0.571820 0.420299
v -0.027637 0.574068 0.421221
v -0.028435 0.577281 0.422419
v -0.029461 0.579545 0.423736
v -0.031766 0.582138 0.424646
v -0.034335 0.584178 0.424902
v -0.038614 0.585614 0.424492
v -0.042577 0.585006 0.423149
v -0.046054 0.583226 0.420822
v -0.048634 0.581595 0.418895
v -0.050330 0.580047 0.417272
v -0.051463 0.578867 0.415742
v -0.051967 0.577811 0.414236
v -0.051885 0.576877 0.412494
v -0.051570 0.575835 0.412198
v -0.051000 0.573877 0.413659
v -0.049915 0.571986 0.415619
v -0.047670 0.569534 0.418073
v -0.043812 0.567877 0.420026
v -0.039719 0.567490 0.421952
v -0.036177 0.568380 0.422413
v -0.032746 0.569580 0.421431
v -0.030120 0.570538 0.420141
v -0.027275 0.571187 0.421905
v -0.026974 0.573596 0.422600
v -0.026985 0.577590 0.422675
v -0.028277 0.580196 0.423536
v -0.030741 0.583043 0.424302
v -0.033519 0.585209 0.424575
v -0.038264 0.586865 0.424347
v -0.042602 0.586561 0.423011
v -0.046573 0.585083 0.420479
v -0.053497 0.609239 0.393217
v -0.049592 0.583630 0.418208
v -0.051277 0.582052 0.416799
v -0.052706 0.580477 0.415349
v -0.053452 0.578790 0.414087
v -0.053633 0.577361 0.412692
v -0.053063 0.575855 0.411969
v -0.052338 0.573975 0.412730
v -0.050887 0.571431 0.415223
v -0.048065 0.568731 0.417858
v -0.043996 0.567039 0.420075
v -0.039739 0.566491 0.422226
v -0.035767 0.567441 0.422745
v -0.032454 0.568605 0.421967
v -0.029193 0.569909 0.421590
v -0.032071 0.581385 0.423540
v -0.034946 0.583623 0.423896
v -0.038581 0.584841 0.423637
v -0.042150 0.584143 0.422202
v -0.045245 0.582369 0.420092
v -0.047457 0.580547 0.418426
v -0.049094 0.579029 0.416944
v -0.050019 0.577964 0.415252
v -0.050257 0.577299 0.413479
v -0.050354 0.576733 0.412332
v -0.050151 0.575728 0.412265
v -0.049700 0.574021 0.413829
v -0.048592 0.572327 0.415423
v -0.046465 0.570112 0.417355
v -0.042700 0.568495 0.418767
v -0.039133 0.567930 0.420153
v -0.035937 0.568669 0.419752
v -0.033064 0.569756 0.419400
v -0.030702 0.570651 0.418173
v -0.030365 0.579285 0.422594
v -0.029277 0.577318 0.421070
v -0.028336 0.574824 0.418764
v -0.028672 0.572392 0.418198
v -0.027936 0.575618 0.421786
v -0.026909 0.575498 0.422640
v -0.028623 0.575944 0.419780
v -0.032807 0.586753 0.424225
v -0.048850 0.566745 0.416574
v -0.037795 0.588916 0.424070
v -0.042616 0.589226 0.422426
v -0.047396 0.588348 0.419571
v -0.064969 0.571057 0.386868
v -0.050844 0.586727 0.416640
v -0.052723 0.584782 0.414878
v -0.054198 0.582614 0.413333
v -0.055066 0.580196 0.412156
v -0.055238 0.577982 0.411071
v -0.054467 0.575775 0.410633
v -0.053625 0.573395 0.411159
v -0.052018 0.570292 0.413825
v -0.044349 0.564982 0.419253
v -0.039627 0.564572 0.421807
v -0.035296 0.565541 0.422635
v -0.031493 0.566985 0.421853
v -0.028386 0.568788 0.422104
v -0.029699 0.584170 0.423985
v -0.027096 0.580916 0.423381
v -0.025429 0.577801 0.423436
v -0.025081 0.575482 0.423349
v -0.025397 0.572885 0.423642
v -0.026284 0.569956 0.423474
v -0.032396 0.581574 0.421274
v -0.034245 0.583307 0.421181
v -0.037151 0.584602 0.420649
v -0.040544 0.584021 0.419765
v -0.043507 0.582249 0.418680
v -0.065727 0.578851 0.387629
v -0.045549 0.580456 0.417230
v -0.047165 0.579539 0.415915
v -0.048068 0.579015 0.414335
v -0.047976 0.579288 0.411634
v -0.048441 0.577535 0.411135
v -0.047924 0.576106 0.412204
v -0.046919 0.574720 0.413333
v -0.045996 0.573024 0.414612
v -0.044443 0.571286 0.415749
v -0.041141 0.569663 0.416498
v -0.038217 0.569117 0.416982
v -0.035388 0.569703 0.416830
v -0.032987 0.570378 0.416581
v -0.031307 0.571168 0.415734
v -0.030887 0.579508 0.420437
v -0.029750 0.577798 0.419190
v -0.028870 0.575633 0.416300
v -0.029093 0.573044 0.415925
v -0.029035 0.576584 0.417373
v -0.033272 0.582233 0.416327
v -0.038645 0.583559 0.415608
v -0.044089 0.581715 0.413504
v -0.066026 0.585573 0.389172
v -0.047417 0.579874 0.410593
v -0.048292 0.578463 0.407694
v -0.047327 0.575721 0.408265
v -0.044537 0.572569 0.410196
v -0.039277 0.570160 0.411638
v -0.033820 0.570188 0.411834
v -0.030271 0.571494 0.411240
v -0.029743 0.579061 0.415101
v -0.027969 0.576179 0.412790
v -0.028194 0.573475 0.411526
v -0.032195 0.589454 0.426446
v -0.050789 0.564145 0.414837
v -0.036849 0.591410 0.424468
v -0.042539 0.592152 0.421511
v -0.048168 0.591924 0.417773
v -0.064057 0.592262 0.391562
v -0.051629 0.590064 0.414242
v -0.053583 0.587336 0.411600
v -0.055183 0.584690 0.409997
v -0.056798 0.581483 0.408615
v -0.057063 0.578465 0.408166
v -0.056352 0.575097 0.407744
v -0.055547 0.572255 0.408459
v -0.053838 0.568258 0.411818
v -0.045280 0.561799 0.418576
v -0.039974 0.560865 0.421762
v -0.034642 0.561619 0.423926
v -0.030124 0.563377 0.424423
v -0.026915 0.565883 0.425006
v -0.028830 0.585933 0.427372
v -0.026175 0.581746 0.427805
v -0.024515 0.578186 0.427184
v -0.023779 0.574686 0.425983
v -0.023937 0.571568 0.425733
v -0.025191 0.568569 0.426128
v -0.029402 0.594375 0.428339
v -0.053227 0.559461 0.411264
v -0.034978 0.595633 0.424870
v -0.042624 0.596376 0.420923
v -0.049194 0.596438 0.416316
v -0.059957 0.599074 0.394670
v -0.053163 0.593998 0.411590
v -0.055411 0.590878 0.407577
v -0.057378 0.586888 0.404956
v -0.059255 0.582839 0.403196
v -0.059624 0.578765 0.402341
v -0.058482 0.574086 0.402386
v -0.058060 0.570286 0.403562
v -0.056457 0.564138 0.407142
v -0.047463 0.556667 0.416924
v -0.041630 0.555123 0.421316
v -0.034099 0.556792 0.425284
v -0.029562 0.558989 0.428435
v -0.025673 0.562351 0.428985
v -0.026102 0.590787 0.429673
v -0.023824 0.584898 0.430098
v -0.022385 0.579158 0.429782
v -0.021732 0.574158 0.429205
v -0.022102 0.569785 0.428995
v -0.023604 0.565857 0.429742
v -0.025312 0.601210 0.428376
v -0.054530 0.553823 0.405239
v -0.041007 0.602611 0.419543
v -0.049068 0.601996 0.413911
v -0.053916 0.604954 0.400697
v -0.053773 0.598994 0.407559
v -0.057994 0.595002 0.402153
v -0.061022 0.589674 0.399424
v -0.062347 0.583718 0.397259
v -0.062442 0.578856 0.395804
v -0.061057 0.573112 0.394969
v -0.060531 0.566276 0.396616
v -0.058222 0.559787 0.401004
v -0.049550 0.550379 0.412446
v -0.043546 0.547819 0.418842
v -0.034235 0.550587 0.427228
v -0.028921 0.554196 0.433553
v -0.024220 0.558909 0.434836
v -0.021227 0.596106 0.429673
v -0.019096 0.588719 0.430283
v -0.018600 0.580481 0.431113
v -0.018827 0.574199 0.432319
v -0.019569 0.568958 0.433664
v -0.021358 0.563903 0.434519
v -0.023541 0.556534 0.438965
v -0.004775 0.518373 0.491939
v -0.004466 0.534159 0.503345
v -0.002241 0.530829 0.503032
v -0.001342 0.527079 0.500459
v -0.001556 0.520568 0.494766
v -0.002129 0.517307 0.491992
v -0.002941 0.514246 0.488995
v -0.003547 0.512091 0.486090
v -0.008342 0.514307 0.486698
v -0.013215 0.517789 0.486315
v -0.016702 0.522091 0.485228
v -0.018291 0.526621 0.484093
v -0.007385 0.516539 0.489471
v -0.012437 0.519682 0.488315
v -0.015659 0.523543 0.486927
v -0.016687 0.527097 0.486194
v -0.003552 0.521126 0.494280
v -0.002970 0.526953 0.499694
v -0.003909 0.529633 0.502073
v -0.005781 0.531134 0.502805
v -0.009130 0.531350 0.502255
v -0.012138 0.530074 0.500751
v -0.013475 0.527485 0.498446
v -0.009965 0.534140 0.502086
v -0.014020 0.532267 0.499885
v -0.005006 0.538689 0.500531
v -0.005105 0.541829 0.496266
v -0.005013 0.544788 0.490580
v -0.010537 0.537568 0.499211
v -0.010528 0.540437 0.495003
v -0.010351 0.543340 0.489712
v -0.006065 0.530043 0.500961
v -0.008463 0.530159 0.500906
v -0.010663 0.529229 0.499979
v -0.011548 0.527509 0.498201
v -0.004545 0.529247 0.499856
v -0.003737 0.527379 0.497485
v -0.004913 0.522422 0.492793
v -0.006400 0.520574 0.491410
v -0.008861 0.520178 0.490005
v -0.012168 0.521882 0.488974
v -0.015771 0.528863 0.496812
v -0.011406 0.525919 0.495314
v -0.009849 0.525408 0.492134
v -0.013140 0.524952 0.494940
v -0.011052 0.524413 0.491075
v -0.015071 0.525457 0.492800
v -0.012403 0.524006 0.489196
v -0.015049 0.534800 0.496918
v -0.017055 0.531062 0.493899
v -0.016825 0.527354 0.490362
v -0.009493 0.523125 0.488764
v -0.008745 0.524121 0.489011
v -0.015043 0.525505 0.488237
v -0.016086 0.527315 0.487208
v -0.014995 0.524557 0.487754
v -0.015997 0.526940 0.486880
v -0.017286 0.529200 0.487449
v -0.018394 0.530817 0.484507
v -0.017448 0.535601 0.486090
v -0.014947 0.540101 0.488247
v -0.017240 0.533371 0.490204
v -0.015181 0.537375 0.492831
v -0.007462 0.525115 0.489819
v -0.007518 0.522816 0.489695
v -0.005908 0.523895 0.490716
v -0.006192 0.530377 0.498824
v -0.007730 0.530429 0.499009
v -0.004910 0.529698 0.497074
v -0.004278 0.527943 0.494770
v -0.009507 0.529908 0.498206
v -0.010287 0.529019 0.496820
v -0.010046 0.528004 0.494509
v -0.008796 0.527095 0.492581
v -0.006300 0.526639 0.491295
v -0.001256 0.523654 0.497447
v -0.002949 0.523996 0.496808
v -0.003906 0.524867 0.494794
v -0.004683 0.525785 0.492545
v -0.005688 0.528308 0.492833
v -0.006025 0.529936 0.494748
v -0.006971 0.530657 0.497043
v -0.007933 0.528410 0.492902
v -0.008390 0.529542 0.494129
v -0.008906 0.530220 0.496328
v -0.003881 0.509019 0.483818
v -0.009960 0.510931 0.484301
v -0.015097 0.514184 0.483898
v -0.019453 0.518698 0.482512
v -0.022933 0.525358 0.479068
v -0.020498 0.532261 0.480131
v -0.018322 0.537659 0.482012
v -0.004903 0.546965 0.486032
v -0.010656 0.546035 0.485546
v -0.015389 0.542746 0.484504
v -0.016480 0.479955 0.400727
v -0.014286 0.475732 0.409485
v -0.011793 0.470143 0.424600
v -0.010901 0.467287 0.430782
v -0.007892 0.465346 0.447075
v -0.003947 0.466864 0.452215
v -0.004328 0.469561 0.455548
v -0.004515 0.472516 0.457646
v -0.004574 0.475528 0.458844
v -0.004483 0.477882 0.458570
v -0.004069 0.479257 0.456435
v -0.009337 0.476178 0.456376
v -0.013252 0.477378 0.452993
v -0.016885 0.478969 0.449290
v -0.020001 0.481850 0.444053
v -0.021835 0.484113 0.438772
v -0.023013 0.486326 0.434223
v -0.024525 0.489365 0.427870
v -0.026636 0.493338 0.421001
v -0.028504 0.498315 0.414709
v -0.031175 0.502106 0.409515
v -0.037235 0.518255 0.411392
v -0.034690 0.516957 0.416259
v -0.031824 0.513810 0.422232
v -0.030196 0.509668 0.428824
v -0.028477 0.507060 0.434406
v -0.024926 0.502733 0.446266
v -0.021333 0.501529 0.458203
v -0.018862 0.502115 0.464357
v -0.015133 0.502662 0.470324
v -0.010280 0.502704 0.472605
v -0.004254 0.503431 0.474543
v -0.012398 0.506792 0.462973
v -0.009374 0.506834 0.459338
v -0.015606 0.506412 0.459656
v -0.016278 0.506393 0.454519
v -0.009420 0.507633 0.455754
v -0.012956 0.506871 0.453260
v -0.016110 0.506314 0.460448
v -0.012962 0.507461 0.464438
v -0.018185 0.506752 0.455335
v -0.009529 0.507042 0.467258
v -0.004394 0.507214 0.469290
v -0.009194 0.507312 0.465880
v -0.003919 0.507355 0.467666
v -0.017110 0.507088 0.450782
v 0.000000 0.504790 0.465660
v 0.000000 0.504924 0.464394
v -0.002731 0.504901 0.464343
v -0.002982 0.504766 0.465609
v -0.003518 0.507204 0.462800
v -0.007416 0.506953 0.461743
v -0.012479 0.505907 0.460418
v -0.009686 0.506705 0.458713
v -0.015379 0.505433 0.458774
v -0.015487 0.505758 0.455423
v -0.009795 0.507030 0.455362
v -0.012695 0.506556 0.453717
v -0.012528 0.501803 0.457564
v -0.010824 0.502376 0.456425
v -0.014473 0.501946 0.456714
v -0.014715 0.502662 0.454725
v -0.011066 0.503092 0.454436
v -0.013012 0.503236 0.453586
v -0.012199 0.499790 0.455266
v -0.011249 0.500327 0.454772
v -0.013239 0.499750 0.454674
v -0.013330 0.500247 0.453588
v -0.011340 0.500824 0.453687
v -0.012380 0.500784 0.453094
v -0.012138 0.499040 0.453775
v -0.011613 0.499125 0.453729
v -0.012495 0.499065 0.453591
v -0.012646 0.499215 0.453140
v -0.011592 0.499344 0.453302
v -0.012166 0.499464 0.453006
v -0.004354 0.505621 0.470349
v -0.009578 0.504614 0.468384
v -0.013140 0.504205 0.465891
v -0.015895 0.504663 0.461759
v -0.018661 0.503818 0.456007
v -0.019244 0.507228 0.451664
v -0.020437 0.506907 0.446207
v -0.014005 0.509334 0.446329
v -0.022306 0.512032 0.434488
v -0.023362 0.518187 0.421420
v -0.024059 0.519950 0.413989
v -0.018014 0.507742 0.446212
v -0.018783 0.509291 0.441236
v -0.013331 0.508077 0.450365
v -0.006627 0.508653 0.458089
v -0.003514 0.509065 0.459153
v -0.021921 0.509751 0.440289
v -0.022382 0.514519 0.428769
v -0.023211 0.519703 0.409783
v -0.019431 0.513745 0.429120
v 0.000000 0.509279 0.459402
v 0.000000 0.526651 0.417284
v -0.018802 0.521095 0.409463
v -0.004302 0.504090 0.472168
v -0.009983 0.503068 0.470279
v -0.013906 0.502709 0.467919
v -0.017079 0.502420 0.462979
v -0.019442 0.502055 0.457032
v -0.023057 0.501615 0.453032
v -0.021392 0.502292 0.452057
v -0.020130 0.504354 0.451833
v -0.026766 0.504565 0.440695
v -0.021981 0.505076 0.446004
v -0.023030 0.506451 0.440137
v -0.023490 0.508412 0.434103
v -0.024041 0.510975 0.428440
v -0.024924 0.514862 0.421504
v -0.026126 0.517678 0.414221
v -0.027383 0.519137 0.409547
v -0.023418 0.503305 0.445871
v -0.024683 0.504695 0.440266
v -0.025580 0.506682 0.434219
v -0.026517 0.509144 0.428323
v -0.027630 0.513254 0.421754
v -0.029582 0.516598 0.414838
v -0.031558 0.518033 0.410328
v -0.039602 0.518090 0.404229
v -0.038750 0.518938 0.406744
v -0.039594 0.516075 0.402777
v -0.019678 0.521427 0.404213
v -0.023752 0.519877 0.404061
v -0.028423 0.519561 0.404472
v -0.033647 0.519727 0.405390
v -0.004317 0.503722 0.477622
v -0.010996 0.503792 0.476393
v -0.017476 0.504804 0.474028
v -0.021304 0.503629 0.467039
v -0.024212 0.503169 0.460408
v -0.026397 0.503198 0.454442
v -0.028492 0.504229 0.447743
v -0.030505 0.506199 0.441613
v -0.032077 0.508905 0.435669
v -0.033428 0.511653 0.429975
v -0.034992 0.515717 0.423654
v -0.037710 0.518840 0.417738
v -0.040649 0.520559 0.412702
v -0.042866 0.521216 0.407752
v -0.015029 0.512675 0.436472
v -0.014647 0.510887 0.441735
v -0.010860 0.516350 0.437450
v -0.011330 0.518646 0.430848
v -0.012119 0.521028 0.423535
v -0.005414 0.526922 0.417446
v -0.014783 0.523742 0.410454
v -0.015630 0.523893 0.404785
v -0.006651 0.514036 0.447975
v -0.007240 0.516550 0.443220
v -0.007463 0.519175 0.437886
v -0.007914 0.521295 0.431405
v -0.008750 0.523779 0.424398
v -0.009968 0.526146 0.417275
v -0.010382 0.526690 0.411559
v -0.010591 0.526074 0.405668
v -0.003618 0.515298 0.448219
v -0.003679 0.518028 0.443612
v -0.004118 0.521607 0.438394
v -0.004447 0.523756 0.431712
v -0.004898 0.525100 0.424581
v -0.013516 0.522886 0.416329
v -0.005105 0.528067 0.411535
v -0.005293 0.527542 0.405894
v -0.005284 0.526921 0.400154
v -0.005188 0.526431 0.394725
v -0.005079 0.518849 0.384258
v -0.010886 0.525108 0.400414
v -0.010491 0.524588 0.395796
v -0.010533 0.518249 0.388390
v -0.016135 0.523489 0.399862
v -0.019999 0.520679 0.399001
v -0.024145 0.519609 0.398915
v -0.028152 0.518261 0.401056
v -0.034158 0.518442 0.402059
v -0.044108 0.519866 0.403974
v -0.015672 0.522866 0.395925
v -0.014348 0.517292 0.392206
v -0.018006 0.521133 0.395384
v -0.015450 0.516394 0.396159
v -0.020435 0.516976 0.397366
v -0.023823 0.516907 0.398885
v -0.027416 0.517293 0.400701
v -0.033662 0.516950 0.402119
v -0.043364 0.517031 0.400907
v -0.019135 0.515481 0.398529
v -0.023241 0.515065 0.399497
v -0.017773 0.512609 0.401800
v -0.016528 0.509026 0.406256
v -0.015244 0.505048 0.411693
v -0.014109 0.501479 0.417270
v -0.013223 0.498374 0.423096
v -0.012143 0.492439 0.435587
v -0.011573 0.490713 0.440648
v -0.015456 0.489473 0.440919
v -0.016095 0.491387 0.435573
v -0.016812 0.494192 0.429403
v -0.018641 0.500926 0.416862
v -0.019872 0.504484 0.411451
v -0.021179 0.508476 0.406186
v -0.022203 0.512239 0.402412
v -0.005453 0.487304 0.443424
v -0.002420 0.485995 0.447494
v -0.004822 0.486603 0.447499
v -0.012658 0.495132 0.429562
v -0.017557 0.497494 0.422853
v 0.000000 0.485651 0.447696
v -0.006835 0.487599 0.447552
v -0.006775 0.486648 0.449959
v -0.005065 0.485981 0.450955
v -0.002569 0.485313 0.451391
v 0.000000 0.485093 0.451597
v -0.015457 0.487446 0.446411
v -0.010264 0.489469 0.445180
v -0.008039 0.488717 0.448707
v -0.008753 0.486390 0.451493
v -0.010860 0.484349 0.452398
v -0.014460 0.485485 0.450464
v -0.014379 0.486470 0.449949
v -0.013704 0.488125 0.447308
v -0.010750 0.489227 0.446827
v -0.008470 0.488673 0.448987
v -0.009145 0.487018 0.451629
v -0.012099 0.485917 0.452110
v -0.014341 0.488503 0.451566
v -0.014311 0.489787 0.449889
v -0.012702 0.491128 0.449614
v -0.011124 0.491185 0.451017
v -0.011154 0.489901 0.452694
v -0.012763 0.488560 0.452968
v -0.014427 0.492111 0.453243
v -0.014382 0.492695 0.452160
v -0.013366 0.493311 0.451833
v -0.012395 0.493342 0.452591
v -0.012440 0.492759 0.453675
v -0.013456 0.492143 0.454001
v -0.014129 0.494446 0.454120
v -0.014074 0.494601 0.453824
v -0.013835 0.494752 0.453775
v -0.013610 0.494774 0.453931
v -0.013576 0.494615 0.454262
v -0.013843 0.494430 0.454373
v -0.011474 0.481526 0.452200
v -0.007773 0.482552 0.454850
v -0.003806 0.485115 0.456519
v -0.004031 0.481145 0.456064
v -0.008330 0.479944 0.454720
v -0.008947 0.478457 0.456233
v -0.012783 0.479384 0.453025
v -0.015057 0.482542 0.449808
v -0.017232 0.484614 0.445114
v -0.018040 0.486834 0.440152
v -0.018925 0.488583 0.435302
v -0.019707 0.491655 0.429106
v -0.020305 0.495115 0.422174
v -0.021504 0.498962 0.415854
v -0.022639 0.502381 0.410976
v -0.024368 0.506821 0.405181
v -0.025660 0.510917 0.402442
v -0.026899 0.514923 0.400871
v -0.033249 0.514942 0.402875
v -0.016296 0.481162 0.449892
v -0.004033 0.484276 0.457180
v -0.008959 0.486236 0.453391
v -0.009525 0.485822 0.453799
v -0.018848 0.483818 0.444880
v -0.020405 0.486094 0.439736
v -0.021691 0.488105 0.435502
v -0.023140 0.491171 0.429020
v -0.025074 0.495205 0.422234
v -0.026664 0.499464 0.416577
v -0.028506 0.503360 0.411285
v -0.031001 0.508133 0.407403
v -0.032342 0.511589 0.404943
v -0.033842 0.506371 0.405364
v -0.036503 0.510517 0.403207
v -0.038181 0.513086 0.402564
v -0.009685 0.473260 0.455436
v -0.013127 0.474516 0.452200
v -0.016846 0.476186 0.447742
v -0.019449 0.478352 0.442189
v -0.021169 0.480803 0.436588
v -0.022111 0.483410 0.431392
v -0.023449 0.486586 0.424838
v -0.024781 0.490760 0.417702
v -0.026892 0.495728 0.410868
v -0.030317 0.500162 0.405170
v -0.033289 0.504433 0.400998
v -0.036744 0.508869 0.398663
v -0.040138 0.512826 0.398239
v -0.004291 0.505980 0.481314
v -0.010894 0.507048 0.480692
v -0.016793 0.508717 0.479651
v -0.043568 0.525743 0.406803
v -0.040491 0.525388 0.412877
v -0.045407 0.523968 0.401244
v -0.044794 0.519818 0.394974
v -0.041893 0.513495 0.391123
v -0.038504 0.507249 0.391934
v -0.034386 0.502167 0.394986
v -0.030111 0.497606 0.399484
v -0.026317 0.492585 0.405925
v -0.023824 0.487937 0.413130
v -0.021829 0.483888 0.420878
v -0.020513 0.480332 0.427880
v -0.019848 0.477230 0.433573
v -0.018630 0.474520 0.439701
v -0.016727 0.472507 0.445919
v -0.013262 0.470947 0.450319
v -0.009283 0.470011 0.453210
v -0.002987 0.463654 0.444596
v -0.006285 0.464129 0.444225
v -0.008817 0.467269 0.450198
v -0.012862 0.467923 0.447656
v -0.006133 0.471384 0.416278
v -0.012684 0.472411 0.418041
v -0.038542 0.523668 0.418655
v -0.036630 0.521033 0.425366
v -0.035878 0.517447 0.432138
v -0.035632 0.514180 0.438340
v -0.034038 0.511630 0.444462
v -0.031917 0.509858 0.450668
v -0.029497 0.508701 0.456787
v -0.026958 0.507867 0.462629
v -0.024038 0.507828 0.468663
v -0.021579 0.508914 0.474239
v -0.021601 0.513762 0.479023
v -0.015663 0.469246 0.442987
v -0.017600 0.471621 0.436781
v -0.018749 0.474353 0.430553
v -0.019682 0.476997 0.424579
v -0.021626 0.480215 0.416606
v -0.024183 0.484014 0.407909
v -0.026610 0.488621 0.400270
v -0.031298 0.493710 0.392963
v -0.036873 0.498101 0.387065
v -0.042915 0.503965 0.381942
v -0.011194 0.465483 0.443128
v -0.013168 0.466658 0.438834
v -0.015241 0.468945 0.432998
v -0.016059 0.471662 0.426751
v -0.017391 0.474270 0.420243
v -0.019360 0.477020 0.412566
v -0.022057 0.480881 0.403091
v -0.025131 0.485475 0.394395
v -0.030266 0.489356 0.384655
v -0.036998 0.492329 0.376686
v -0.003569 0.463199 0.439726
v -0.007764 0.464147 0.440548
v -0.004603 0.464182 0.435042
v -0.009441 0.465235 0.436020
v -0.014060 0.485602 0.375380
v -0.049353 0.522164 0.389411
v -0.049008 0.527596 0.399075
v -0.045893 0.530072 0.406599
v -0.041063 0.529919 0.413115
v -0.037971 0.528568 0.419705
v -0.037095 0.526414 0.426653
v -0.036463 0.523697 0.433795
v -0.035981 0.521199 0.440518
v -0.035315 0.519113 0.446723
v -0.033559 0.517478 0.452956
v -0.031626 0.516375 0.459010
v -0.029127 0.514898 0.465031
v -0.026364 0.513917 0.469841
v -0.024486 0.513730 0.473818
v -0.024298 0.519106 0.476486
v -0.044551 0.540546 0.414801
v -0.027152 0.521170 0.471799
v -0.025914 0.527583 0.473614
v -0.023098 0.534097 0.474986
v -0.019236 0.540459 0.476636
v -0.015527 0.545926 0.478726
v -0.010484 0.549480 0.479883
v -0.004801 0.550522 0.480131
v -0.029587 0.522884 0.466647
v -0.027987 0.529900 0.467859
v -0.024699 0.536503 0.468963
v -0.019616 0.543187 0.470471
v -0.015078 0.549144 0.472139
v -0.010320 0.552960 0.473590
v -0.004883 0.553933 0.473962
v -0.052482 0.503746 0.366112
v -0.044595 0.497652 0.371716
v -0.083124 0.561205 0.361975
v -0.031731 0.524639 0.460769
v -0.029564 0.531714 0.461715
v -0.025554 0.539050 0.462600
v -0.019970 0.546304 0.463765
v -0.015458 0.552065 0.465408
v -0.010490 0.556665 0.466907
v -0.004843 0.557932 0.467011
v -0.007984 0.630678 0.395264
v -0.006921 0.609942 0.410698
v -0.004662 0.600287 0.417218
v -0.003392 0.592508 0.422488
v -0.002763 0.585032 0.427513
v -0.002958 0.578138 0.432897
v -0.003951 0.572753 0.438716
v -0.004756 0.569161 0.444339
v -0.005134 0.566957 0.449462
v -0.005031 0.561344 0.460651
v -0.010977 0.559751 0.460050
v -0.011494 0.564857 0.448699
v -0.011245 0.567414 0.443638
v -0.009520 0.571657 0.439024
v -0.008185 0.577917 0.433815
v -0.007485 0.585001 0.429111
v -0.008991 0.592338 0.424952
v -0.015414 0.612601 0.412906
v -0.015783 0.598615 0.425902
v -0.013725 0.590858 0.428038
v -0.013140 0.582907 0.430264
v -0.014174 0.575774 0.433371
v -0.014879 0.569395 0.437535
v -0.017767 0.563167 0.440170
v -0.026019 0.609753 0.419524
v -0.008232 0.620626 0.403613
v -0.051859 0.613044 0.387029
v -0.060313 0.602983 0.387459
v -0.060042 0.606671 0.381275
v -0.066007 0.595189 0.384325
v -0.067228 0.598672 0.378593
v -0.068826 0.587576 0.382414
v -0.069325 0.579659 0.380953
v -0.072405 0.581735 0.374015
v -0.069115 0.570913 0.380292
v -0.072815 0.571280 0.372340
v -0.058668 0.546992 0.396244
v -0.052450 0.541053 0.402984
v -0.064107 0.562136 0.388565
v -0.070272 0.560448 0.380671
v -0.076149 0.559873 0.372960
v -0.062384 0.553914 0.391740
v -0.069639 0.550279 0.383001
v -0.077308 0.548835 0.374318
v -0.066445 0.542034 0.387498
v -0.073380 0.537618 0.377358
v -0.061522 0.536163 0.391978
v -0.067644 0.529888 0.381567
v -0.049559 0.534919 0.405353
v -0.043117 0.534761 0.413487
v -0.055145 0.531236 0.395917
v -0.058501 0.524928 0.385256
v -0.005001 0.564333 0.455207
v -0.011647 0.562291 0.454261
v -0.029446 0.548180 0.436855
v -0.034297 0.545327 0.429472
v -0.038496 0.543984 0.423678
v -0.038583 0.539199 0.422468
v -0.037557 0.533477 0.420773
v -0.036235 0.532252 0.427916
v -0.035746 0.530926 0.435310
v -0.035244 0.529173 0.441975
v -0.034419 0.527491 0.448267
v -0.033484 0.525878 0.454886
v -0.035436 0.538524 0.429354
v -0.033295 0.537908 0.435932
v -0.016211 0.555213 0.458791
v -0.021211 0.549131 0.457253
v -0.026382 0.541341 0.456022
v -0.030862 0.533864 0.455337
v -0.016870 0.557416 0.452749
v -0.021537 0.551195 0.450682
v -0.026318 0.543501 0.448584
v -0.031384 0.535691 0.448396
v -0.016888 0.559524 0.447062
v -0.021832 0.553176 0.444905
v -0.027096 0.544952 0.442606
v -0.031807 0.537071 0.441991
v -0.004872 0.516441 0.384476
v -0.003162 0.484525 0.454060
v 0.000000 0.484046 0.457467
v -0.007873 0.488648 0.444131
v -0.008738 0.489666 0.439927
v -0.006133 0.485379 0.453222
v -0.002787 0.486708 0.443209
v -0.008861 0.491121 0.435297
v -0.009349 0.493806 0.429340
v -0.009801 0.497479 0.422387
v -0.010554 0.499830 0.416876
v -0.011536 0.503526 0.411387
v -0.012759 0.507989 0.405910
v -0.013878 0.511403 0.400362
v -0.014952 0.514966 0.396913
v -0.013717 0.515971 0.392271
v -0.010119 0.516235 0.388658
v -0.002990 0.487284 0.438542
v -0.005841 0.488607 0.439186
v -0.002926 0.488002 0.433929
v -0.005899 0.489254 0.434431
v -0.006305 0.491781 0.428402
v -0.006933 0.495100 0.421550
v -0.007415 0.497260 0.415402
v -0.008423 0.499798 0.409094
v -0.009196 0.503627 0.403445
v -0.010049 0.507946 0.396679
v -0.003160 0.490556 0.427835
v -0.003303 0.493722 0.420813
v -0.003544 0.496070 0.414822
v -0.004077 0.498580 0.408339
v -0.004584 0.501730 0.402243
v -0.004812 0.506498 0.395569
v -0.004864 0.510951 0.389084
v -0.009806 0.512242 0.391654
v -0.000000 0.643711 0.361878
v -0.000000 0.642584 0.345188
v -0.000000 0.643228 0.327223
v -0.000000 0.636920 0.307421
v 0.000000 0.627627 0.289893
v 0.000000 0.645189 0.376921
v 0.000000 0.482452 0.385581
v 0.000000 0.478182 0.397780
v 0.000000 0.474076 0.407249
v 0.000000 0.468895 0.422211
v 0.000000 0.466174 0.428789
v 0.000000 0.464885 0.448818
v 0.000000 0.535001 0.503294
v 0.000000 0.531416 0.502998
v -0.000000 0.527315 0.500378
v -0.000000 0.520574 0.494535
v -0.000000 0.517254 0.491689
v 0.000000 0.513992 0.488616
v 0.000000 0.511628 0.485768
v 0.000000 0.539117 0.500791
v 0.000000 0.542271 0.496640
v 0.000000 0.545223 0.490979
v -0.000000 0.523695 0.497253
v 0.000000 0.508958 0.483099
v 0.000000 0.547314 0.486401
v 0.000000 0.466819 0.452869
v 0.000000 0.469361 0.456103
v 0.000000 0.472243 0.458177
v 0.000000 0.475473 0.459574
v 0.000000 0.477748 0.459421
v 0.000000 0.479142 0.456903
v 0.000000 0.505000 0.474117
v 0.000000 0.507631 0.469859
v 0.000000 0.507533 0.468336
v -0.007079 0.504625 0.464224
v -0.006819 0.505325 0.463249
v 0.000000 0.507559 0.463134
v 0.000000 0.506608 0.471154
v 0.000000 0.505541 0.472496
v 0.000000 0.505006 0.476366
v 0.000000 0.515717 0.448481
v 0.000000 0.518620 0.443862
v 0.000000 0.522589 0.438558
v 0.000000 0.524478 0.431721
v 0.000000 0.525077 0.424231
v 0.000000 0.528237 0.411020
v 0.000000 0.528112 0.405580
v 0.000000 0.528131 0.399792
v 0.000000 0.527807 0.393854
v 0.000000 0.518800 0.384182
v 0.000000 0.480915 0.456351
v -0.007545 0.484794 0.455687
v -0.007165 0.485567 0.455102
v 0.000000 0.484885 0.456806
v 0.000000 0.506828 0.480073
v 0.000000 0.463548 0.444793
v 0.000000 0.470844 0.415382
v 0.000000 0.462849 0.439636
v 0.000000 0.463748 0.434343
v 0.000000 0.483200 0.374992
v 0.000000 0.563908 0.454851
v 0.000000 0.550384 0.479959
v 0.000000 0.553382 0.473754
v 0.000000 0.628671 0.394517
v 0.000000 0.608698 0.409457
v 0.000000 0.599591 0.416150
v 0.000000 0.591996 0.421743
v 0.000000 0.584487 0.426295
v 0.000000 0.577645 0.431574
v 0.000000 0.572257 0.437796
v 0.000000 0.568778 0.443405
v 0.000000 0.566747 0.448836
v 0.000000 0.560894 0.460358
v 0.000000 0.557257 0.466601
v 0.000000 0.618752 0.402098
v 0.000000 0.516498 0.384375
v 0.000000 0.484328 0.454444
v 0.000000 0.486523 0.443159
v 0.000000 0.486831 0.438440
v 0.000000 0.487713 0.433962
v 0.000000 0.490356 0.428026
v 0.000000 0.493739 0.420603
v 0.000000 0.495975 0.414759
v 0.000000 0.498208 0.408307
v 0.000000 0.501258 0.401709
v 0.000000 0.505946 0.394911
v 0.000000 0.510629 0.388828
v -0.091014 0.654811 0.356106
v -0.092990 0.629400 0.338927
v -0.037426 0.671223 0.378183
v -0.035579 0.661932 0.384580
v -0.084784 0.682432 0.375704
v -0.089631 0.667114 0.369976
v -0.091751 0.652799 0.363255
v -0.093614 0.639344 0.356021
v -0.094145 0.627410 0.350109
v -0.031718 0.646112 0.379880
v -0.078960 0.600003 0.303382
v -0.093910 0.598905 0.339801
v -0.093818 0.584264 0.329044
v -0.041443 0.680224 0.381265
v -0.043636 0.679843 0.388124
v -0.045165 0.668132 0.384231
v -0.086699 0.634761 0.330702
v -0.023208 0.639338 0.386331
v -0.086873 0.536327 0.351184
v -0.089380 0.566248 0.348346
v -0.079643 0.586335 0.355521
v -0.052222 0.622577 0.373962
v -0.042754 0.624033 0.387732
v -0.025703 0.623478 0.404256
v -0.071187 0.590555 0.376170
v -0.019463 0.528178 0.050176
v -0.020382 0.545435 0.120193
v -0.020211 0.548753 0.135734
v -0.020509 0.548946 0.161728
v -0.020276 0.549864 0.174803
v -0.020088 0.549834 0.186080
v -0.035449 0.577166 0.250406
v -0.018463 0.582108 0.244806
v -0.039042 0.520956 0.049868
v -0.040288 0.539783 0.122037
v -0.041079 0.542954 0.137664
v -0.041005 0.544990 0.164538
v -0.039512 0.544266 0.178219
v -0.038035 0.542639 0.189828
v -0.018673 0.572653 0.234340
v -0.018577 0.565156 0.225317
v -0.093614 0.454555 0.044943
v -0.105254 0.464841 0.129846
v -0.106658 0.468930 0.148355
v -0.102871 0.474924 0.186251
v -0.099726 0.477313 0.203010
v -0.092437 0.477059 0.217081
v -0.088657 0.530507 0.285946
v -0.111905 0.442383 0.129530
v -0.113711 0.445702 0.148808
v -0.110986 0.451848 0.190612
v -0.019621 0.531668 0.068864
v -0.038620 0.525090 0.069311
v -0.086090 0.325699 0.057506
v -0.098659 0.347271 0.059457
v -0.061986 0.300407 0.228974
v -0.015457 0.284305 0.161834
v -0.061626 0.333224 0.252768
v -0.107142 0.453989 0.210224
v -0.089661 0.498174 0.267127
v -0.101314 0.453774 0.226649
v -0.102383 0.429416 0.235647
v -0.067889 0.390563 0.289723
v -0.045689 0.373502 0.300616
v -0.115672 0.417612 0.127225
v -0.102006 0.349973 0.123986
v -0.103447 0.318430 0.199061
v -0.093924 0.315838 0.214167
v -0.079179 0.310859 0.225596
v -0.046743 0.291308 0.225842
v -0.038184 0.290502 0.210099
v -0.034834 0.290439 0.193675
v -0.034997 0.284457 0.141933
v -0.118770 0.421571 0.148234
v -0.111831 0.353167 0.142984
v -0.115158 0.356921 0.188166
v -0.117186 0.428876 0.193761
v -0.109317 0.430134 0.216314
v -0.109698 0.358177 0.210627
v -0.090385 0.431828 0.267088
v -0.018019 0.593875 0.255379
v -0.036769 0.589935 0.260300
v -0.053136 0.583072 0.266663
v -0.069966 0.572092 0.276421
v -0.080183 0.561251 0.290048
v -0.086426 0.518529 0.302967
v -0.034677 0.423617 0.325317
v -0.015692 0.414446 0.337708
v -0.016525 0.434292 0.344714
v -0.079215 0.533369 0.264933
v -0.034818 0.289488 0.177622
v -0.117312 0.355728 0.165668
v -0.119515 0.425267 0.170285
v -0.019388 0.550601 0.196896
v -0.036668 0.543879 0.201329
v -0.084981 0.475443 0.231568
v -0.092005 0.453582 0.241000
v -0.094109 0.428595 0.252589
v -0.064782 0.402188 0.301751
v -0.044603 0.387572 0.312146
v -0.044342 0.289632 0.144517
v -0.036498 0.288292 0.162400
v -0.021366 0.341487 0.296750
v -0.042992 0.338437 0.273554
v -0.044781 0.358438 0.287527
v -0.064696 0.358519 0.263626
v -0.067310 0.377792 0.276396
v -0.101137 0.353523 0.230414
v -0.090820 0.398473 0.262898
v -0.019102 0.536183 0.086480
v -0.039347 0.530143 0.087251
v -0.097387 0.457895 0.091971
v -0.088090 0.325565 0.082100
v -0.103737 0.436018 0.091021
v -0.027391 0.278746 0.079823
v -0.107441 0.413986 0.089821
v -0.099067 0.346758 0.083888
v -0.017837 0.450464 0.350834
v -0.034845 0.456475 0.342808
v -0.077246 0.519551 0.255806
v -0.045018 0.625814 0.300281
v -0.066732 0.607913 0.297040
v -0.088862 0.596218 0.315947
v -0.047526 0.609494 0.283185
v -0.061043 0.598767 0.286023
v -0.074640 0.588483 0.294974
v -0.081209 0.547921 0.274629
v -0.055084 0.483842 0.348409
v -0.039224 0.479842 0.356264
v -0.020591 0.481014 0.362417
v -0.070685 0.483680 0.328631
v -0.083216 0.505015 0.318944
v -0.083176 0.571711 0.309882
v -0.069671 0.581341 0.288291
v -0.054263 0.594497 0.277801
v -0.029033 0.619608 0.281120
v -0.037843 0.603047 0.270141
v -0.011242 0.628814 0.291317
v -0.015557 0.618930 0.276382
v -0.018037 0.606811 0.264627
v -0.055221 0.507758 0.049337
v -0.059365 0.528576 0.123392
v -0.061209 0.533763 0.139707
v -0.060603 0.536252 0.168608
v -0.057144 0.533835 0.183009
v -0.052958 0.531854 0.194450
v -0.055848 0.512264 0.070177
v -0.049556 0.532110 0.207023
v -0.057298 0.516901 0.088777
v -0.106597 0.370162 0.061366
v -0.102873 0.379249 0.240509
v -0.102914 0.403552 0.243294
v -0.086514 0.372932 0.257010
v -0.081641 0.408718 0.277570
v -0.115769 0.393424 0.125360
v -0.110313 0.371741 0.124380
v -0.121063 0.397850 0.147044
v -0.117711 0.375530 0.145372
v -0.118332 0.404559 0.194864
v -0.116579 0.379849 0.192987
v -0.109633 0.405468 0.219315
v -0.110323 0.381036 0.218351
v -0.119237 0.378098 0.168197
v -0.120775 0.401477 0.169876
v -0.105751 0.369382 0.085822
v -0.108392 0.391114 0.087826
v -0.082554 0.473798 0.046555
v -0.094492 0.489179 0.128910
v -0.095925 0.493559 0.145714
v -0.092168 0.499221 0.181044
v -0.088575 0.499795 0.196228
v -0.081640 0.497765 0.209949
v -0.083131 0.475379 0.069937
v -0.076076 0.495906 0.222147
v -0.086410 0.479106 0.091189
v -0.070777 0.495070 0.070568
v -0.063304 0.515826 0.214040
v -0.071869 0.499970 0.089915
v -0.069544 0.491808 0.047900
v -0.077830 0.511803 0.125995
v -0.080763 0.517155 0.143277
v -0.077630 0.520441 0.174261
v -0.074262 0.518849 0.188891
v -0.068521 0.516953 0.201443
v -0.019671 0.541237 0.103909
v -0.039822 0.535403 0.105550
v -0.100577 0.460883 0.111535
v -0.106875 0.438261 0.111277
v -0.028090 0.278753 0.104464
v -0.109401 0.415139 0.109185
v -0.096211 0.347909 0.106390
v -0.057746 0.523308 0.107396
v -0.107948 0.391513 0.107518
v -0.102585 0.370179 0.106579
v -0.089837 0.483876 0.110457
v -0.074422 0.505892 0.109278
v -0.080289 0.519910 0.159701
v -0.020182 0.549232 0.149640
v -0.104602 0.471982 0.167369
v -0.041482 0.544225 0.151565
v -0.113423 0.448823 0.169954
v -0.062051 0.536181 0.155198
v -0.094297 0.497340 0.164478
v -0.064735 0.007772 0.249655
v -0.065391 0.007809 0.249693
v -0.064573 0.011147 0.245894
v -0.066961 0.011053 0.246197
v -0.053889 0.011198 0.247586
v -0.055876 0.011135 0.247232
v -0.055510 0.007747 0.250697
v -0.056201 0.007839 0.250469
v -0.056152 0.007272 0.250192
v -0.055471 0.007099 0.250405
v -0.053767 0.007536 0.247332
v -0.055779 0.007510 0.246876
v -0.040568 0.006952 0.234584
v -0.040671 0.007685 0.234904
v -0.039952 0.007646 0.234977
v -0.039865 0.006919 0.234738
v -0.057041 0.012898 0.246716
v -0.051351 0.012948 0.247693
v -0.057618 0.006251 0.246118
v -0.051203 0.005859 0.246716
v -0.059949 0.006714 0.243435
v -0.060383 0.013103 0.243303
v -0.056199 0.022063 0.241262
v -0.050458 0.021758 0.241422
v -0.060265 0.020615 0.238863
v -0.060168 0.027894 0.234133
v -0.045673 0.003148 0.204469
v -0.056037 0.029487 0.236801
v -0.050161 0.003364 0.212143
v -0.060206 0.033097 0.229970
v -0.056229 0.035626 0.231111
v -0.050273 0.029001 0.235527
v -0.043834 0.030136 0.219635
v -0.050836 0.034677 0.230346
v -0.045649 0.006475 0.240390
v -0.045276 0.012955 0.240827
v -0.046018 0.019756 0.237685
v -0.046589 0.026551 0.233054
v -0.035937 0.026716 0.217493
v -0.046939 0.031496 0.228127
v -0.042263 0.005529 0.231193
v -0.043429 0.012461 0.231472
v -0.044592 0.017762 0.229060
v -0.044539 0.022534 0.227111
v -0.044063 0.027204 0.224099
v -0.058324 0.002427 0.214098
v -0.060076 0.036074 0.224678
v -0.058818 0.038610 0.218317
v -0.058521 0.039809 0.215152
v -0.055993 0.038216 0.224811
v -0.051255 0.037341 0.224453
v -0.048888 0.036884 0.217559
v -0.055986 0.039032 0.221390
v -0.051613 0.038244 0.220927
v -0.047931 0.034762 0.222724
v -0.055393 0.002031 0.232116
v -0.055728 0.002305 0.237156
v -0.059743 0.004286 0.241409
v -0.046365 0.002180 0.231335
v -0.048404 0.002684 0.238855
v -0.056395 0.003025 0.242323
v -0.051723 0.003244 0.243948
v -0.058970 0.004639 0.236490
v -0.058761 0.004187 0.231365
v -0.040958 0.006916 0.231584
v -0.041520 0.010544 0.232019
v -0.039507 0.010500 0.232291
v -0.039214 0.007191 0.231556
v -0.037440 0.012268 0.231836
v -0.037033 0.005767 0.231104
v -0.032254 0.011935 0.224051
v -0.030977 0.005324 0.224182
v -0.047281 0.001324 0.225500
v -0.043630 0.002872 0.223616
v -0.046640 0.003643 0.215745
v -0.055740 0.001885 0.226787
v -0.055388 0.001886 0.222039
v -0.049876 0.001092 0.221443
v -0.058631 0.002616 0.218610
v -0.058663 0.003698 0.226039
v -0.039356 0.002353 0.226796
v -0.036434 0.002909 0.227253
v -0.040702 0.001305 0.222987
v -0.041170 0.000943 0.216969
v -0.033450 0.001726 0.222564
v -0.032357 0.001379 0.215513
v -0.040839 0.001151 0.211571
v -0.034007 0.001099 0.209933
v -0.043291 0.003286 0.208926
v -0.031984 0.004073 0.206187
v -0.028846 0.005275 0.215658
v -0.029066 0.012121 0.215623
v -0.028940 0.012157 0.206932
v -0.038238 0.017858 0.229156
v -0.038798 0.022104 0.227371
v -0.033854 0.018041 0.223647
v -0.031961 0.018745 0.216063
v -0.031004 0.019992 0.209332
v -0.037287 0.024709 0.223626
v -0.035004 0.006470 0.199973
v -0.031546 0.013495 0.199658
v -0.057927 0.000669 0.208994
v -0.053087 0.001483 0.207800
v -0.047442 0.000896 0.198678
v -0.038871 0.002730 0.196642
v -0.057025 -0.000413 0.197323
v -0.046741 0.002638 0.186395
v -0.056058 0.002096 0.184557
v -0.037308 0.010904 0.187971
v -0.039649 0.004457 0.190449
v -0.033774 0.016918 0.193218
v -0.032002 0.021849 0.203374
v -0.033199 0.024960 0.198002
v -0.055600 0.006117 0.180255
v -0.046060 0.007312 0.182482
v -0.034998 0.023889 0.188603
v -0.039192 0.018122 0.183467
v -0.045711 0.013840 0.179556
v -0.055548 0.012069 0.177864
v -0.034253 0.029307 0.194075
v -0.035982 0.028182 0.211995
v -0.043238 0.032530 0.215212
v -0.035603 0.029103 0.207677
v -0.042840 0.035106 0.211805
v -0.049074 0.039078 0.213876
v -0.036377 0.032195 0.203050
v -0.042829 0.037713 0.208669
v -0.048878 0.041619 0.211149
v -0.057904 0.042325 0.211430
v -0.037066 0.035769 0.199594
v -0.043050 0.041153 0.205113
v -0.048858 0.044346 0.208952
v -0.057367 0.045153 0.209733
v -0.064787 0.007141 0.249449
v -0.065515 0.007175 0.249513
v -0.066829 0.006981 0.246142
v -0.064442 0.007093 0.246046
v -0.079227 0.004349 0.230969
v -0.079270 0.004993 0.231432
v -0.079786 0.004981 0.231406
v -0.079770 0.004378 0.230972
v -0.062507 0.013330 0.245543
v -0.070715 0.012548 0.245647
v -0.062176 0.006508 0.245444
v -0.069895 0.005806 0.245799
v -0.063981 0.021729 0.240699
v -0.070526 0.021124 0.239742
v -0.070582 0.002107 0.204589
v -0.063831 0.029219 0.235813
v -0.065846 0.002463 0.210993
v -0.063448 0.034401 0.230606
v -0.069128 0.028641 0.234681
v -0.073181 0.028868 0.215687
v -0.068092 0.034417 0.229816
v -0.074089 0.005926 0.238217
v -0.074844 0.012019 0.237780
v -0.074083 0.018465 0.235070
v -0.072631 0.025597 0.230890
v -0.080391 0.026751 0.213595
v -0.071812 0.031347 0.226305
v -0.075915 0.004476 0.228426
v -0.076654 0.010987 0.229440
v -0.075344 0.015199 0.226733
v -0.074679 0.021358 0.224271
v -0.073632 0.025494 0.220498
v -0.063052 0.036609 0.224782
v -0.067125 0.036662 0.223675
v -0.068352 0.035919 0.215855
v -0.062677 0.037590 0.220811
v -0.066597 0.037231 0.219851
v -0.070509 0.033772 0.220866
v -0.062915 0.001373 0.232007
v -0.063149 0.001828 0.236866
v -0.071360 0.001223 0.231180
v -0.070868 0.002217 0.237726
v -0.064118 0.002917 0.242797
v -0.068342 0.002980 0.243133
v -0.078410 0.004749 0.228332
v -0.078430 0.008634 0.229159
v -0.080503 0.008792 0.228910
v -0.080294 0.005121 0.228021
v -0.082059 0.010890 0.228197
v -0.083065 0.004868 0.226410
v -0.086278 0.011023 0.219396
v -0.086585 0.006022 0.219698
v -0.070324 0.000864 0.225321
v -0.074149 0.003278 0.223159
v -0.071629 0.003444 0.214876
v -0.062516 0.001187 0.226181
v -0.062569 0.001657 0.221799
v -0.068881 0.001098 0.220657
v -0.078650 0.002017 0.226056
v -0.081651 0.002187 0.225297
v -0.077430 0.001265 0.221134
v -0.076604 0.001023 0.215289
v -0.083307 0.001626 0.218898
v -0.083806 0.001983 0.213699
v -0.077075 0.001554 0.210841
v -0.081311 0.002598 0.209148
v -0.073851 0.003342 0.208839
v -0.082398 0.006027 0.204953
v -0.087284 0.006633 0.212379
v -0.087457 0.011727 0.211840
v -0.085007 0.012768 0.204381
v -0.080900 0.016298 0.225771
v -0.079897 0.021331 0.223173
v -0.083366 0.018371 0.219364
v -0.084763 0.020230 0.212150
v -0.084157 0.022028 0.206084
v -0.080750 0.024437 0.219570
v -0.078498 0.006845 0.198200
v -0.082522 0.014198 0.197262
v -0.063789 0.000333 0.206208
v -0.066559 0.000380 0.197718
v -0.073615 0.002492 0.196362
v -0.066329 0.003981 0.185425
v -0.075908 0.009789 0.187057
v -0.073285 0.003538 0.189188
v -0.080282 0.016679 0.190098
v -0.082018 0.023919 0.200143
v -0.080210 0.025826 0.195206
v -0.065939 0.007770 0.181191
v -0.077877 0.023539 0.186049
v -0.072018 0.016485 0.181712
v -0.064953 0.013304 0.178538
v -0.078325 0.031650 0.192016
v -0.078940 0.027992 0.208323
v -0.072415 0.031286 0.211757
v -0.077781 0.030686 0.204267
v -0.071727 0.034103 0.208057
v -0.067150 0.037723 0.212159
v -0.077386 0.033095 0.201283
v -0.071441 0.037606 0.205500
v -0.065687 0.040798 0.209762
v -0.076665 0.038077 0.197318
v -0.070977 0.041950 0.203187
v -0.064866 0.044800 0.207757
v -0.037064 0.031195 0.184898
v -0.040904 0.027000 0.179539
v -0.047040 0.024309 0.175937
v -0.055104 0.023463 0.174795
v -0.036314 0.036116 0.190695
v -0.038699 0.041176 0.196346
v -0.043537 0.045400 0.201514
v -0.049480 0.048118 0.205339
v -0.056783 0.049063 0.206815
v -0.075199 0.032117 0.183600
v -0.070440 0.027314 0.178909
v -0.063425 0.024529 0.175862
v -0.076317 0.037659 0.189451
v -0.074608 0.042553 0.195477
v -0.070024 0.046108 0.201202
v -0.063967 0.048435 0.205371
v -0.041410 0.037025 0.175583
v -0.047196 0.035380 0.172086
v -0.054581 0.035043 0.171283
v -0.039264 0.048074 0.193508
v -0.043719 0.051288 0.198695
v -0.049474 0.053457 0.202796
v -0.056393 0.054353 0.204821
v -0.073924 0.041501 0.180932
v -0.069369 0.038084 0.175887
v -0.062463 0.035965 0.172678
v -0.075161 0.045446 0.187195
v -0.073490 0.049136 0.193746
v -0.069251 0.052031 0.199647
v -0.063401 0.053887 0.203736
v -0.037724 0.050906 0.177892
v -0.041273 0.048914 0.171817
v -0.046992 0.048040 0.168411
v -0.054201 0.047952 0.167731
v -0.037174 0.054039 0.184846
v -0.039403 0.056970 0.190971
v -0.043634 0.059311 0.196345
v -0.049159 0.060932 0.200773
v -0.055860 0.061709 0.203146
v -0.073304 0.052540 0.178324
v -0.068800 0.050131 0.172783
v -0.061943 0.048624 0.169295
v -0.074456 0.055310 0.185157
v -0.072613 0.057939 0.192131
v -0.068463 0.060083 0.198191
v -0.062756 0.061450 0.202255
v -0.037618 0.062944 0.175037
v -0.040984 0.061574 0.168758
v -0.046716 0.060979 0.165272
v -0.054060 0.060957 0.164516
v -0.037314 0.065149 0.182370
v -0.039548 0.067340 0.188793
v -0.043486 0.069263 0.194549
v -0.048725 0.070668 0.199385
v -0.055268 0.071382 0.201992
v -0.073317 0.064586 0.175907
v -0.068845 0.062720 0.169907
v -0.061919 0.061496 0.166145
v -0.074347 0.066720 0.183312
v -0.072235 0.068683 0.190729
v -0.067943 0.070258 0.197039
v -0.062146 0.071245 0.201176
v -0.037332 0.076368 0.172852
v -0.040530 0.075165 0.166384
v -0.046333 0.074361 0.162375
v -0.054037 0.074159 0.161312
v -0.037370 0.077803 0.180092
v -0.039668 0.079320 0.186726
v -0.043319 0.080839 0.193065
v -0.048312 0.082081 0.198444
v -0.054888 0.082727 0.201553
v -0.074134 0.076852 0.173696
v -0.069551 0.075375 0.167195
v -0.062226 0.074428 0.163086
v -0.075214 0.078702 0.181823
v -0.072889 0.080413 0.189903
v -0.068239 0.081783 0.196683
v -0.062007 0.082614 0.201004
v -0.037674 0.088210 0.171336
v -0.040910 0.087197 0.164908
v -0.046874 0.086421 0.160490
v -0.054872 0.085933 0.158919
v -0.037404 0.089330 0.178486
v -0.039435 0.090498 0.185535
v -0.043073 0.091671 0.192180
v -0.048245 0.092653 0.197643
v -0.054926 0.093195 0.200798
v -0.074714 0.088348 0.171853
v -0.069913 0.086867 0.164659
v -0.062804 0.085619 0.160529
v -0.075896 0.089922 0.180547
v -0.073745 0.091398 0.189213
v -0.068941 0.092539 0.196316
v -0.062273 0.093162 0.200479
v -0.036611 0.118074 0.167658
v -0.040847 0.117490 0.160372
v -0.047942 0.116991 0.155109
v -0.056913 0.116736 0.152205
v -0.035353 0.118685 0.176026
v -0.036889 0.119277 0.184502
v -0.040859 0.119820 0.192340
v -0.046976 0.120219 0.198377
v -0.054837 0.120409 0.201374
v -0.077400 0.118131 0.166357
v -0.073247 0.117330 0.157681
v -0.065974 0.116858 0.152597
v -0.078178 0.118896 0.176764
v -0.076038 0.119565 0.187180
v -0.071043 0.120090 0.195648
v -0.063444 0.120380 0.200567
v -0.062806 0.102725 0.200739
v -0.063208 0.111378 0.200714
v -0.054805 0.111312 0.201166
v -0.054865 0.102656 0.201008
v -0.070143 0.097032 0.160501
v -0.072442 0.107056 0.158887
v -0.077031 0.108252 0.167630
v -0.075896 0.098672 0.169411
v -0.040694 0.097575 0.163065
v -0.040553 0.107218 0.161514
v -0.047392 0.106590 0.156208
v -0.047298 0.096828 0.158104
v -0.065242 0.106638 0.153735
v -0.056403 0.106235 0.153360
v -0.056996 0.096265 0.155766
v -0.036571 0.099391 0.177426
v -0.035716 0.108738 0.176704
v -0.036638 0.107954 0.168688
v -0.037123 0.098451 0.169883
v -0.078001 0.109407 0.177891
v -0.077213 0.100143 0.179172
v -0.038477 0.100361 0.184979
v -0.037437 0.109531 0.184750
v -0.075839 0.110379 0.188019
v -0.075069 0.101403 0.188713
v -0.042219 0.101334 0.192057
v -0.041320 0.110305 0.192201
v -0.070758 0.111070 0.196147
v -0.070035 0.102308 0.196401
v -0.047717 0.102160 0.197755
v -0.047199 0.110937 0.198030
v -0.037169 0.130724 0.166716
v -0.041765 0.130360 0.159504
v -0.049055 0.130011 0.154476
v -0.057878 0.129800 0.151677
v -0.035611 0.131066 0.175313
v -0.037006 0.131364 0.184194
v -0.041007 0.131606 0.192466
v -0.047198 0.131740 0.198856
v -0.055120 0.131736 0.201887
v -0.077617 0.130277 0.165370
v -0.073660 0.129940 0.156874
v -0.066660 0.129777 0.152027
v -0.078319 0.130630 0.175759
v -0.076161 0.130998 0.186359
v -0.071230 0.131357 0.195231
v -0.063730 0.131615 0.200692
v -0.037941 0.147805 0.165827
v -0.043022 0.147681 0.158660
v -0.050558 0.147471 0.153782
v -0.059244 0.147256 0.151007
v -0.036060 0.147819 0.174671
v -0.037369 0.147735 0.184007
v -0.041465 0.147585 0.192733
v -0.047813 0.147379 0.199533
v -0.055840 0.147157 0.202777
v -0.078480 0.146846 0.164280
v -0.074575 0.146912 0.155872
v -0.067749 0.147068 0.151256
v -0.079108 0.146814 0.174813
v -0.076809 0.146831 0.185751
v -0.071825 0.146906 0.195188
v -0.064427 0.147003 0.201302
v -0.037944 0.232436 0.159912
v -0.045280 0.232586 0.149502
v -0.055963 0.232092 0.142535
v -0.067512 0.231547 0.139844
v -0.035651 0.231513 0.172001
v -0.038244 0.230406 0.184074
v -0.044382 0.229500 0.194894
v -0.052664 0.228919 0.203576
v -0.062505 0.228714 0.207926
v -0.091836 0.230573 0.160224
v -0.091854 0.230162 0.173546
v -0.088284 0.229692 0.187160
v -0.081888 0.229212 0.198814
v -0.072911 0.228848 0.206333
v -0.080939 0.167138 0.173939
v -0.083651 0.189268 0.173035
v -0.087319 0.210486 0.172694
v -0.084197 0.210018 0.185684
v -0.080899 0.188758 0.185335
v -0.078438 0.166857 0.185478
v -0.042170 0.167670 0.193188
v -0.043216 0.189217 0.193548
v -0.043937 0.210170 0.193799
v -0.038850 0.211184 0.183074
v -0.038751 0.190011 0.183476
v -0.037924 0.168140 0.183926
v -0.078490 0.209521 0.197146
v -0.075610 0.188350 0.196247
v -0.073330 0.166704 0.195570
v -0.048802 0.167190 0.200441
v -0.050132 0.188598 0.201467
v -0.051382 0.209421 0.202360
v -0.070336 0.209151 0.204787
v -0.067978 0.188141 0.203562
v -0.065899 0.166639 0.202309
v -0.057134 0.166798 0.203956
v -0.058850 0.188207 0.205293
v -0.060625 0.209101 0.206544
v -0.038620 0.168918 0.164732
v -0.039114 0.191462 0.162757
v -0.038699 0.212972 0.160653
v -0.045030 0.213081 0.151526
v -0.044882 0.191684 0.154660
v -0.044122 0.169059 0.157344
v -0.076417 0.167949 0.154433
v -0.079098 0.190283 0.152322
v -0.087077 0.210925 0.160321
v -0.083243 0.189789 0.161391
v -0.080401 0.167535 0.162974
v -0.054356 0.212671 0.145493
v -0.053255 0.191518 0.149255
v -0.052009 0.168965 0.152378
v -0.069452 0.168370 0.149868
v -0.064680 0.212167 0.142969
v -0.062602 0.191172 0.146560
v -0.060844 0.168716 0.149601
v -0.036575 0.168568 0.174005
v -0.037157 0.190829 0.172768
v -0.036768 0.212218 0.171615
v -0.037759 0.040052 0.181324
v -0.037051 0.044136 0.187654
v -0.064045 0.096242 0.156547
v -0.039007 0.265100 0.161437
v -0.047940 0.267991 0.147938
v -0.060169 0.271164 0.137408
v -0.073421 0.273136 0.132434
v -0.035354 0.263397 0.175069
v -0.037882 0.262347 0.188039
v -0.045480 0.261987 0.198947
v -0.055414 0.262273 0.207577
v -0.066531 0.263151 0.212143
v -0.100335 0.270109 0.159417
v -0.100041 0.267480 0.176521
v -0.096050 0.266203 0.191577
v -0.088624 0.265334 0.203496
v -0.078236 0.264275 0.210876
v -0.092158 0.251190 0.146921
v -0.096706 0.250040 0.160153
v -0.046343 0.250779 0.148298
v -0.058156 0.251752 0.139409
v -0.082833 0.251843 0.138236
v -0.070806 0.252224 0.135648
v -0.034934 0.248728 0.173244
v -0.037942 0.249848 0.160191
v -0.096513 0.248984 0.175163
v -0.037751 0.247678 0.185895
v -0.092634 0.248443 0.189353
v -0.044972 0.247086 0.196680
v -0.085585 0.247928 0.201047
v -0.054244 0.246899 0.205237
v -0.075792 0.247411 0.208340
v -0.064717 0.247034 0.209714
v -0.040494 0.277417 0.162604
v -0.049172 0.281170 0.148350
v -0.061236 0.285841 0.136737
v -0.074851 0.289422 0.130860
v -0.036630 0.275454 0.176517
v -0.038355 0.274459 0.189913
v -0.045226 0.274120 0.201771
v -0.055191 0.274912 0.210982
v -0.066990 0.277095 0.215430
v -0.102570 0.287860 0.159119
v -0.098107 0.290566 0.142614
v -0.102118 0.284788 0.177327
v -0.097974 0.283093 0.193299
v -0.090295 0.281724 0.205902
v -0.079416 0.279694 0.213819
v -0.040357 0.285229 0.162906
v -0.048512 0.288509 0.147717
v -0.060824 0.294101 0.135519
v -0.075347 0.300121 0.130116
v -0.036966 0.284192 0.177338
v -0.037829 0.283792 0.191802
v -0.043228 0.283649 0.205388
v -0.052689 0.284980 0.216232
v -0.065485 0.289487 0.220397
v -0.105218 0.303228 0.160903
v -0.100578 0.304779 0.143800
v -0.104352 0.301283 0.179362
v -0.099640 0.300283 0.195512
v -0.091264 0.298296 0.208998
v -0.079276 0.294781 0.218004
v -0.108943 0.318673 0.181845
v -0.110960 0.318610 0.162860
v -0.105819 0.318055 0.144856
v -0.075025 0.307995 0.127505
v -0.058431 0.295940 0.131529
v -0.014232 0.286158 0.179597
v -0.028280 0.284931 0.161601
v -0.024268 0.286514 0.178820
v -0.025467 0.289726 0.197197
v -0.028474 0.293754 0.213723
v -0.057590 0.310991 0.240364
v -0.077894 0.325531 0.234646
v -0.097873 0.334471 0.221039
v -0.106573 0.336711 0.203912
v -0.112227 0.336725 0.184441
v -0.114834 0.336675 0.164523
v -0.019073 0.304228 0.260967
v -0.082769 0.345346 0.245107
v -0.090781 0.457060 0.255659
v -0.084564 0.480308 0.244426
v -0.078929 0.419037 0.290749
v -0.088278 0.440290 0.280610
v -0.093898 0.463881 0.268416
v -0.087768 0.486391 0.257127
v -0.073772 0.499480 0.235491
v -0.074685 0.507428 0.245737
v -0.060832 0.518463 0.226500
v -0.049282 0.535823 0.217803
v -0.036469 0.547426 0.210904
v -0.019314 0.553519 0.206550
v -0.060790 0.524409 0.236602
v -0.049115 0.541450 0.227550
v -0.036226 0.552602 0.220316
v -0.018887 0.558707 0.216295
v -0.035255 0.567296 0.239817
v -0.035609 0.559324 0.229974
v -0.088353 0.500959 0.294736
v -0.060092 0.416111 0.309202
v -0.062926 0.534008 0.245976
v -0.065858 0.547119 0.254352
v -0.068527 0.561189 0.264599
v -0.086200 0.451293 0.289921
v -0.079259 0.476402 0.303480
v -0.049170 0.548372 0.237349
v -0.049617 0.557672 0.246243
v -0.051627 0.570252 0.256485
v -0.024688 0.486643 0.378938
v 0.000000 0.573458 0.232747
v 0.000000 0.564748 0.224067
v 0.000000 0.582905 0.242302
v 0.000000 0.594359 0.253653
v 0.000000 0.281967 0.125496
v -0.000000 0.529194 0.049625
v 0.000000 0.545634 0.118378
v 0.000000 0.548507 0.134327
v 0.000000 0.548722 0.160278
v 0.000000 0.550687 0.173205
v 0.000000 0.550343 0.185598
v 0.000000 0.448869 0.354019
v -0.000000 0.282288 0.054606
v 0.000000 0.285347 0.143537
v 0.000000 0.532295 0.068372
v 0.000000 0.286543 0.161272
v 0.000000 0.288959 0.198565
v 0.000000 0.290474 0.216747
v 0.000000 0.303954 0.260707
v 0.000000 0.318918 0.280904
v -0.000000 0.354409 0.312152
v 0.000000 0.479990 0.366304
v 0.000000 0.469481 0.357551
v -0.000000 0.549334 0.196877
v 0.000000 0.370850 0.325597
v 0.000000 0.336153 0.298210
v 0.000000 0.617447 0.275533
v 0.000000 0.606486 0.264033
v 0.000000 0.536471 0.086323
v 0.000000 0.279147 0.079907
v 0.000000 0.541479 0.103059
v 0.000000 0.278779 0.104506
v 0.000000 0.549059 0.148267
v 0.000000 0.287812 0.179776
v 0.000000 0.294902 0.238153
v 0.000000 0.551815 0.206936
v 0.000000 0.557174 0.215458
v 0.000000 0.409542 0.345317
v -0.064882 0.461540 0.312215
v -0.093414 0.327990 0.126026
v -0.019195 0.376287 0.321516
v -0.051279 0.292932 0.123255
v -0.050749 0.289532 0.080564
v -0.082373 0.612200 0.312682
v -0.074117 0.432138 0.299324
v -0.052317 0.461864 0.332594
v -0.086033 0.583894 0.311126
v -0.086008 0.515703 0.329296
v -0.051570 0.291037 0.104258
v -0.088723 0.326436 0.105597
v -0.087277 0.230898 0.149169
v -0.082688 0.211340 0.150451
v -0.074660 0.211737 0.144471
v -0.095839 0.272523 0.144179
v -0.086166 0.273259 0.134756
v -0.018365 0.293950 0.238703
v -0.107662 0.333336 0.143172
v -0.091849 0.486545 0.287279
v -0.049580 0.450982 0.321310
v -0.092129 0.553211 0.348395
v 0.000000 0.431252 0.350534
v -0.019010 0.511130 0.435854
v -0.015580 0.515085 0.429666
v -0.020373 0.516849 0.421424
v -0.016440 0.517818 0.422081
v -0.010500 0.514209 0.442545
v -0.009909 0.512134 0.447022
v -0.021423 0.518874 0.414359
v -0.017509 0.519894 0.414998
v 0.000000 0.513462 0.452666
v -0.003403 0.513083 0.452575
v -0.006349 0.512036 0.452069
v -0.009315 0.510227 0.451081
v -0.096922 0.574158 0.325985
v -0.099478 0.542101 0.323916
v -0.071166 0.493929 0.337725
v -0.103179 0.560412 0.323159
v -0.084744 0.589141 0.348028
v -0.063179 0.617089 0.359337
v -0.095118 0.571696 0.336853
v -0.094593 0.540426 0.337201
v -0.099277 0.558234 0.335514
v -0.084813 0.521160 0.341081
v -0.070512 0.502525 0.346758
v -0.042039 0.629548 0.380261
v -0.015376 0.640177 0.385924
v -0.007967 0.640270 0.385899
v -0.062383 0.614698 0.368880
v 0.000000 0.638276 0.386136
v -0.083653 0.576666 0.351327
v -0.070068 0.605054 0.364873
v -0.075999 0.595694 0.360810
v -0.063287 0.510259 0.359572
v -0.077554 0.521551 0.354071
v -0.016060 0.631198 0.395941
v -0.051788 0.618244 0.380474
v -0.068636 0.602264 0.371372
v -0.060813 0.611342 0.374596
v -0.025001 0.630357 0.396066
v -0.033963 0.628016 0.393364
v -0.060172 0.517576 0.373008
v -0.048451 0.512120 0.380398
v -0.072393 0.524351 0.368688
v -0.081720 0.534855 0.364283
v -0.085815 0.548672 0.362217
v -0.077628 0.572427 0.362434
v -0.075453 0.583728 0.365279
v -0.073429 0.593064 0.368931
v -0.020925 0.467972 0.357442
v -0.036731 0.470958 0.349772
v -0.053325 0.474863 0.339386
v -0.089818 0.531708 0.310014
v -0.090878 0.554422 0.307079
v -0.044139 0.618445 0.393779
v -0.016254 0.622063 0.404460
v -0.035755 0.622477 0.400635
v -0.019069 0.606335 0.422832
v -0.037230 0.610689 0.415053
v -0.047332 0.609075 0.408024
v -0.045811 0.614412 0.400208
v -0.010551 0.600758 0.420096
v -0.025700 0.616996 0.411596
v -0.036478 0.617466 0.407495
v -0.030092 0.602764 0.424937
v -0.039943 0.634188 0.375667
v -0.057103 0.695866 0.387244
v -0.039424 0.640940 0.375136
v -0.050877 0.685009 0.387600
v -0.053634 0.691266 0.388015
v -0.040093 0.649307 0.377521
v -0.048184 0.677148 0.386380
v -0.058834 0.707299 0.387726
v -0.070827 0.709239 0.383904
v -0.078917 0.695187 0.379582
v -0.067371 0.711117 0.385275
v -0.070397 0.710187 0.381704
v -0.078186 0.696328 0.376418
v -0.060889 0.711121 0.384943
v -0.079003 0.684015 0.377433
v -0.087889 0.612589 0.345035
v -0.088021 0.621712 0.347462
v -0.087813 0.642916 0.357029
v -0.086478 0.655289 0.364602
v -0.084623 0.668835 0.371709
v -0.032500 0.442187 0.331218
v -0.090268 0.513409 0.276316
v -0.068966 0.447882 0.305598
v -0.053482 0.434821 0.314231
v -0.083514 0.463211 0.296578
v -0.094470 0.473757 0.278682
v 0.000000 0.390314 0.337064
v -0.039904 0.403192 0.321523
v -0.017919 0.393957 0.331896
v -0.078600 0.490276 0.310205
v -0.066949 0.471350 0.321234
v -0.086472 0.544840 0.296537
v -0.014318 0.287704 0.198530
v -0.020832 0.359948 0.309906
v -0.015807 0.289886 0.216245
v -0.020922 0.320558 0.281862
v -0.039883 0.316241 0.259626
v -0.036507 0.299262 0.240097
v -0.025957 0.280374 0.055242
v -0.020873 0.297464 -0.013451
v -0.019033 0.281962 0.143578
v -0.026472 0.280182 0.125789
v -0.031783 0.323197 -0.050814
v -0.036092 0.315708 -0.031607
v -0.029895 0.328162 -0.071007
v -0.049136 0.290482 0.055778
v -0.044407 0.298772 0.007926
v -0.066578 0.309792 0.032585
v -0.052598 0.329458 -0.030213
v -0.073728 0.308900 0.122628
v -0.069241 0.306103 0.056353
v -0.070886 0.304798 0.080845
v -0.072013 0.306032 0.104256
v -0.056956 0.336005 -0.257142
v -0.059199 0.286322 -0.247615
v -0.056961 0.355358 -0.259371
v -0.056913 0.395371 -0.258497
v -0.055582 0.415677 -0.255434
v -0.048636 0.448545 -0.243565
v -0.058097 0.300788 -0.249573
v -0.056642 0.373609 -0.260029
v -0.052809 0.432827 -0.250585
v -0.073121 0.374173 -0.250124
v -0.072705 0.300146 -0.244472
v -0.063164 0.450949 -0.235704
v -0.073549 0.353746 -0.249326
v -0.068641 0.434607 -0.242115
v -0.055677 0.463256 -0.229112
v -0.025185 0.372429 -0.255620
v -0.026139 0.394803 -0.255983
v -0.023087 0.444088 -0.243362
v -0.011456 0.446955 -0.282074
v -0.018302 0.421856 -0.377795
v -0.021626 0.418990 -0.456867
v -0.020833 0.421513 -0.482375
v -0.013783 0.454869 -0.248605
v -0.019427 0.419457 -0.404154
v -0.019832 0.426399 -0.506577
v -0.015138 0.456004 -0.593972
v -0.016864 0.445653 -0.572966
v -0.005644 0.499757 -0.643398
v -0.012948 0.467408 -0.611875
v -0.020558 0.419075 -0.431511
v -0.014304 0.494594 -0.633282
v -0.018025 0.485364 -0.622115
v -0.029681 0.434562 -0.404116
v -0.009656 0.503002 -0.640581
v -0.031518 0.433833 -0.430601
v -0.032070 0.440705 -0.503947
v -0.031419 0.445484 -0.525677
v -0.023515 0.444847 -0.327989
v -0.023952 0.464677 -0.306334
v -0.016125 0.500985 -0.627691
v -0.031984 0.454289 -0.379650
v -0.024524 0.487081 -0.599918
v -0.033805 0.452502 -0.404356
v -0.035697 0.461617 -0.521640
v -0.026549 0.460427 -0.329488
v -0.029513 0.456381 -0.354704
v -0.083773 0.332937 -0.228072
v -0.064136 0.466736 -0.215927
v -0.046757 0.628773 0.365846
v -0.051580 0.663674 0.377890
v -0.078533 0.231168 0.142008
v -0.071720 0.190756 0.147272
v -0.088189 0.291058 0.132493
v -0.090016 0.304076 0.132611
v -0.093685 0.315675 0.131971
v 0.038604 0.580575 0.421720
v 0.038596 0.586848 0.417162
v 0.038545 0.588668 0.413735
v 0.038465 0.589364 0.409970
v 0.038369 0.588747 0.406045
v 0.040088 0.580280 0.421720
v 0.041426 0.583511 0.419938
v 0.042468 0.586073 0.417162
v 0.043082 0.587737 0.413743
v 0.043217 0.588353 0.409968
v 0.042883 0.587795 0.406025
v 0.041346 0.579440 0.421720
v 0.043819 0.581912 0.419938
v 0.045757 0.583871 0.417162
v 0.046937 0.585120 0.413665
v 0.047259 0.585542 0.409793
v 0.046747 0.585123 0.405913
v 0.042186 0.578182 0.421720
v 0.045417 0.579520 0.419938
v 0.047961 0.580579 0.417162
v 0.049546 0.581251 0.413665
v 0.050027 0.581472 0.409788
v 0.049378 0.581229 0.405911
v 0.042481 0.576698 0.421720
v 0.045979 0.576698 0.419938
v 0.048746 0.576697 0.417162
v 0.050488 0.576690 0.413665
v 0.051037 0.576680 0.409788
v 0.050356 0.576668 0.405911
v 0.042186 0.575215 0.421720
v 0.045417 0.573876 0.419938
v 0.047982 0.572814 0.417162
v 0.049615 0.572130 0.413665
v 0.050147 0.571889 0.409788
v 0.049530 0.572116 0.405911
v 0.041346 0.573957 0.421720
v 0.043819 0.571484 0.419938
v 0.045781 0.569521 0.417162
v 0.047042 0.568261 0.413665
v 0.047469 0.567826 0.409788
v 0.047010 0.568256 0.405911
v 0.040088 0.573116 0.421720
v 0.041426 0.569885 0.419938
v 0.042489 0.567321 0.417162
v 0.043171 0.565674 0.413665
v 0.043406 0.565107 0.409788
v 0.043169 0.565674 0.405911
v 0.038604 0.572821 0.421720
v 0.038604 0.569324 0.419938
v 0.038604 0.566548 0.417162
v 0.038604 0.564766 0.413665
v 0.038604 0.564152 0.409788
v 0.038604 0.564766 0.405911
v 0.037121 0.573116 0.421720
v 0.035782 0.569885 0.419938
v 0.034720 0.567321 0.417162
v 0.034038 0.565674 0.413665
v 0.033803 0.565107 0.409788
v 0.034038 0.565674 0.405911
v 0.035863 0.573957 0.421720
v 0.033390 0.571484 0.419938
v 0.031427 0.569521 0.417162
v 0.030167 0.568261 0.413665
v 0.029733 0.567827 0.409788
v 0.030167 0.568261 0.405911
v 0.038604 0.576698 0.422334
v 0.035022 0.575215 0.421720
v 0.031791 0.573876 0.419938
v 0.029227 0.572814 0.417162
v 0.027581 0.572132 0.413665
v 0.027013 0.571897 0.409788
v 0.027581 0.572132 0.405911
v 0.034727 0.576698 0.421720
v 0.031230 0.576698 0.419938
v 0.028454 0.576698 0.417162
v 0.026672 0.576698 0.413665
v 0.026058 0.576698 0.409788
v 0.026672 0.576698 0.405911
v 0.035022 0.578182 0.421720
v 0.031791 0.579520 0.419938
v 0.029227 0.580582 0.417162
v 0.027581 0.581264 0.413665
v 0.027013 0.581499 0.409788
v 0.027581 0.581264 0.405911
v 0.035863 0.579440 0.421720
v 0.033390 0.581912 0.419938
v 0.031427 0.583875 0.417162
v 0.030167 0.585135 0.413665
v 0.029726 0.585570 0.409788
v 0.030139 0.585136 0.405913
v 0.037121 0.580280 0.421720
v 0.035782 0.583511 0.419938
v 0.034720 0.586075 0.417162
v 0.034016 0.587731 0.413672
v 0.033732 0.588345 0.409832
v 0.033911 0.587792 0.405971
v 0.038604 0.584073 0.419938
v -0.038604 0.580575 0.421720
v -0.038596 0.586848 0.417162
v -0.038545 0.588668 0.413735
v -0.038465 0.589364 0.409970
v -0.038369 0.588747 0.406045
v -0.040088 0.580280 0.421720
v -0.041426 0.583511 0.419938
v -0.042468 0.586073 0.417162
v -0.043082 0.587737 0.413743
v -0.043217 0.588353 0.409968
v -0.042883 0.587795 0.406025
v -0.041346 0.579440 0.421720
v -0.043819 0.581912 0.419938
v -0.045757 0.583871 0.417162
v -0.046937 0.585120 0.413665
v -0.047259 0.585542 0.409793
v -0.046747 0.585123 0.405913
v -0.042186 0.578182 0.421720
v -0.045417 0.579520 0.419938
v -0.047961 0.580579 0.417162
v -0.049546 0.581251 0.413665
v -0.050027 0.581472 0.409788
v -0.049378 0.581229 0.405911
v -0.042481 0.576698 0.421720
v -0.045979 0.576698 0.419938
v -0.048746 0.576697 0.417162
v -0.050488 0.576690 0.413665
v -0.051037 0.576679 0.409788
v -0.050356 0.576668 0.405911
v -0.042186 0.575215 0.421720
v -0.045417 0.573876 0.419938
v -0.047982 0.572814 0.417162
v -0.049615 0.572130 0.413665
v -0.050147 0.571889 0.409788
v -0.049530 0.572116 0.405911
v -0.041346 0.573957 0.421720
v -0.043819 0.571483 0.419938
v -0.045781 0.569521 0.417162
v -0.047042 0.568261 0.413665
v -0.047469 0.567826 0.409788
v -0.047010 0.568256 0.405911
v -0.040088 0.573116 0.421720
v -0.041426 0.569885 0.419938
v -0.042489 0.567321 0.417162
v -0.043171 0.565674 0.413665
v -0.043405 0.565107 0.409788
v -0.043169 0.565674 0.405911
v -0.038604 0.572821 0.421720
v -0.038604 0.569324 0.419938
v -0.038604 0.566548 0.417162
v -0.038604 0.564766 0.413665
v -0.038604 0.564152 0.409788
v -0.038604 0.564766 0.405911
v -0.037121 0.573116 0.421720
v -0.035782 0.569885 0.419938
v -0.034720 0.567321 0.417162
v -0.034038 0.565674 0.413665
v -0.033803 0.565107 0.409788
v -0.034038 0.565674 0.405911
v -0.035863 0.573957 0.421720
v -0.033390 0.571483 0.419938
v -0.031427 0.569521 0.417162
v -0.030167 0.568261 0.413665
v -0.029733 0.567826 0.409788
v -0.030167 0.568261 0.405911
v -0.038604 0.576698 0.422334
v -0.035022 0.575215 0.421720
v -0.031791 0.573876 0.419938
v -0.029227 0.572814 0.417162
v -0.027581 0.572132 0.413665
v -0.027013 0.571897 0.409788
v -0.027581 0.572132 0.405911
v -0.034727 0.576698 0.421720
v -0.031230 0.576698 0.419938
v -0.028454 0.576698 0.417162
v -0.026672 0.576698 0.413665
v -0.026058 0.576698 0.409788
v -0.026672 0.576698 0.405911
v -0.035022 0.578182 0.421720
v -0.031791 0.579520 0.419938
v -0.029227 0.580582 0.417162
v -0.027581 0.581264 0.413665
v -0.027013 0.581499 0.409788
v -0.027581 0.581264 0.405911
v -0.035863 0.579440 0.421720
v -0.033390 0.581912 0.419938
v -0.031427 0.583875 0.417162
v -0.030167 0.585135 0.413665
v -0.029726 0.585570 0.409788
v -0.030139 0.585136 0.405913
v -0.037121 0.580280 0.421720
v -0.035782 0.583511 0.419938
v -0.034720 0.586075 0.417162
v -0.034016 0.587731 0.413672
v -0.033732 0.588344 0.409832
v -0.033911 0.587792 0.405971
v -0.038604 0.584073 0.419938
v 0.053222 0.105256 -0.253442
v 0.053395 0.080277 -0.253144
v 0.067817 0.105954 -0.246176
v 0.067448 0.080974 -0.245832
v 0.074516 0.105825 -0.249460
v 0.073989 0.080896 -0.248724
v 0.079271 0.078721 -0.275213
v 0.077693 0.103584 -0.276915
v 0.069253 0.102617 -0.289194
v 0.070659 0.077796 -0.287001
v 0.047566 0.104217 -0.269667
v 0.048134 0.079371 -0.268076
v 0.065257 0.077441 -0.288634
v 0.064730 0.102278 -0.291022
v 0.081860 0.080065 -0.261157
v 0.082196 0.104883 -0.262777
v 0.059714 0.102427 -0.289188
v 0.059689 0.077573 -0.286941
v 0.073235 0.102912 -0.282890
v 0.075404 0.078090 -0.281364
v 0.078551 0.080813 -0.254283
v 0.078563 0.105702 -0.255580
v 0.049387 0.079688 -0.260173
v 0.048392 0.104586 -0.260853
v 0.082010 0.104068 -0.270585
v 0.082285 0.079213 -0.268742
v 0.050680 0.078861 -0.275206
v 0.051285 0.103777 -0.276578
v 0.054958 0.078175 -0.281895
v 0.055773 0.103068 -0.283474
v 0.059628 0.080906 -0.247915
v 0.059764 0.105893 -0.247968
v 0.018386 0.511814 0.404766
v 0.017778 0.510252 0.406879
v 0.016488 0.506604 0.412558
v 0.015328 0.503324 0.418376
v 0.014388 0.500131 0.424247
v 0.013775 0.496873 0.430735
v 0.013206 0.493764 0.436717
v 0.012935 0.492532 0.439083
v 0.014912 0.491958 0.439142
v 0.015199 0.493234 0.436709
v 0.015870 0.496399 0.430655
v 0.016574 0.499687 0.424124
v 0.017614 0.503045 0.418171
v 0.018822 0.506320 0.412436
v 0.020125 0.509974 0.406844
v 0.020675 0.511583 0.404907
v -0.018386 0.511814 0.404766
v -0.017778 0.510252 0.406879
v -0.016488 0.506604 0.412558
v -0.015328 0.503324 0.418376
v -0.014388 0.500131 0.424247
v -0.013775 0.496873 0.430735
v -0.013206 0.493764 0.436717
v -0.012935 0.492532 0.439083
v -0.014912 0.491958 0.439142
v -0.015199 0.493234 0.436709
v -0.015870 0.496399 0.430655
v -0.016574 0.499687 0.424124
v -0.017614 0.503045 0.418171
v -0.018822 0.506320 0.412436
v -0.020125 0.509974 0.406844
v -0.020675 0.511583 0.404907
v -0.053395 0.080277 -0.253144
v -0.067448 0.080974 -0.245832
v -0.073989 0.080896 -0.248724
v -0.079271 0.078721 -0.275213
v -0.070659 0.077796 -0.287001
v -0.048134 0.079371 -0.268076
v -0.065257 0.077441 -0.288634
v -0.081860 0.080065 -0.261157
v -0.059689 0.077573 -0.286941
v -0.075404 0.078090 -0.281364
v -0.078551 0.080813 -0.254283
v -0.049387 0.079688 -0.260174
v -0.082285 0.079213 -0.268742
v -0.050680 0.078861 -0.275206
v -0.054958 0.078175 -0.281895
v -0.059628 0.080906 -0.247915
v -0.059764 0.105893 -0.247968
v -0.074516 0.105825 -0.249460
v -0.078563 0.105702 -0.255580
v -0.077693 0.103584 -0.276915
v -0.073235 0.102912 -0.282890
v -0.064729 0.102278 -0.291022
v -0.059714 0.102427 -0.289188
v -0.082196 0.104883 -0.262777
v -0.055773 0.103068 -0.283474
v -0.053222 0.105256 -0.253442
v -0.048392 0.104586 -0.260853
v -0.067817 0.105954 -0.246176
v -0.082010 0.104068 -0.270585
v -0.069253 0.102617 -0.289194
v -0.047566 0.104217 -0.269667
v -0.051285 0.103777 -0.276578
vt 0.370969 0.764104
vt 0.370188 0.766654
vt 0.365278 0.763586
vt 0.367163 0.761657
vt 0.396771 0.679840
vt 0.393978 0.688963
vt 0.389119 0.687394
vt 0.392089 0.678407
vt 0.461812 0.682322
vt 0.464645 0.683972
vt 0.461543 0.690465
vt 0.458910 0.688869
vt 0.363153 0.751738
vt 0.366335 0.752647
vt 0.366021 0.756522
vt 0.364033 0.757224
vt 0.452249 0.678132
vt 0.457610 0.680414
vt 0.454959 0.687012
vt 0.449853 0.684721
vt 0.385733 0.657761
vt 0.389138 0.658844
vt 0.387231 0.665824
vt 0.384134 0.664803
vt 0.382039 0.674698
vt 0.384528 0.675654
vt 0.382086 0.684620
vt 0.380127 0.683790
vt 0.435415 0.742434
vt 0.439141 0.744067
vt 0.436180 0.752444
vt 0.432413 0.750666
vt 0.387724 0.676904
vt 0.384817 0.685774
vt 0.425485 0.738743
vt 0.428505 0.730005
vt 0.433611 0.731837
vt 0.430475 0.740501
vt 0.417288 0.777560
vt 0.422222 0.775889
vt 0.422844 0.777378
vt 0.417039 0.779402
vt 0.417808 0.775508
vt 0.413017 0.774807
vt 0.414819 0.769595
vt 0.419547 0.770738
vt 0.442984 0.704108
vt 0.438042 0.702419
vt 0.441385 0.692750
vt 0.446409 0.694668
vt 0.426400 0.772367
vt 0.421562 0.774984
vt 0.423775 0.771434
vt 0.378282 0.724385
vt 0.381125 0.714520
vt 0.385717 0.715942
vt 0.382685 0.725841
vt 0.454760 0.698201
vt 0.457121 0.699520
vt 0.453249 0.707962
vt 0.451148 0.707010
vt 0.427687 0.773358
vt 0.369932 0.754593
vt 0.371533 0.748443
vt 0.375369 0.749733
vt 0.373423 0.756089
vt 0.383958 0.704900
vt 0.388661 0.706327
vt 0.451141 0.696608
vt 0.447618 0.705680
vt 0.369412 0.721164
vt 0.367150 0.730083
vt 0.364560 0.728900
vt 0.367112 0.720285
vt 0.375767 0.733453
vt 0.371300 0.731760
vt 0.373653 0.722741
vt 0.393253 0.660185
vt 0.391017 0.667120
vt 0.372427 0.711639
vt 0.376398 0.712945
vt 0.444945 0.725295
vt 0.441531 0.724025
vt 0.444376 0.714846
vt 0.447774 0.716071
vt 0.422080 0.764139
vt 0.426674 0.765597
vt 0.376154 0.702337
vt 0.379467 0.703430
vt 0.399843 0.669810
vt 0.395354 0.668454
vt 0.397571 0.661457
vt 0.401992 0.662790
vt 0.361696 0.757994
vt 0.430134 0.767069
vt 0.360731 0.744553
vt 0.363836 0.745505
vt 0.360298 0.751435
vt 0.440809 0.744740
vt 0.437841 0.753229
vt 0.429518 0.758703
vt 0.433255 0.760397
vt 0.438571 0.733687
vt 0.444861 0.682694
vt 0.447125 0.676145
vt 0.431843 0.720351
vt 0.436832 0.722176
vt 0.449561 0.716671
vt 0.446538 0.725707
vt 0.367554 0.746865
vt 0.379916 0.734885
vt 0.377547 0.742621
vt 0.373496 0.741345
vt 0.434832 0.761173
vt 0.417208 0.762685
vt 0.424706 0.756875
vt 0.419747 0.755339
vt 0.422643 0.746962
vt 0.427576 0.748650
vt 0.374337 0.701785
vt 0.377618 0.692865
vt 0.379362 0.693498
vt 0.369213 0.739813
vt 0.368656 0.759060
vt 0.411596 0.778918
vt 0.412202 0.777166
vt 0.442253 0.735007
vt 0.443901 0.735427
vt 0.431533 0.767901
vt 0.370440 0.711064
vt 0.365266 0.738283
vt 0.362380 0.737106
vt 0.371954 0.760885
vt 0.391339 0.697580
vt 0.386445 0.696030
vt 0.439769 0.713248
vt 0.434878 0.711571
vt 0.382120 0.694510
vt 0.375492 0.764208
vt 0.375973 0.766861
vt 0.401453 0.681275
vt 0.398883 0.690383
vt 0.431758 0.671932
vt 0.429998 0.678874
vt 0.426941 0.678503
vt 0.428511 0.671480
vt 0.384368 0.758234
vt 0.380567 0.762286
vt 0.379313 0.760592
vt 0.381223 0.757206
vt 0.441868 0.674543
vt 0.439683 0.681205
vt 0.434252 0.679853
vt 0.436242 0.673027
vt 0.418281 0.667727
vt 0.415662 0.674457
vt 0.412524 0.673569
vt 0.414853 0.666719
vt 0.411858 0.683829
vt 0.408351 0.692432
vt 0.406263 0.692023
vt 0.409260 0.683227
vt 0.415395 0.735513
vt 0.412672 0.743841
vt 0.408611 0.742913
vt 0.411456 0.734497
vt 0.403354 0.691451
vt 0.405912 0.682474
vt 0.420475 0.737044
vt 0.423359 0.728293
vt 0.407958 0.774334
vt 0.407017 0.775937
vt 0.403701 0.770760
vt 0.405110 0.769973
vt 0.408817 0.772400
vt 0.410394 0.767574
vt 0.433112 0.700695
vt 0.436248 0.691155
vt 0.404000 0.764623
vt 0.406639 0.765510
vt 0.406188 0.769669
vt 0.387149 0.727100
vt 0.390317 0.717335
vt 0.427498 0.688777
vt 0.424898 0.697936
vt 0.422658 0.697387
vt 0.424827 0.688356
vt 0.402374 0.764608
vt 0.377153 0.756804
vt 0.379270 0.750812
vt 0.393357 0.707779
vt 0.428496 0.699070
vt 0.431328 0.689758
vt 0.396301 0.729397
vt 0.398700 0.729958
vt 0.395991 0.738524
vt 0.393182 0.738054
vt 0.391905 0.728330
vt 0.388804 0.737120
vt 0.384155 0.736021
vt 0.408662 0.672523
vt 0.410692 0.665525
vt 0.395116 0.718677
vt 0.399137 0.719818
vt 0.418484 0.716148
vt 0.421956 0.707146
vt 0.425386 0.708281
vt 0.421954 0.717257
vt 0.407964 0.759129
vt 0.412478 0.760820
vt 0.401257 0.710023
vt 0.397901 0.709074
vt 0.406402 0.664162
vt 0.404321 0.671200
vt 0.382073 0.764234
vt 0.404335 0.758150
vt 0.390398 0.753638
vt 0.386903 0.759582
vt 0.387292 0.752687
vt 0.406820 0.742506
vt 0.409729 0.733996
vt 0.409986 0.751951
vt 0.406000 0.750975
vt 0.418315 0.726685
vt 0.426792 0.718705
vt 0.416978 0.715488
vt 0.420180 0.706514
vt 0.383450 0.751732
vt 0.381619 0.743832
vt 0.404280 0.750611
vt 0.414899 0.753484
vt 0.417721 0.745244
vt 0.403549 0.700905
vt 0.405347 0.701357
vt 0.403072 0.710584
vt 0.386024 0.744960
vt 0.375709 0.761220
vt 0.414604 0.725449
vt 0.413048 0.724761
vt 0.402721 0.757941
vt 0.401105 0.720454
vt 0.393202 0.746544
vt 0.390151 0.745903
vt 0.396263 0.699036
vt 0.429995 0.709870
vt 0.400697 0.700199
vt 0.352388 0.337449
vt 0.352778 0.316814
vt 0.372473 0.317827
vt 0.372474 0.338834
vt 0.372472 0.297747
vt 0.353366 0.296735
vt 0.372471 0.277676
vt 0.354103 0.276261
vt 0.372470 0.259957
vt 0.354913 0.258613
vt 0.372469 0.242779
vt 0.355648 0.242253
vt 0.372467 0.210263
vt 0.372468 0.226234
vt 0.356581 0.226104
vt 0.357235 0.209702
vt 0.372466 0.196130
vt 0.357917 0.195827
vt 0.344081 0.194955
vt 0.330088 0.192517
vt 0.331181 0.178835
vt 0.344703 0.182009
vt 0.372461 0.126502
vt 0.372462 0.134588
vt 0.363541 0.134022
vt 0.364646 0.125910
vt 0.790171 0.113322
vt 0.770050 0.121034
vt 0.764877 0.107393
vt 0.783890 0.099040
vt 0.668908 0.161244
vt 0.655219 0.166140
vt 0.651882 0.157435
vt 0.665220 0.151867
vt 0.711497 0.153519
vt 0.690045 0.161194
vt 0.687267 0.154209
vt 0.707936 0.145273
vt 0.972782 0.029652
vt 0.967926 0.035161
vt 0.956667 0.030191
vt 0.961223 0.021413
vt 0.750850 0.128703
vt 0.745631 0.116200
vt 0.845128 0.093621
vt 0.841038 0.078213
vt 0.857650 0.072602
vt 0.862192 0.087952
vt 0.848969 0.104340
vt 0.831788 0.110487
vt 0.828123 0.099621
vt 0.893076 0.078119
vt 0.889608 0.063765
vt 0.905197 0.060652
vt 0.908173 0.073231
vt 0.887837 0.049345
vt 0.871277 0.052447
vt 0.869390 0.039236
vt 0.887330 0.036229
vt 0.964043 0.040558
vt 0.975387 0.040118
vt 0.972686 0.043991
vt 0.640635 0.127585
vt 0.652880 0.120901
vt 0.657947 0.132136
vt 0.644797 0.138590
vt 0.635401 0.116074
vt 0.648942 0.111622
vt 0.671727 0.167747
vt 0.657996 0.172659
vt 0.728878 0.137247
vt 0.702899 0.134777
vt 0.723911 0.125560
vt 0.732153 0.090791
vt 0.725828 0.078140
vt 0.745723 0.066813
vt 0.752333 0.079905
vt 0.794160 0.123947
vt 0.773770 0.131242
vt 0.798704 0.075666
vt 0.793249 0.061414
vt 0.813087 0.053895
vt 0.818060 0.067901
vt 0.895902 0.087550
vt 0.881197 0.092811
vt 0.878009 0.082833
vt 0.939110 0.072093
vt 0.925829 0.076844
vt 0.923589 0.069128
vt 0.937255 0.064660
vt 0.970267 0.060947
vt 0.961809 0.063972
vt 0.960615 0.058302
vt 0.969049 0.056748
vt 0.960004 0.052633
vt 0.969075 0.052044
vt 0.976965 0.053031
vt 0.970435 0.047963
vt 0.979072 0.050507
vt 0.682563 0.144203
vt 0.674573 0.122607
vt 0.678752 0.133706
vt 0.661541 0.142357
vt 0.737580 0.052631
vt 0.717576 0.065028
vt 0.787884 0.047392
vt 0.808018 0.039712
vt 0.823411 0.083930
vt 0.832188 0.047729
vt 0.828237 0.032730
vt 0.848436 0.027792
vt 0.851397 0.042732
vt 0.886871 0.022041
vt 0.905846 0.021371
vt 0.905384 0.034183
vt 0.698206 0.124008
vt 0.692781 0.111853
vt 0.352329 0.357234
vt 0.372475 0.357786
vt 0.372476 0.376572
vt 0.353119 0.376993
vt 0.648468 0.148670
vt 0.824353 0.015297
vt 0.801972 0.022168
vt 0.681594 0.091535
vt 0.687580 0.101122
vt 0.669876 0.111994
vt 0.665066 0.102913
vt 0.780532 0.030999
vt 0.845152 0.010875
vt 0.907373 0.007252
vt 0.887162 0.006271
vt 0.975941 0.058917
vt 0.974576 0.055768
vt 0.978855 0.036506
vt 0.961489 0.046512
vt 0.950368 0.045529
vt 0.953159 0.037501
vt 0.372465 0.183938
vt 0.358258 0.183419
vt 0.342117 0.208973
vt 0.340539 0.224422
vt 0.338848 0.240357
vt 0.334916 0.274134
vt 0.336820 0.255598
vt 0.333757 0.293232
vt 0.333693 0.313651
vt 0.333043 0.334866
vt 0.332506 0.375639
vt 0.332538 0.355372
vt 0.351245 0.140591
vt 0.353816 0.132241
vt 0.362323 0.142688
vt 0.338428 0.097456
vt 0.334449 0.092823
vt 0.343933 0.086176
vt 0.348394 0.089549
vt 0.543256 0.842053
vt 0.543407 0.858584
vt 0.527073 0.856128
vt 0.527221 0.838256
vt 0.315423 0.288652
vt 0.317639 0.269893
vt 0.297712 0.211392
vt 0.281863 0.205416
vt 0.284932 0.191973
vt 0.300260 0.197165
vt 0.293437 0.227200
vt 0.278209 0.221935
vt 0.285144 0.260323
vt 0.270920 0.255519
vt 0.275146 0.238344
vt 0.289617 0.243054
vt 0.277870 0.299462
vt 0.261181 0.294649
vt 0.265234 0.274894
vt 0.280861 0.279799
vt 0.275824 0.320666
vt 0.257356 0.315624
vt 0.271080 0.365125
vt 0.250768 0.360731
vt 0.254351 0.337435
vt 0.272941 0.342244
vt 0.248038 0.383190
vt 0.228405 0.378832
vt 0.232964 0.356722
vt 0.288861 0.177037
vt 0.303493 0.182402
vt 0.528694 0.821246
vt 0.510758 0.834867
vt 0.518059 0.814404
vt 0.612476 0.801061
vt 0.601906 0.811395
vt 0.590539 0.805174
vt 0.602285 0.794202
vt 0.615097 0.949525
vt 0.616700 0.958833
vt 0.601973 0.965366
vt 0.599885 0.953854
vt 0.612618 0.878125
vt 0.613586 0.891141
vt 0.595743 0.884994
vt 0.595502 0.872511
vt 0.639080 0.814670
vt 0.629680 0.823807
vt 0.613577 0.816991
vt 0.624013 0.807008
vt 0.621690 0.832548
vt 0.605762 0.825669
vt 0.652262 0.891048
vt 0.650652 0.902032
vt 0.632243 0.896840
vt 0.632597 0.884734
vt 0.670693 0.828906
vt 0.665498 0.838769
vt 0.648318 0.831960
vt 0.655263 0.822060
vt 0.614495 0.939779
vt 0.597850 0.943102
vt 0.660145 0.848148
vt 0.641927 0.841167
vt 0.614511 0.924198
vt 0.614386 0.932192
vt 0.597132 0.933856
vt 0.596756 0.924286
vt 0.586597 0.957494
vt 0.590536 0.971158
vt 0.579685 0.975482
vt 0.574127 0.961683
vt 0.654234 0.800148
vt 0.646950 0.807207
vt 0.632420 0.797990
vt 0.641044 0.791545
vt 0.614631 0.904727
vt 0.614582 0.916539
vt 0.596825 0.913648
vt 0.596924 0.900069
vt 0.592742 0.820735
vt 0.586871 0.830451
vt 0.575052 0.825318
vt 0.582043 0.815401
vt 0.633969 0.874172
vt 0.612516 0.865665
vt 0.648623 0.911561
vt 0.631176 0.908840
vt 0.630273 0.918977
vt 0.630074 0.925095
vt 0.643529 0.936618
vt 0.643829 0.944110
vt 0.629141 0.945420
vt 0.629247 0.937337
vt 0.665900 0.807485
vt 0.661024 0.814550
vt 0.656097 0.859488
vt 0.637106 0.852131
vt 0.583369 0.854118
vt 0.583739 0.868025
vt 0.571113 0.864058
vt 0.571035 0.849996
vt 0.653767 0.881590
vt 0.646447 0.921159
vt 0.644847 0.927095
vt 0.643949 0.952392
vt 0.630146 0.954759
vt 0.595419 0.859335
vt 0.678086 0.813799
vt 0.674764 0.820329
vt 0.615829 0.843114
vt 0.599295 0.835919
vt 0.613038 0.853582
vt 0.596216 0.847018
vt 0.635121 0.863096
vt 0.568993 0.787570
vt 0.556940 0.799696
vt 0.547062 0.792762
vt 0.559883 0.779400
vt 0.629871 0.931964
vt 0.655261 0.871032
vt 0.643909 0.932213
vt 0.728955 0.841325
vt 0.724957 0.849371
vt 0.715720 0.845122
vt 0.719036 0.836286
vt 0.705506 0.949593
vt 0.704722 0.957065
vt 0.691815 0.955745
vt 0.691710 0.947941
vt 0.712067 0.905974
vt 0.711231 0.913840
vt 0.697987 0.913268
vt 0.699118 0.905303
vt 0.704204 0.875035
vt 0.701843 0.885720
vt 0.691068 0.883060
vt 0.693936 0.872139
vt 0.721744 0.858211
vt 0.718726 0.867964
vt 0.707849 0.864404
vt 0.712712 0.854327
vt 0.705416 0.943394
vt 0.691616 0.942060
vt 0.706180 0.938912
vt 0.691822 0.937898
vt 0.721466 0.828675
vt 0.709317 0.832249
vt 0.711307 0.823785
vt 0.700207 0.895963
vt 0.688955 0.893068
vt 0.732281 0.834592
vt 0.679943 0.945002
vt 0.684159 0.940298
vt 0.687973 0.903437
vt 0.686829 0.912087
vt 0.695838 0.921061
vt 0.685044 0.920057
vt 0.709923 0.922132
vt 0.694405 0.927742
vt 0.692601 0.933739
vt 0.685249 0.932863
vt 0.682966 0.927022
vt 0.715457 0.878036
vt 0.679894 0.954296
vt 0.706406 0.841172
vt 0.698268 0.861547
vt 0.708707 0.929115
vt 0.707131 0.935286
vt 0.684850 0.936918
vt 0.284381 0.141460
vt 0.271024 0.135246
vt 0.277848 0.121734
vt 0.290123 0.129754
vt 0.712803 0.896661
vt 0.713802 0.887373
vt 0.733936 0.890950
vt 0.732520 0.898928
vt 0.748931 0.842612
vt 0.746426 0.849057
vt 0.780276 0.935674
vt 0.779501 0.942942
vt 0.752881 0.934503
vt 0.754598 0.927493
vt 0.777641 0.948859
vt 0.775688 0.954456
vt 0.749615 0.946357
vt 0.750863 0.941249
vt 0.743700 0.856988
vt 0.781287 0.927998
vt 0.756443 0.920393
vt 0.730022 0.923352
vt 0.729152 0.930521
vt 0.773242 0.959913
vt 0.770546 0.965380
vt 0.746502 0.957477
vt 0.748241 0.951504
vt 0.785591 0.900615
vt 0.784334 0.910411
vt 0.759563 0.903995
vt 0.761416 0.896125
vt 0.782319 0.919467
vt 0.758042 0.912338
vt 0.785655 0.979177
vt 0.766865 0.971358
vt 0.790620 0.974484
vt 0.766270 0.870605
vt 0.767654 0.862406
vt 0.791243 0.863329
vt 0.790427 0.871386
vt 0.741953 0.693502
vt 0.739998 0.702567
vt 0.716727 0.697035
vt 0.719386 0.686921
vt 0.731002 0.915689
vt 0.764507 0.879210
vt 0.788018 0.880945
vt 0.744585 0.964202
vt 0.727207 0.941786
vt 0.726319 0.946491
vt 0.727857 0.937392
vt 0.786848 0.891474
vt 0.762970 0.888136
vt 0.740705 0.865351
vt 0.731708 0.907580
vt 0.768587 0.854852
vt 0.769551 0.848100
vt 0.792848 0.848696
vt 0.791775 0.855770
vt 0.259395 0.233258
vt 0.262794 0.217779
vt 0.244254 0.214499
vt 0.247123 0.199767
vt 0.266149 0.202277
vt 0.185640 0.220678
vt 0.203646 0.223265
vt 0.199056 0.241329
vt 0.181479 0.238546
vt 0.226059 0.211392
vt 0.228985 0.196556
vt 0.591739 0.755586
vt 0.576071 0.766863
vt 0.570052 0.760474
vt 0.586016 0.747555
vt 0.111709 0.200793
vt 0.127602 0.204351
vt 0.124364 0.224416
vt 0.108967 0.220461
vt 0.096127 0.217846
vt 0.098798 0.198723
vt 0.612677 0.754349
vt 0.598153 0.765189
vt 0.607902 0.744676
vt 0.527239 0.874658
vt 0.512694 0.874844
vt 0.511689 0.854923
vt 0.527081 0.928909
vt 0.526839 0.943686
vt 0.511878 0.945374
vt 0.513428 0.929848
vt 0.536550 0.971756
vt 0.546596 0.987263
vt 0.535990 0.989849
vt 0.519967 0.974106
vt 0.239945 0.161379
vt 0.256881 0.166532
vt 0.250902 0.183880
vt 0.233478 0.179398
vt 0.122634 0.102906
vt 0.117619 0.102451
vt 0.119455 0.079961
vt 0.126136 0.079833
vt 0.118742 0.128057
vt 0.112528 0.126909
vt 0.112775 0.150503
vt 0.105328 0.147956
vt 0.098944 0.180801
vt 0.110874 0.180545
vt 0.296044 0.074046
vt 0.303975 0.065205
vt 0.315088 0.076762
vt 0.307462 0.084053
vt 0.127046 0.181697
vt 0.217736 0.244214
vt 0.237176 0.246359
vt 0.232793 0.266039
vt 0.214115 0.262866
vt 0.292841 0.053443
vt 0.283425 0.062038
vt 0.272973 0.102345
vt 0.285075 0.110963
vt 0.264627 0.114536
vt 0.372464 0.163039
vt 0.372464 0.172977
vt 0.358927 0.172315
vt 0.359487 0.162519
vt 0.256533 0.128866
vt 0.323532 0.068437
vt 0.312103 0.057319
vt 0.269369 0.187573
vt 0.273464 0.172065
vt 0.207667 0.150040
vt 0.223000 0.155926
vt 0.215170 0.174503
vt 0.199286 0.168337
vt 0.325301 0.085585
vt 0.327446 0.099967
vt 0.318312 0.092191
vt 0.295960 0.118910
vt 0.278282 0.156521
vt 0.263731 0.151023
vt 0.345170 0.170762
vt 0.346799 0.159927
vt 0.300926 0.136981
vt 0.297175 0.148746
vt 0.236590 0.099313
vt 0.251223 0.107256
vt 0.241539 0.121952
vt 0.226332 0.114420
vt 0.306429 0.126416
vt 0.247986 0.145012
vt 0.091133 0.335967
vt 0.097692 0.316051
vt 0.116830 0.323515
vt 0.110914 0.342612
vt 0.216785 0.131733
vt 0.232020 0.138603
vt 0.292509 0.162666
vt 0.254509 0.250208
vt 0.249513 0.270480
vt 0.245082 0.290519
vt 0.240524 0.311021
vt 0.236767 0.333026
vt 0.208859 0.373571
vt 0.213754 0.352039
vt 0.240966 0.230343
vt 0.207186 0.207287
vt 0.189268 0.203530
vt 0.193044 0.185842
vt 0.210971 0.191977
vt 0.527648 0.893133
vt 0.513660 0.894012
vt 0.131419 0.349264
vt 0.136470 0.329728
vt 0.156721 0.336217
vt 0.151536 0.355811
vt 0.071915 0.328779
vt 0.079329 0.308636
vt 0.061023 0.300041
vt 0.052391 0.319841
vt 0.189584 0.367558
vt 0.194497 0.347223
vt 0.218653 0.329292
vt 0.222849 0.307171
vt 0.227995 0.286238
vt 0.167884 0.295727
vt 0.188362 0.300037
vt 0.182239 0.321465
vt 0.162150 0.315819
vt 0.177265 0.257449
vt 0.195882 0.260274
vt 0.192849 0.280412
vt 0.172913 0.276784
vt 0.175923 0.341811
vt 0.205711 0.303559
vt 0.200503 0.325379
vt 0.210117 0.282916
vt 0.148489 0.291553
vt 0.142107 0.310248
vt 0.104329 0.239274
vt 0.098704 0.257138
vt 0.084352 0.250924
vt 0.091082 0.234994
vt 0.077250 0.266015
vt 0.092221 0.274521
vt 0.085342 0.290936
vt 0.069329 0.282246
vt 0.119686 0.243954
vt 0.114947 0.262750
vt 0.109409 0.280887
vt 0.103302 0.298142
vt 0.157915 0.253652
vt 0.153284 0.272735
vt 0.129110 0.286648
vt 0.122515 0.305063
vt 0.138392 0.249005
vt 0.133770 0.267992
vt 0.143338 0.229885
vt 0.162638 0.234816
vt 0.281106 0.038141
vt 0.290099 0.031240
vt 0.301639 0.045964
vt 0.149821 0.193549
vt 0.133819 0.170390
vt 0.152253 0.179178
vt 0.778483 0.084270
vt 0.758885 0.093580
vt 0.772332 0.070362
vt 0.718072 0.113804
vt 0.712271 0.101180
vt 0.949709 0.061435
vt 0.948610 0.053852
vt 0.699258 0.078389
vt 0.706227 0.089874
vt 0.732341 0.146063
vt 0.836863 0.061549
vt 0.738723 0.103017
vt 0.809257 0.106045
vt 0.803992 0.091185
vt 0.758908 0.041348
vt 0.766196 0.056644
vt 0.905073 0.046911
vt 0.865621 0.098383
vt 0.935984 0.055536
vt 0.867662 0.024354
vt 0.865905 0.007546
vt 0.980791 0.057058
vt 0.977332 0.053355
vt 0.646758 0.168477
vt 0.644161 0.160571
vt 0.910376 0.082372
vt 0.921168 0.057836
vt 0.945353 0.014998
vt 0.942013 0.025563
vt 0.924943 0.022665
vt 0.927233 0.010084
vt 0.939255 0.034838
vt 0.922726 0.033988
vt 0.951208 0.067765
vt 0.936908 0.045296
vt 0.921502 0.045917
vt 0.333151 0.077558
vt 0.247569 0.085147
vt 0.260817 0.093483
vt 0.271738 0.047404
vt 0.536150 0.807180
vt 0.525719 0.801018
vt 0.276388 0.018155
vt 0.282391 0.015839
vt 0.649100 0.175841
vt 0.641473 0.151678
vt 0.639066 0.142245
vt 0.636123 0.130580
vt 0.627344 0.117921
vt 0.795096 0.969229
vt 0.809866 0.853167
vt 0.812371 0.845946
vt 0.801566 0.893513
vt 0.802823 0.881499
vt 0.800020 0.943287
vt 0.799432 0.935172
vt 0.798468 0.963850
vt 0.800433 0.957109
vt 0.804696 0.871690
vt 0.807633 0.862546
vt 0.817748 0.864582
vt 0.814227 0.873245
vt 0.171483 0.361787
vt 0.321070 0.161432
vt 0.323338 0.150308
vt 0.335058 0.155970
vt 0.332725 0.166797
vt 0.306273 0.168678
vt 0.327677 0.206554
vt 0.312199 0.373061
vt 0.313245 0.352173
vt 0.313445 0.330844
vt 0.313750 0.308725
vt 0.320725 0.252274
vt 0.323176 0.236761
vt 0.325216 0.221857
vt 0.297243 0.283917
vt 0.300938 0.265436
vt 0.813371 0.117075
vt 0.854402 0.056334
vt 0.874050 0.068007
vt 0.754144 0.138263
vt 0.571128 0.836580
vt 0.556817 0.845763
vt 0.557388 0.831446
vt 0.569480 0.895239
vt 0.568326 0.910312
vt 0.555097 0.910848
vt 0.556059 0.893728
vt 0.542159 0.893260
vt 0.542085 0.911149
vt 0.527497 0.911364
vt 0.570501 0.878647
vt 0.556737 0.876375
vt 0.567328 0.925249
vt 0.554514 0.926183
vt 0.622195 0.791214
vt 0.542518 0.874866
vt 0.544340 0.954894
vt 0.549317 0.968569
vt 0.529211 0.957165
vt 0.568322 0.937231
vt 0.555223 0.939457
vt 0.570365 0.949294
vt 0.557521 0.952211
vt 0.265129 0.060917
vt 0.252688 0.051836
vt 0.258978 0.036954
vt 0.562099 0.819688
vt 0.567040 0.979812
vt 0.561175 0.965362
vt 0.543378 0.826316
vt 0.625351 0.774059
vt 0.613685 0.783640
vt 0.604822 0.774022
vt 0.618563 0.763037
vt 0.583445 0.911128
vt 0.583660 0.897456
vt 0.584077 0.841785
vt 0.584026 0.945674
vt 0.582790 0.935334
vt 0.583414 0.881962
vt 0.582814 0.924077
vt 0.569976 0.808135
vt 0.579104 0.796308
vt 0.592432 0.784800
vt 0.332238 0.103954
vt 0.223171 0.226898
vt 0.514270 0.959661
vt 0.318732 0.173660
vt 0.631953 0.783064
vt 0.601714 0.738179
vt 0.980217 0.051633
vt 0.984044 0.055393
vt 0.372462 0.143525
vt 0.372463 0.152983
vt 0.360977 0.152102
vt 0.979963 0.047029
vt 0.979555 0.043534
vt 0.982609 0.041745
vt 0.983317 0.049537
vt 0.986670 0.052756
vt 0.986193 0.047208
vt 0.989086 0.049140
vt 0.349775 0.094193
vt 0.337804 0.103461
vt 0.332180 0.114632
vt 0.320266 0.107463
vt 0.356353 0.124625
vt 0.345186 0.127889
vt 0.347574 0.121376
vt 0.267272 0.020404
vt 0.136013 0.079269
vt 0.127994 0.104460
vt 0.123197 0.128687
vt 0.121355 0.153044
vt 0.725001 0.952547
vt 0.862104 0.912001
vt 0.861186 0.914349
vt 0.859740 0.913325
vt 0.861674 0.911657
vt 0.799068 0.916048
vt 0.809654 0.919470
vt 0.810157 0.928725
vt 0.798949 0.926245
vt 0.861491 0.910415
vt 0.862302 0.910750
vt 0.862080 0.911328
vt 0.861300 0.911008
vt 0.856213 0.910109
vt 0.856870 0.908031
vt 0.863084 0.896587
vt 0.863025 0.895991
vt 0.863787 0.895906
vt 0.863835 0.896551
vt 0.859195 0.895477
vt 0.858908 0.897379
vt 0.864207 0.895561
vt 0.863611 0.895595
vt 0.862829 0.893695
vt 0.864408 0.893223
vt 0.863643 0.896988
vt 0.862662 0.899098
vt 0.800252 0.904581
vt 0.800617 0.950562
vt 0.855821 0.873108
vt 0.855443 0.872613
vt 0.856065 0.872240
vt 0.856450 0.872786
vt 0.862670 0.891279
vt 0.857612 0.892782
vt 0.075658 0.213564
vt 0.073953 0.216035
vt 0.075096 0.209419
vt 0.076003 0.211499
vt 0.862786 0.900960
vt 0.857407 0.898801
vt 0.855773 0.902245
vt 0.860799 0.902997
vt 0.848679 0.897886
vt 0.849367 0.892866
vt 0.848836 0.901519
vt 0.832894 0.896034
vt 0.833094 0.891853
vt 0.839500 0.893100
vt 0.839333 0.897287
vt 0.026112 0.216949
vt 0.035496 0.209741
vt 0.037894 0.212791
vt 0.030706 0.219133
vt 0.839055 0.900637
vt 0.833606 0.885938
vt 0.839806 0.886106
vt 0.041750 0.207652
vt 0.045150 0.200964
vt 0.048989 0.201032
vt 0.045647 0.212415
vt 0.854247 0.884705
vt 0.860106 0.884447
vt 0.847209 0.884990
vt 0.831455 0.871359
vt 0.835570 0.864513
vt 0.840358 0.868971
vt 0.835907 0.873340
vt 0.852178 0.878600
vt 0.858095 0.876641
vt 0.846586 0.879962
vt 0.839951 0.880678
vt 0.828434 0.878437
vt 0.834315 0.880312
vt 0.826791 0.885465
vt 0.074897 0.205905
vt 0.070938 0.210375
vt 0.071911 0.205476
vt 0.832605 0.900056
vt 0.826582 0.899224
vt 0.826883 0.894866
vt 0.817519 0.897505
vt 0.821484 0.893468
vt 0.827500 0.890551
vt 0.822945 0.889526
vt 0.819551 0.885036
vt 0.057037 0.219922
vt 0.060062 0.214977
vt 0.065694 0.214553
vt 0.066089 0.219370
vt 0.070051 0.213927
vt 0.066681 0.208916
vt 0.067601 0.204646
vt 0.061640 0.207812
vt 0.061688 0.203608
vt 0.854094 0.870129
vt 0.855608 0.869450
vt 0.856224 0.871745
vt 0.855702 0.872024
vt 0.851744 0.873073
vt 0.852818 0.875471
vt 0.856370 0.873225
vt 0.856991 0.875265
vt 0.849163 0.871659
vt 0.853165 0.868268
vt 0.057461 0.222046
vt 0.056929 0.224060
vt 0.055074 0.225724
vt 0.844690 0.865236
vt 0.848682 0.862464
vt 0.056172 0.206774
vt 0.054035 0.212678
vt 0.049480 0.210335
vt 0.051102 0.205645
vt 0.050791 0.215462
vt 0.056457 0.202690
vt 0.052192 0.223069
vt 0.053232 0.220518
vt 0.048710 0.218256
vt 0.044328 0.215935
vt 0.046383 0.223433
vt 0.040244 0.221821
vt 0.037018 0.218872
vt 0.039725 0.214913
vt 0.046809 0.227744
vt 0.038318 0.224992
vt 0.840032 0.860060
vt 0.844005 0.856451
vt 0.835365 0.855637
vt 0.838142 0.850545
vt 0.844491 0.873225
vt 0.840008 0.874828
vt 0.831151 0.860689
vt 0.039982 0.200597
vt 0.038567 0.204925
vt 0.030010 0.206141
vt 0.025017 0.211534
vt 0.031918 0.198795
vt 0.020504 0.203235
vt 0.021270 0.196376
vt 0.830376 0.850857
vt 0.835886 0.846700
vt 0.015767 0.212050
vt 0.021121 0.209816
vt 0.824680 0.847045
vt 0.828424 0.841225
vt 0.826752 0.857552
vt 0.821107 0.855608
vt 0.015431 0.202496
vt 0.016832 0.195176
vt 0.811915 0.969811
vt 0.809099 0.976263
vt 0.804003 0.983884
vt 0.826452 0.869039
vt 0.823319 0.876178
vt 0.822130 0.866267
vt 0.819193 0.874550
vt 0.815676 0.883532
vt 0.812250 0.883061
vt 0.812960 0.896125
vt 0.809905 0.895499
vt 0.814113 0.946201
vt 0.814629 0.953714
vt 0.862200 0.910103
vt 0.861736 0.907641
vt 0.848137 0.929938
vt 0.848607 0.930238
vt 0.848344 0.930515
vt 0.847879 0.930188
vt 0.858631 0.915079
vt 0.854049 0.911989
vt 0.077860 0.197503
vt 0.077573 0.199874
vt 0.076461 0.202141
vt 0.077721 0.194812
vt 0.856067 0.905884
vt 0.862498 0.905788
vt 0.846129 0.910331
vt 0.848011 0.904389
vt 0.832465 0.902829
vt 0.838884 0.903458
vt 0.837904 0.907964
vt 0.831853 0.906939
vt 0.034113 0.180406
vt 0.039384 0.178138
vt 0.041580 0.187545
vt 0.037975 0.189574
vt 0.837730 0.913072
vt 0.831623 0.912055
vt 0.044328 0.194591
vt 0.049677 0.190497
vt 0.849988 0.918154
vt 0.855045 0.920645
vt 0.844430 0.915576
vt 0.825978 0.925725
vt 0.830786 0.924541
vt 0.833532 0.929198
vt 0.827841 0.932076
vt 0.846393 0.924371
vt 0.851334 0.928075
vt 0.841562 0.922215
vt 0.836455 0.920257
vt 0.824885 0.919460
vt 0.825507 0.911377
vt 0.830762 0.919099
vt 0.072169 0.200662
vt 0.826261 0.902409
vt 0.820846 0.901614
vt 0.826189 0.906516
vt 0.822158 0.905833
vt 0.819537 0.909813
vt 0.062359 0.186441
vt 0.071633 0.189674
vt 0.069306 0.194559
vt 0.063578 0.192803
vt 0.072960 0.196794
vt 0.068142 0.200361
vt 0.062729 0.199850
vt 0.846167 0.931772
vt 0.847946 0.930647
vt 0.848168 0.930866
vt 0.847473 0.932475
vt 0.844567 0.928546
vt 0.846170 0.926811
vt 0.849392 0.928639
vt 0.848547 0.929982
vt 0.842086 0.929655
vt 0.844163 0.933907
vt 0.061511 0.179753
vt 0.063303 0.182678
vt 0.063792 0.184638
vt 0.838403 0.938130
vt 0.835849 0.933346
vt 0.057541 0.199007
vt 0.052880 0.198077
vt 0.053643 0.193981
vt 0.057620 0.193007
vt 0.056342 0.188380
vt 0.059036 0.184125
vt 0.058680 0.181611
vt 0.055081 0.185044
vt 0.049421 0.185837
vt 0.053071 0.179203
vt 0.047885 0.179253
vt 0.043784 0.185766
vt 0.043408 0.180584
vt 0.054363 0.175553
vt 0.047394 0.174217
vt 0.833610 0.941430
vt 0.830343 0.937005
vt 0.824989 0.940451
vt 0.827919 0.946299
vt 0.838461 0.926094
vt 0.835333 0.923798
vt 0.822802 0.934550
vt 0.040880 0.195652
vt 0.033808 0.191467
vt 0.031913 0.183744
vt 0.023576 0.188856
vt 0.823915 0.949616
vt 0.819993 0.943824
vt 0.026740 0.183535
vt 0.023073 0.178620
vt 0.817078 0.937220
vt 0.811525 0.937834
vt 0.019519 0.187282
vt 0.814531 0.962401
vt 0.820622 0.927246
vt 0.819153 0.919956
vt 0.815116 0.928410
vt 0.814584 0.919806
vt 0.813979 0.908724
vt 0.808739 0.907478
vt 0.681917 0.771904
vt 0.684601 0.778197
vt 0.671254 0.781345
vt 0.665920 0.775185
vt 0.723473 0.959592
vt 0.735547 0.882737
vt 0.702364 0.851656
vt 0.681684 0.932823
vt 0.680808 0.936316
vt 0.680581 0.939598
vt 0.341063 0.136111
vt 0.349454 0.149747
vt 0.337160 0.146027
vt 0.678574 0.931939
vt 0.676964 0.935796
vt 0.677012 0.939441
vt 0.681059 0.879929
vt 0.683669 0.869021
vt 0.674298 0.916708
vt 0.675934 0.908151
vt 0.669429 0.953812
vt 0.669625 0.946102
vt 0.678937 0.889499
vt 0.699103 0.830186
vt 0.701499 0.822074
vt 0.688009 0.858353
vt 0.671493 0.929837
vt 0.672483 0.923724
vt 0.691965 0.848648
vt 0.670633 0.935296
vt 0.677290 0.900155
vt 0.670471 0.940185
vt 0.696305 0.838175
vt 0.663893 0.905611
vt 0.665852 0.896009
vt 0.684337 0.834311
vt 0.687175 0.826010
vt 0.656955 0.944686
vt 0.656793 0.937250
vt 0.668845 0.875686
vt 0.670718 0.864671
vt 0.659914 0.922400
vt 0.662223 0.913931
vt 0.690046 0.818329
vt 0.680066 0.844182
vt 0.667377 0.886100
vt 0.674862 0.853741
vt 0.658687 0.928314
vt 0.657028 0.951861
vt 0.657587 0.933493
vt 0.556952 0.983698
vt 0.584144 0.775942
vt 0.548441 0.813338
vt 0.542186 0.941584
vt 0.541978 0.927884
vt 0.557063 0.861055
vt 0.513946 0.912045
vt 0.538880 0.787119
vt 0.553030 0.773797
vt 0.258444 0.017642
vt 0.144572 0.083636
vt 0.135177 0.107134
vt 0.130285 0.129303
vt 0.127898 0.153221
vt 0.147313 0.211364
vt 0.170379 0.198868
vt 0.173028 0.178561
vt 0.166850 0.216821
vt 0.276278 0.070452
vt 0.288818 0.082222
vt 0.299790 0.091831
vt 0.310453 0.099817
vt 0.337661 0.122163
vt 0.339716 0.115422
vt 0.257564 0.073628
vt 0.244515 0.064457
vt 0.268898 0.081675
vt 0.281139 0.091759
vt 0.292681 0.100687
vt 0.302937 0.108306
vt 0.313467 0.116216
vt 0.184117 0.161489
vt 0.193231 0.142938
vt 0.202773 0.124794
vt 0.212576 0.107541
vt 0.222814 0.091746
vt 0.233666 0.076655
vt 0.323454 0.123594
vt 0.304488 0.247274
vt 0.307360 0.231456
vt 0.309168 0.155347
vt 0.316161 0.187688
vt 0.312384 0.143899
vt 0.312760 0.202260
vt 0.291815 0.369192
vt 0.292923 0.347312
vt 0.294206 0.325796
vt 0.295097 0.303910
vt 0.309492 0.216523
vt 0.316445 0.132559
vt 0.326319 0.139376
vt 0.331607 0.130207
vt 0.590000 0.707898
vt 0.592346 0.702780
vt 0.593648 0.703198
vt 0.591337 0.709007
vt 0.549753 0.759894
vt 0.540766 0.769277
vt 0.534044 0.765021
vt 0.544328 0.756155
vt 0.592042 0.693271
vt 0.590983 0.694086
vt 0.588375 0.691498
vt 0.589441 0.690192
vt 0.585720 0.687022
vt 0.584585 0.688970
vt 0.580069 0.686752
vt 0.581487 0.684204
vt 0.039601 0.657881
vt 0.040683 0.655181
vt 0.048706 0.657362
vt 0.048061 0.659793
vt 0.549191 0.671937
vt 0.544162 0.678793
vt 0.535360 0.678094
vt 0.541569 0.669985
vt 0.571945 0.679489
vt 0.577074 0.681791
vt 0.575113 0.684724
vt 0.569514 0.683030
vt 0.030766 0.655840
vt 0.032086 0.652551
vt 0.084911 0.643998
vt 0.086233 0.650536
vt 0.085057 0.650487
vt 0.083560 0.644559
vt 0.075375 0.623878
vt 0.081249 0.635064
vt 0.079825 0.636158
vt 0.073851 0.625388
vt 0.515416 0.764854
vt 0.523667 0.773197
vt 0.512811 0.780934
vt 0.503285 0.772571
vt 0.501941 0.788798
vt 0.490160 0.779579
vt 0.496638 0.714599
vt 0.506290 0.703470
vt 0.515336 0.704317
vt 0.506948 0.715580
vt 0.517206 0.690546
vt 0.525419 0.691009
vt 0.527917 0.677193
vt 0.022685 0.654045
vt 0.023865 0.649359
vt 0.061110 0.661615
vt 0.055238 0.661008
vt 0.055635 0.658866
vt 0.061427 0.659623
vt 0.066428 0.661832
vt 0.066518 0.659829
vt 0.071757 0.660024
vt 0.071843 0.661740
vt 0.045457 0.574447
vt 0.053276 0.585591
vt 0.051828 0.588656
vt 0.044007 0.578452
vt 0.077051 0.661138
vt 0.076729 0.659806
vt 0.532134 0.777895
vt 0.554997 0.745548
vt 0.559295 0.748862
vt 0.584806 0.714849
vt 0.586283 0.716705
vt 0.029694 0.554896
vt 0.027780 0.562718
vt 0.019528 0.556832
vt 0.021169 0.545967
vt 0.035775 0.570149
vt 0.037382 0.564521
vt 0.523285 0.785693
vt 0.514841 0.793864
vt 0.497616 0.760963
vt 0.483214 0.766025
vt 0.480635 0.751746
vt 0.495307 0.749050
vt 0.510207 0.754677
vt 0.507965 0.744671
vt 0.016551 0.645683
vt 0.015769 0.652628
vt 0.535156 0.668039
vt 0.011143 0.642619
vt 0.010144 0.652449
vt 0.298169 0.721953
vt 0.290142 0.725841
vt 0.285312 0.710776
vt 0.293338 0.705452
vt 0.300619 0.740949
vt 0.292900 0.742106
vt 0.300729 0.757877
vt 0.293860 0.759349
vt 0.531067 0.664335
vt 0.521759 0.675516
vt 0.300660 0.774306
vt 0.294554 0.776653
vt 0.510479 0.688486
vt 0.011177 0.554380
vt 0.010359 0.539564
vt 0.578474 0.726368
vt 0.576455 0.723841
vt 0.565753 0.734567
vt 0.568839 0.737511
vt 0.500294 0.726336
vt 0.488583 0.725921
vt 0.066426 0.612958
vt 0.068140 0.611109
vt 0.060707 0.598393
vt 0.059109 0.600809
vt 0.508175 0.734889
vt 0.496105 0.737401
vt 0.482657 0.738146
vt 0.565428 0.677051
vt 0.562421 0.681464
vt 0.553618 0.679938
vt 0.557530 0.674413
vt 0.511472 0.725000
vt 0.308212 0.774286
vt 0.308689 0.757160
vt 0.308574 0.740106
vt 0.307974 0.719891
vt 0.316095 0.757636
vt 0.316102 0.773994
vt 0.304885 0.701069
vt 0.081186 0.659764
vt 0.080498 0.658875
vt 0.499079 0.700902
vt 0.487871 0.712341
vt 0.509191 0.804320
vt 0.492166 0.797689
vt 0.469024 0.737167
vt 0.477986 0.724127
vt 0.316082 0.718773
vt 0.316075 0.699218
vt 0.316088 0.739549
vt 0.587114 0.693687
vt 0.583002 0.692645
vt 0.586805 0.697591
vt 0.582050 0.698659
vt 0.587200 0.701964
vt 0.581959 0.705204
vt 0.588322 0.705852
vt 0.582917 0.711304
vt 0.081534 0.646165
vt 0.077667 0.639465
vt 0.079440 0.649551
vt 0.075459 0.645094
vt 0.077643 0.653488
vt 0.073570 0.650918
vt 0.076550 0.657238
vt 0.072104 0.656484
vt 0.071301 0.630295
vt 0.070636 0.640154
vt 0.069234 0.648059
vt 0.066931 0.655159
vt 0.577182 0.692142
vt 0.576324 0.700264
vt 0.575125 0.709056
vt 0.573538 0.718910
vt 0.083481 0.650288
vt 0.079543 0.657523
vt 0.082418 0.652934
vt 0.080857 0.655607
vt 0.082747 0.657133
vt 0.084418 0.654456
vt 0.085478 0.654958
vt 0.083695 0.657840
vt 0.589699 0.694817
vt 0.590876 0.702457
vt 0.590286 0.696974
vt 0.590758 0.699827
vt 0.592266 0.696388
vt 0.592818 0.699166
vt 0.594123 0.698991
vt 0.593469 0.695858
vt 0.010029 0.630950
vt 0.016320 0.634360
vt 0.023833 0.639622
vt 0.032336 0.644705
vt 0.040994 0.648899
vt 0.048848 0.652213
vt 0.055790 0.654604
vt 0.061715 0.655783
vt 0.535576 0.690109
vt 0.525894 0.703298
vt 0.517665 0.714885
vt 0.526587 0.757412
vt 0.521537 0.748520
vt 0.519356 0.739703
vt 0.519526 0.731225
vt 0.522859 0.722104
vt 0.529260 0.712580
vt 0.537603 0.701057
vt 0.546534 0.689020
vt 0.018453 0.568554
vt 0.011676 0.567358
vt 0.012728 0.581632
vt 0.018924 0.582837
vt 0.019645 0.595661
vt 0.013577 0.593801
vt 0.010517 0.617747
vt 0.016718 0.620942
vt 0.012026 0.605133
vt 0.018673 0.606906
vt 0.025262 0.599035
vt 0.024907 0.611417
vt 0.061495 0.649993
vt 0.055677 0.647583
vt 0.024042 0.626536
vt 0.031617 0.617962
vt 0.031263 0.603941
vt 0.048482 0.643917
vt 0.026080 0.585722
vt 0.026555 0.572411
vt 0.034678 0.578565
vt 0.032965 0.590821
vt 0.032182 0.633192
vt 0.040617 0.639246
vt 0.064208 0.617546
vt 0.056881 0.606176
vt 0.049626 0.595187
vt 0.042290 0.585953
vt 0.561960 0.729814
vt 0.550002 0.739708
vt 0.537950 0.749370
vt 0.556568 0.688741
vt 0.564610 0.689202
vt 0.571233 0.689990
vt 0.065064 0.650934
vt 0.065845 0.645070
vt 0.066391 0.637293
vt 0.067151 0.630494
vt 0.061797 0.623478
vt 0.054222 0.614233
vt 0.046615 0.604880
vt 0.039656 0.597035
vt 0.039349 0.625417
vt 0.038043 0.610103
vt 0.047165 0.632181
vt 0.045548 0.617480
vt 0.054813 0.637802
vt 0.053513 0.625339
vt 0.061337 0.642060
vt 0.060909 0.632343
vt 0.548699 0.698978
vt 0.557743 0.697996
vt 0.565604 0.697028
vt 0.571537 0.696515
vt 0.569545 0.703180
vt 0.567600 0.711918
vt 0.566909 0.718805
vt 0.558270 0.724469
vt 0.546449 0.732316
vt 0.533464 0.741340
vt 0.540621 0.710006
vt 0.534142 0.718500
vt 0.531147 0.726360
vt 0.531670 0.733071
vt 0.540176 0.721342
vt 0.541984 0.715889
vt 0.545487 0.722636
vt 0.549813 0.709963
vt 0.560867 0.706170
vt 0.558061 0.716313
vt 0.206321 0.812150
vt 0.195654 0.813711
vt 0.188465 0.804284
vt 0.202758 0.805236
vt 0.215015 0.802726
vt 0.218471 0.808570
vt 0.227251 0.796281
vt 0.231440 0.802784
vt 0.237562 0.789927
vt 0.241754 0.798347
vt 0.249323 0.789761
vt 0.252341 0.796992
vt 0.261266 0.793681
vt 0.260795 0.797052
vt 0.273486 0.797053
vt 0.271758 0.803342
vt 0.284958 0.796430
vt 0.284268 0.803118
vt 0.293661 0.800792
vt 0.293426 0.791507
vt 0.300954 0.789243
vt 0.308072 0.788927
vt 0.316105 0.788775
vt 0.301274 0.799458
vt 0.308405 0.799058
vt 0.316109 0.800300
vt 0.178590 0.810389
vt 0.185102 0.818633
vt 0.194952 0.965489
vt 0.183311 0.958600
vt 0.188856 0.950041
vt 0.199531 0.958289
vt 0.170804 0.966544
vt 0.172767 0.952125
vt 0.181051 0.969247
vt 0.202601 0.977695
vt 0.193142 0.973703
vt 0.204441 0.970646
vt 0.210592 0.981123
vt 0.212699 0.975353
vt 0.223584 0.986500
vt 0.217097 0.983795
vt 0.219083 0.978531
vt 0.225264 0.981794
vt 0.229231 0.988608
vt 0.230520 0.984216
vt 0.275172 0.879974
vt 0.274103 0.878275
vt 0.276409 0.877310
vt 0.277820 0.878986
vt 0.271238 0.879242
vt 0.271171 0.876587
vt 0.273323 0.876245
vt 0.271354 0.880721
vt 0.267582 0.881080
vt 0.267619 0.879777
vt 0.263369 0.880240
vt 0.263977 0.879028
vt 0.259314 0.877240
vt 0.260191 0.876330
vt 0.256007 0.873278
vt 0.257303 0.872662
vt 0.254232 0.868757
vt 0.255975 0.868790
vt 0.253563 0.864400
vt 0.255524 0.865677
vt 0.254027 0.861509
vt 0.256133 0.862870
vt 0.255248 0.859352
vt 0.256701 0.861485
vt 0.257330 0.857948
vt 0.258384 0.859976
vt 0.259519 0.856773
vt 0.260298 0.859121
vt 0.262092 0.856094
vt 0.262537 0.858656
vt 0.264733 0.855550
vt 0.265121 0.858154
vt 0.268368 0.858153
vt 0.268306 0.860230
vt 0.265586 0.860589
vt 0.271073 0.818751
vt 0.281848 0.820607
vt 0.281949 0.827773
vt 0.271066 0.825246
vt 0.268477 0.855816
vt 0.272864 0.856475
vt 0.272260 0.858188
vt 0.276869 0.858060
vt 0.275837 0.859350
vt 0.280009 0.861804
vt 0.278477 0.862577
vt 0.281265 0.865222
vt 0.279580 0.865574
vt 0.281714 0.869086
vt 0.280023 0.869001
vt 0.281381 0.872309
vt 0.279476 0.871923
vt 0.278805 0.873917
vt 0.280459 0.874587
vt 0.279665 0.876717
vt 0.278108 0.875627
vt 0.274633 0.875624
vt 0.275414 0.874080
vt 0.276204 0.873192
vt 0.277065 0.871736
vt 0.277804 0.869346
vt 0.277771 0.866752
vt 0.276795 0.863695
vt 0.274731 0.861152
vt 0.271664 0.860206
vt 0.264078 0.851931
vt 0.268653 0.852401
vt 0.259364 0.810975
vt 0.271913 0.811544
vt 0.259895 0.818121
vt 0.263349 0.861009
vt 0.261519 0.861611
vt 0.260093 0.862539
vt 0.259222 0.863284
vt 0.258873 0.864127
vt 0.258470 0.866265
vt 0.258841 0.868669
vt 0.259966 0.871848
vt 0.262703 0.874760
vt 0.265663 0.876685
vt 0.268580 0.876823
vt 0.271965 0.882712
vt 0.275871 0.881535
vt 0.278166 0.856156
vt 0.281617 0.860597
vt 0.273671 0.853827
vt 0.059466 0.866780
vt 0.055987 0.863824
vt 0.058113 0.861533
vt 0.060953 0.864107
vt 0.282739 0.812520
vt 0.260823 0.852580
vt 0.257779 0.853727
vt 0.255132 0.855477
vt 0.252871 0.857466
vt 0.251496 0.860249
vt 0.250790 0.863517
vt 0.251569 0.868568
vt 0.253178 0.874243
vt 0.257165 0.878842
vt 0.262176 0.882190
vt 0.267309 0.883321
vt 0.079675 0.843889
vt 0.076435 0.846246
vt 0.074178 0.845482
vt 0.075568 0.842365
vt 0.283057 0.864714
vt 0.283361 0.869095
vt 0.283390 0.872799
vt 0.282627 0.875347
vt 0.281478 0.878222
vt 0.279156 0.881134
vt 0.068259 0.868510
vt 0.065633 0.869169
vt 0.065484 0.866217
vt 0.067941 0.864625
vt 0.055292 0.844251
vt 0.058746 0.841783
vt 0.061103 0.843945
vt 0.058111 0.845977
vt 0.069912 0.867951
vt 0.069856 0.865119
vt 0.062688 0.840872
vt 0.064213 0.843201
vt 0.071289 0.867828
vt 0.071883 0.864987
vt 0.065699 0.840872
vt 0.067960 0.841256
vt 0.068639 0.844471
vt 0.067090 0.843910
vt 0.074592 0.867724
vt 0.074104 0.864007
vt 0.071668 0.841192
vt 0.071358 0.844240
vt 0.077923 0.866315
vt 0.076670 0.862802
vt 0.081881 0.863083
vt 0.079071 0.860524
vt 0.052379 0.848691
vt 0.056475 0.848930
vt 0.084172 0.857354
vt 0.080409 0.855837
vt 0.051040 0.853989
vt 0.055575 0.852934
vt 0.085129 0.851798
vt 0.080278 0.851902
vt 0.052542 0.859262
vt 0.056151 0.857432
vt 0.082715 0.847479
vt 0.078527 0.848631
vt 0.062552 0.859969
vt 0.226741 0.850473
vt 0.231564 0.844216
vt 0.238218 0.848478
vt 0.234491 0.853559
vt 0.062649 0.868614
vt 0.063197 0.865772
vt 0.073700 0.849350
vt 0.071905 0.846240
vt 0.069332 0.846634
vt 0.070700 0.860434
vt 0.070488 0.846038
vt 0.073509 0.857709
vt 0.062580 0.850685
vt 0.074941 0.853370
vt 0.061829 0.854351
vt 0.065694 0.847986
vt 0.263434 0.848002
vt 0.268615 0.848624
vt 0.236821 0.839241
vt 0.242376 0.844787
vt 0.065093 0.861973
vt 0.277170 0.885742
vt 0.272336 0.887299
vt 0.068306 0.861449
vt 0.259746 0.885357
vt 0.254051 0.880926
vt 0.279963 0.854060
vt 0.284030 0.857910
vt 0.266400 0.887558
vt 0.274516 0.850970
vt 0.281082 0.883904
vt 0.262710 0.843626
vt 0.268998 0.844452
vt 0.248100 0.840952
vt 0.243449 0.835235
vt 0.278282 0.891052
vt 0.272050 0.893369
vt 0.259059 0.848803
vt 0.286509 0.862664
vt 0.255518 0.850252
vt 0.287874 0.868046
vt 0.285486 0.877054
vt 0.283571 0.880591
vt 0.251858 0.852519
vt 0.287520 0.872786
vt 0.249544 0.855332
vt 0.247427 0.858901
vt 0.246598 0.862536
vt 0.247595 0.868577
vt 0.249051 0.874814
vt 0.275686 0.847334
vt 0.282751 0.850862
vt 0.264739 0.892447
vt 0.262361 0.838263
vt 0.270048 0.839731
vt 0.251448 0.831876
vt 0.254533 0.838309
vt 0.280515 0.897380
vt 0.272673 0.900241
vt 0.257063 0.843979
vt 0.287929 0.854273
vt 0.290488 0.858673
vt 0.251919 0.845980
vt 0.291760 0.865303
vt 0.247328 0.848607
vt 0.291463 0.872512
vt 0.244019 0.852025
vt 0.289362 0.878891
vt 0.241527 0.856752
vt 0.286384 0.883982
vt 0.240346 0.861149
vt 0.283038 0.888427
vt 0.240495 0.868768
vt 0.248349 0.883224
vt 0.242475 0.875888
vt 0.254839 0.889174
vt 0.232159 0.860385
vt 0.291046 0.887340
vt 0.286485 0.893020
vt 0.232756 0.868676
vt 0.292235 0.896923
vt 0.281826 0.902033
vt 0.240316 0.885252
vt 0.234243 0.877043
vt 0.247570 0.892829
vt 0.287925 0.846017
vt 0.291926 0.849173
vt 0.262128 0.898414
vt 0.278269 0.842564
vt 0.284174 0.908177
vt 0.293663 0.904548
vt 0.261503 0.831166
vt 0.271349 0.832711
vt 0.270495 0.906677
vt 0.294767 0.854424
vt 0.296532 0.862079
vt 0.296080 0.871970
vt 0.293987 0.880438
vt 0.314574 0.962596
vt 0.312377 0.965594
vt 0.310649 0.964005
vt 0.311067 0.959523
vt 0.309045 0.969078
vt 0.308052 0.967918
vt 0.305368 0.971940
vt 0.304602 0.970672
vt 0.297953 0.975969
vt 0.296882 0.973816
vt 0.300951 0.972463
vt 0.301851 0.974041
vt 0.293831 0.977703
vt 0.292671 0.974680
vt 0.290359 0.978989
vt 0.289163 0.975275
vt 0.288517 0.969827
vt 0.291836 0.969590
vt 0.287902 0.963378
vt 0.290439 0.963078
vt 0.288381 0.957092
vt 0.290693 0.957173
vt 0.289804 0.951647
vt 0.291995 0.953017
vt 0.295859 0.971017
vt 0.299726 0.970539
vt 0.303356 0.969184
vt 0.306575 0.966860
vt 0.308641 0.963637
vt 0.308743 0.960728
vt 0.312224 0.953853
vt 0.316127 0.957936
vt 0.316129 0.949245
vt 0.312027 0.949005
vt 0.316129 0.943820
vt 0.311825 0.943713
vt 0.306875 0.958023
vt 0.307809 0.955839
vt 0.304346 0.956632
vt 0.304236 0.954549
vt 0.307818 0.952380
vt 0.307518 0.948468
vt 0.307029 0.943793
vt 0.306523 0.963926
vt 0.307034 0.961644
vt 0.304520 0.966115
vt 0.301642 0.967640
vt 0.295847 0.968292
vt 0.298653 0.968300
vt 0.293384 0.966148
vt 0.292341 0.961785
vt 0.305935 0.959384
vt 0.304052 0.958079
vt 0.301648 0.956636
vt 0.301962 0.957982
vt 0.300812 0.954789
vt 0.299683 0.958806
vt 0.298779 0.957672
vt 0.297778 0.961045
vt 0.296207 0.960443
vt 0.297241 0.956378
vt 0.294005 0.959920
vt 0.303588 0.951914
vt 0.299774 0.952479
vt 0.296072 0.953965
vt 0.292291 0.957040
vt 0.292706 0.953932
vt 0.293301 0.953600
vt 0.293411 0.956347
vt 0.294784 0.963220
vt 0.294370 0.951358
vt 0.292938 0.948426
vt 0.302740 0.948591
vt 0.302049 0.944540
vt 0.298508 0.949532
vt 0.297232 0.945962
vt 0.295968 0.963415
vt 0.297364 0.963997
vt 0.295842 0.965302
vt 0.297723 0.965954
vt 0.304177 0.963876
vt 0.305228 0.962269
vt 0.302389 0.965243
vt 0.300105 0.965975
vt 0.304872 0.960835
vt 0.303606 0.959755
vt 0.302120 0.959677
vt 0.300465 0.960468
vt 0.299228 0.961938
vt 0.299199 0.964302
vt 0.300922 0.964113
vt 0.302412 0.963291
vt 0.303719 0.962085
vt 0.300363 0.962519
vt 0.301403 0.961877
vt 0.302647 0.960977
vt 0.286753 0.980255
vt 0.285696 0.976209
vt 0.311692 0.939386
vt 0.316132 0.939468
vt 0.306489 0.939652
vt 0.301408 0.940766
vt 0.295776 0.942256
vt 0.290493 0.944699
vt 0.284849 0.948944
vt 0.284100 0.957188
vt 0.283968 0.963806
vt 0.284582 0.969951
vt 0.200527 0.737693
vt 0.197605 0.740751
vt 0.191752 0.734491
vt 0.195023 0.731940
vt 0.208028 0.964421
vt 0.215981 0.969597
vt 0.222083 0.973212
vt 0.227731 0.976748
vt 0.232148 0.979868
vt 0.243338 0.987143
vt 0.247056 0.986563
vt 0.248104 0.990341
vt 0.243666 0.990656
vt 0.252075 0.989631
vt 0.250846 0.985627
vt 0.255385 0.988707
vt 0.254034 0.984593
vt 0.258563 0.987626
vt 0.256927 0.983522
vt 0.242976 0.768789
vt 0.242056 0.766174
vt 0.247003 0.764238
vt 0.248075 0.766724
vt 0.240842 0.763485
vt 0.245116 0.761314
vt 0.080630 0.809982
vt 0.077837 0.815673
vt 0.077355 0.814667
vt 0.078518 0.808971
vt 0.073021 0.818020
vt 0.073510 0.819756
vt 0.069740 0.822975
vt 0.069264 0.821316
vt 0.063931 0.825737
vt 0.063315 0.823876
vt 0.058900 0.826341
vt 0.058900 0.824648
vt 0.061782 0.819005
vt 0.062013 0.820374
vt 0.058900 0.820415
vt 0.058900 0.819074
vt 0.065783 0.819327
vt 0.065801 0.818237
vt 0.062587 0.816128
vt 0.067247 0.816005
vt 0.058900 0.816102
vt 0.070060 0.813417
vt 0.074735 0.807065
vt 0.077373 0.809975
vt 0.074464 0.807744
vt 0.070533 0.808931
vt 0.071620 0.808986
vt 0.070591 0.812775
vt 0.073527 0.815125
vt 0.076515 0.813317
vt 0.069240 0.896207
vt 0.064507 0.893337
vt 0.069837 0.887421
vt 0.072481 0.889249
vt 0.085221 0.891094
vt 0.080309 0.893802
vt 0.078388 0.889011
vt 0.081250 0.887330
vt 0.062099 0.888296
vt 0.067976 0.884570
vt 0.074964 0.896084
vt 0.075431 0.889739
vt 0.089922 0.888062
vt 0.083673 0.884813
vt 0.078912 0.883926
vt 0.080341 0.882591
vt 0.075650 0.885266
vt 0.077291 0.884756
vt 0.072450 0.884279
vt 0.073962 0.885178
vt 0.071459 0.882638
vt 0.076598 0.882773
vt 0.077412 0.882329
vt 0.073920 0.881759
vt 0.074353 0.882442
vt 0.075136 0.882861
vt 0.075793 0.882987
vt 0.077983 0.881370
vt 0.075210 0.882652
vt 0.074820 0.881852
vt 0.075459 0.881370
vt 0.076441 0.881857
vt 0.064320 0.827924
vt 0.058900 0.828294
vt 0.070879 0.825994
vt 0.075496 0.823278
vt 0.078784 0.818116
vt 0.083379 0.812065
vt 0.074449 0.762522
vt 0.080156 0.761821
vt 0.079267 0.770146
vt 0.073188 0.770646
vt 0.075426 0.803519
vt 0.076593 0.798709
vt 0.081665 0.799454
vt 0.079841 0.804715
vt 0.058900 0.811713
vt 0.062856 0.811677
vt 0.071913 0.786472
vt 0.072492 0.778959
vt 0.078642 0.779078
vt 0.078037 0.787011
vt 0.082109 0.805950
vt 0.084826 0.799892
vt 0.066566 0.810988
vt 0.066249 0.803050
vt 0.070251 0.803017
vt 0.064547 0.830744
vt 0.058900 0.830415
vt 0.058900 0.832542
vt 0.064410 0.833765
vt 0.071974 0.831810
vt 0.071725 0.828905
vt 0.078071 0.829312
vt 0.076771 0.826247
vt 0.081284 0.820476
vt 0.083272 0.822381
vt 0.085129 0.813878
vt 0.087225 0.815508
vt 0.085207 0.807304
vt 0.087804 0.808352
vt 0.089764 0.809701
vt 0.087712 0.800472
vt 0.085987 0.792004
vt 0.089548 0.793494
vt 0.086429 0.785186
vt 0.090451 0.786465
vt 0.086554 0.778195
vt 0.090740 0.779605
vt 0.087292 0.769061
vt 0.090986 0.770617
vt 0.088083 0.760686
vt 0.091555 0.761593
vt 0.086985 0.755676
vt 0.092337 0.755418
vt 0.090371 0.801101
vt 0.092145 0.794448
vt 0.093325 0.787324
vt 0.094083 0.780272
vt 0.094485 0.771454
vt 0.095816 0.762303
vt 0.097676 0.756436
vt 0.092192 0.801786
vt 0.094526 0.795042
vt 0.096642 0.787327
vt 0.098275 0.780211
vt 0.099351 0.771191
vt 0.101965 0.763218
vt 0.104474 0.757218
vt 0.082209 0.748651
vt 0.087586 0.748427
vt 0.081331 0.755114
vt 0.093566 0.748835
vt 0.100016 0.750203
vt 0.105945 0.751658
vt 0.278562 0.978030
vt 0.279194 0.982575
vt 0.277127 0.983410
vt 0.275831 0.979086
vt 0.272525 0.973746
vt 0.275819 0.972156
vt 0.269693 0.969230
vt 0.272940 0.966030
vt 0.263922 0.965118
vt 0.266643 0.962442
vt 0.261038 0.958630
vt 0.258264 0.961515
vt 0.253894 0.958182
vt 0.256333 0.954934
vt 0.248715 0.953393
vt 0.251572 0.950335
vt 0.244958 0.948550
vt 0.247733 0.945222
vt 0.240964 0.942776
vt 0.244213 0.939752
vt 0.237799 0.937113
vt 0.240864 0.934206
vt 0.234021 0.929953
vt 0.237299 0.927099
vt 0.230677 0.923308
vt 0.233579 0.920181
vt 0.227247 0.918893
vt 0.229518 0.914764
vt 0.224735 0.910732
vt 0.223355 0.915991
vt 0.082558 0.793292
vt 0.069277 0.762768
vt 0.069821 0.756827
vt 0.075648 0.755898
vt 0.068406 0.770650
vt 0.064080 0.770541
vt 0.064519 0.762832
vt 0.076546 0.749424
vt 0.067110 0.792053
vt 0.067257 0.785718
vt 0.071534 0.792494
vt 0.064149 0.756655
vt 0.067864 0.778568
vt 0.070407 0.750506
vt 0.070939 0.797997
vt 0.066595 0.797971
vt 0.058901 0.762749
vt 0.058901 0.756071
vt 0.062933 0.791709
vt 0.063057 0.785141
vt 0.058901 0.770184
vt 0.063453 0.778105
vt 0.064499 0.750757
vt 0.062951 0.797576
vt 0.043353 0.762522
vt 0.037646 0.761821
vt 0.036471 0.755113
vt 0.042153 0.755897
vt 0.058901 0.750427
vt 0.058901 0.777890
vt 0.058900 0.797622
vt 0.058900 0.791664
vt 0.084814 0.761289
vt 0.058900 0.784849
vt 0.058901 0.744443
vt 0.064556 0.744670
vt 0.058901 0.738644
vt 0.064304 0.738986
vt 0.058901 0.724820
vt 0.064606 0.725003
vt 0.070898 0.744661
vt 0.070373 0.739496
vt 0.071543 0.728645
vt 0.077038 0.743768
vt 0.082667 0.741971
vt 0.087863 0.742340
vt 0.093351 0.743859
vt 0.100717 0.746159
vt 0.106923 0.748598
vt 0.220067 0.909556
vt 0.220859 0.915062
vt 0.076341 0.739368
vt 0.076877 0.731796
vt 0.079362 0.738282
vt 0.081719 0.732642
vt 0.085195 0.737564
vt 0.089073 0.739488
vt 0.092872 0.742274
vt 0.100730 0.744328
vt 0.107411 0.745729
vt 0.215728 0.910894
vt 0.218521 0.915616
vt 0.234316 0.749236
vt 0.232130 0.750617
vt 0.229147 0.747394
vt 0.231470 0.745650
vt 0.225941 0.743810
vt 0.228581 0.741571
vt 0.230150 0.751834
vt 0.234044 0.753721
vt 0.231847 0.753946
vt 0.226982 0.749531
vt 0.236474 0.752651
vt 0.237602 0.755136
vt 0.234749 0.756191
vt 0.229307 0.753540
vt 0.225339 0.751978
vt 0.236567 0.748067
vt 0.238726 0.751413
vt 0.233944 0.744004
vt 0.231205 0.756719
vt 0.223361 0.746219
vt 0.229554 0.683820
vt 0.232719 0.689505
vt 0.230567 0.690219
vt 0.229396 0.687479
vt 0.222365 0.757437
vt 0.217433 0.752708
vt 0.220713 0.748767
vt 0.226302 0.760091
vt 0.225960 0.759021
vt 0.228842 0.759148
vt 0.230812 0.760391
vt 0.230397 0.756712
vt 0.229162 0.753983
vt 0.226175 0.753709
vt 0.224411 0.756398
vt 0.028111 0.903271
vt 0.024752 0.899715
vt 0.026011 0.896610
vt 0.030312 0.898678
vt 0.026021 0.893230
vt 0.031239 0.893668
vt 0.031239 0.888625
vt 0.025519 0.889765
vt 0.024834 0.886413
vt 0.029943 0.883661
vt 0.024311 0.906647
vt 0.022055 0.901755
vt 0.019423 0.908039
vt 0.018712 0.902321
vt 0.020860 0.894230
vt 0.021063 0.892468
vt 0.020952 0.890676
vt 0.020448 0.888853
vt 0.018862 0.897093
vt 0.020179 0.895874
vt 0.017065 0.897614
vt 0.017342 0.893365
vt 0.017607 0.892832
vt 0.017650 0.892299
vt 0.017584 0.891726
vt 0.016491 0.893770
vt 0.016940 0.893709
vt 0.017435 0.891320
vt 0.017158 0.891999
vt 0.017033 0.892994
vt 0.016662 0.892616
vt 0.016769 0.892180
vt 0.235085 0.758195
vt 0.232807 0.758124
vt 0.230598 0.763673
vt 0.235341 0.761595
vt 0.235541 0.764565
vt 0.239912 0.761525
vt 0.225441 0.763297
vt 0.219676 0.760380
vt 0.175449 0.709870
vt 0.178436 0.706758
vt 0.180969 0.707786
vt 0.177324 0.711354
vt 0.180910 0.715215
vt 0.177676 0.718427
vt 0.173868 0.714571
vt 0.184787 0.720442
vt 0.181368 0.722975
vt 0.189897 0.726338
vt 0.187076 0.729275
vt 0.193082 0.743998
vt 0.186829 0.738072
vt 0.206306 0.743750
vt 0.203675 0.747331
vt 0.211982 0.748944
vt 0.209605 0.752755
vt 0.214594 0.756265
vt 0.243969 0.759536
vt 0.240278 0.753818
vt 0.236299 0.766993
vt 0.230318 0.766740
vt 0.224584 0.765231
vt 0.236581 0.769746
vt 0.230164 0.769234
vt 0.223681 0.767892
vt 0.218205 0.761938
vt 0.212349 0.758286
vt 0.207520 0.755239
vt 0.200635 0.750083
vt 0.183700 0.739337
vt 0.190665 0.746154
vt 0.180570 0.732524
vt 0.174317 0.727161
vt 0.170473 0.723272
vt 0.216499 0.764239
vt 0.210272 0.760627
vt 0.205223 0.757141
vt 0.198390 0.752089
vt 0.227167 0.945425
vt 0.222312 0.947233
vt 0.217038 0.940298
vt 0.222523 0.938680
vt 0.176830 0.734471
vt 0.170517 0.729893
vt 0.167253 0.719358
vt 0.165605 0.725810
vt 0.162607 0.723598
vt 0.171660 0.712653
vt 0.165613 0.717208
vt 0.159570 0.720929
vt 0.216816 0.918405
vt 0.211037 0.915041
vt 0.216229 0.921478
vt 0.209725 0.920486
vt 0.216511 0.926815
vt 0.210243 0.926859
vt 0.218861 0.932823
vt 0.212874 0.933319
vt 0.216423 0.948742
vt 0.210486 0.941675
vt 0.212232 0.738276
vt 0.215628 0.736279
vt 0.220220 0.741807
vt 0.216959 0.743796
vt 0.232603 0.951543
vt 0.228217 0.953274
vt 0.237814 0.956500
vt 0.233705 0.958333
vt 0.241463 0.960190
vt 0.237925 0.962445
vt 0.245614 0.964501
vt 0.242327 0.966740
vt 0.249254 0.969976
vt 0.246439 0.971308
vt 0.252089 0.974386
vt 0.249695 0.975948
vt 0.254658 0.978838
vt 0.251877 0.979922
vt 0.282184 0.976948
vt 0.283186 0.981437
vt 0.280173 0.970824
vt 0.278452 0.965041
vt 0.232008 0.910240
vt 0.225571 0.905484
vt 0.218595 0.903765
vt 0.210396 0.905268
vt 0.203808 0.910519
vt 0.201777 0.918001
vt 0.202601 0.925845
vt 0.205524 0.933629
vt 0.209687 0.950788
vt 0.202874 0.943450
vt 0.223012 0.955048
vt 0.228958 0.960414
vt 0.233689 0.964840
vt 0.248599 0.981198
vt 0.246342 0.977292
vt 0.243209 0.973189
vt 0.238581 0.969118
vt 0.239324 0.987519
vt 0.239133 0.984353
vt 0.241938 0.983024
vt 0.239481 0.990500
vt 0.245140 0.982126
vt 0.243027 0.978411
vt 0.236793 0.915780
vt 0.241555 0.922469
vt 0.245610 0.929378
vt 0.249171 0.935266
vt 0.252623 0.940665
vt 0.256429 0.945607
vt 0.260462 0.950121
vt 0.264535 0.954311
vt 0.269199 0.958045
vt 0.273956 0.960498
vt 0.279144 0.958475
vt 0.239659 0.974942
vt 0.235007 0.970949
vt 0.229871 0.966879
vt 0.224611 0.962816
vt 0.217504 0.957301
vt 0.203737 0.953460
vt 0.195378 0.945635
vt 0.241957 0.710953
vt 0.245096 0.718714
vt 0.242360 0.720040
vt 0.239172 0.712336
vt 0.196727 0.934143
vt 0.192391 0.924797
vt 0.190386 0.914144
vt 0.238698 0.979715
vt 0.235339 0.976958
vt 0.230782 0.973170
vt 0.225303 0.969527
vt 0.219431 0.965276
vt 0.212451 0.960233
vt 0.185214 0.711443
vt 0.186382 0.715056
vt 0.184310 0.716579
vt 0.186241 0.935891
vt 0.179484 0.925614
vt 0.234744 0.986353
vt 0.235913 0.982482
vt 0.234411 0.989877
vt 0.216192 0.749313
vt 0.217590 0.747609
vt 0.178331 0.941365
vt 0.169030 0.931495
vt 0.188608 0.889477
vt 0.192976 0.903522
vt 0.176558 0.901461
vt 0.174282 0.887133
vt 0.177894 0.913804
vt 0.200486 0.878600
vt 0.202425 0.889191
vt 0.187209 0.875271
vt 0.205785 0.898730
vt 0.217516 0.897704
vt 0.226762 0.900266
vt 0.234296 0.905943
vt 0.240438 0.911847
vt 0.245595 0.918081
vt 0.250257 0.924569
vt 0.254327 0.930341
vt 0.257937 0.935375
vt 0.261682 0.940133
vt 0.265545 0.944321
vt 0.269159 0.948890
vt 0.272330 0.952692
vt 0.275283 0.955180
vt 0.279695 0.952244
vt 0.162857 0.901392
vt 0.160294 0.881659
vt 0.190806 0.829342
vt 0.183113 0.838525
vt 0.176203 0.827995
vt 0.200513 0.823852
vt 0.210913 0.819259
vt 0.222163 0.815090
vt 0.233472 0.810598
vt 0.245341 0.806296
vt 0.258093 0.804325
vt 0.277145 0.947740
vt 0.282088 0.944039
vt 0.287754 0.940372
vt 0.294257 0.937272
vt 0.300532 0.935414
vt 0.306229 0.934145
vt 0.311572 0.933587
vt 0.316132 0.933447
vt 0.311263 0.927463
vt 0.316132 0.927422
vt 0.305853 0.927960
vt 0.299838 0.929223
vt 0.292736 0.931708
vt 0.285338 0.935179
vt 0.279477 0.939068
vt 0.274278 0.943441
vt 0.166198 0.917271
vt 0.174113 0.868879
vt 0.177565 0.853117
vt 0.187460 0.861419
vt 0.271069 0.938814
vt 0.276396 0.934208
vt 0.283040 0.929618
vt 0.291172 0.925481
vt 0.298406 0.922885
vt 0.305254 0.921192
vt 0.311074 0.920296
vt 0.316131 0.920171
vt 0.316131 0.913308
vt 0.310661 0.913523
vt 0.316131 0.906956
vt 0.310508 0.907258
vt 0.310164 0.900623
vt 0.316131 0.899899
vt 0.310355 0.894202
vt 0.316130 0.893287
vt 0.311245 0.886102
vt 0.316127 0.885477
vt 0.312504 0.876421
vt 0.316125 0.875751
vt 0.312900 0.866045
vt 0.316125 0.865779
vt 0.312586 0.855790
vt 0.316123 0.855879
vt 0.311520 0.845938
vt 0.316121 0.845961
vt 0.309468 0.834963
vt 0.316118 0.835177
vt 0.316117 0.823804
vt 0.308172 0.823376
vt 0.308380 0.811464
vt 0.316112 0.812332
vt 0.300675 0.811738
vt 0.301321 0.834184
vt 0.300588 0.822955
vt 0.305421 0.846817
vt 0.306784 0.857054
vt 0.307950 0.866926
vt 0.306756 0.877422
vt 0.304686 0.887683
vt 0.302409 0.895414
vt 0.302465 0.901784
vt 0.304147 0.914277
vt 0.302878 0.908145
vt 0.292189 0.812595
vt 0.247087 0.812121
vt 0.235763 0.816668
vt 0.226060 0.821947
vt 0.216696 0.827015
vt 0.207341 0.833670
vt 0.198633 0.840741
vt 0.191548 0.849295
vt 0.301743 0.859698
vt 0.299649 0.851181
vt 0.302103 0.869457
vt 0.299824 0.879371
vt 0.297597 0.889121
vt 0.297018 0.843494
vt 0.291504 0.839173
vt 0.281810 0.835791
vt 0.291923 0.830454
vt 0.291713 0.822037
vt 0.260049 0.824407
vt 0.248351 0.819163
vt 0.249437 0.825347
vt 0.238157 0.823475
vt 0.240041 0.829315
vt 0.229783 0.828072
vt 0.232767 0.833990
vt 0.222128 0.833620
vt 0.226477 0.839493
vt 0.214597 0.840678
vt 0.220976 0.846092
vt 0.207498 0.848768
vt 0.215132 0.853989
vt 0.223452 0.858568
vt 0.202253 0.857275
vt 0.211645 0.863021
vt 0.222027 0.867201
vt 0.199984 0.868358
vt 0.211457 0.872576
vt 0.222921 0.876243
vt 0.213047 0.881307
vt 0.227069 0.886508
vt 0.215281 0.889970
vt 0.226962 0.893721
vt 0.239890 0.896108
vt 0.236382 0.900873
vt 0.273803 0.912593
vt 0.260421 0.903947
vt 0.252496 0.900279
vt 0.248534 0.903754
vt 0.244077 0.908051
vt 0.267512 0.934571
vt 0.263774 0.929614
vt 0.260014 0.924662
vt 0.255763 0.919274
vt 0.250168 0.913589
vt 0.255434 0.909120
vt 0.261362 0.913790
vt 0.273297 0.928973
vt 0.269758 0.923431
vt 0.266013 0.918305
vt 0.295020 0.910456
vt 0.286439 0.913629
vt 0.277172 0.917595
vt 0.296912 0.916329
vt 0.288886 0.919452
vt 0.280296 0.923976
vt 0.189235 0.685338
vt 0.193828 0.681848
vt 0.195260 0.684067
vt 0.191190 0.687086
vt 0.232778 0.758839
vt 0.238700 0.758380
vt 0.242111 0.756657
vt 0.235317 0.759119
vt 0.238340 0.757419
vt 0.241550 0.755789
vt 0.218945 0.733863
vt 0.223279 0.739381
vt 0.206878 0.732193
vt 0.210002 0.729621
vt 0.201728 0.726664
vt 0.205603 0.724448
vt 0.196152 0.721412
vt 0.200146 0.719215
vt 0.190407 0.716026
vt 0.194249 0.713810
vt 0.189248 0.708081
vt 0.185162 0.691947
vt 0.187281 0.693078
vt 0.184852 0.698258
vt 0.183189 0.697979
vt 0.184832 0.703979
vt 0.183140 0.702896
vt 0.235988 0.696591
vt 0.233474 0.697653
vt 0.195178 0.693181
vt 0.199388 0.690463
vt 0.203689 0.697126
vt 0.199476 0.700090
vt 0.231246 0.739823
vt 0.221983 0.731756
vt 0.226069 0.737386
vt 0.237668 0.721860
vt 0.234329 0.714475
vt 0.236881 0.713478
vt 0.240159 0.720998
vt 0.213613 0.727362
vt 0.209406 0.721425
vt 0.204740 0.715626
vt 0.199860 0.710152
vt 0.194561 0.703306
vt 0.224981 0.730117
vt 0.228686 0.735857
vt 0.217201 0.724807
vt 0.213162 0.718956
vt 0.208743 0.712910
vt 0.204414 0.707141
vt 0.190810 0.697279
vt 0.215571 0.745574
vt 0.220152 0.722634
vt 0.216414 0.716843
vt 0.212450 0.710702
vt 0.208338 0.704331
vt 0.353081 0.395837
vt 0.333242 0.395214
vt 0.372480 0.461129
vt 0.353121 0.462315
vt 0.353069 0.447247
vt 0.372479 0.445583
vt 0.372481 0.486825
vt 0.351622 0.487745
vt 0.352612 0.475724
vt 0.372481 0.474780
vt 0.372482 0.500336
vt 0.351060 0.501339
vt 0.372482 0.513686
vt 0.350362 0.513545
vt 0.258745 0.532927
vt 0.234945 0.535688
vt 0.237609 0.520229
vt 0.260815 0.519837
vt 0.216727 0.577263
vt 0.241673 0.576690
vt 0.250514 0.590674
vt 0.224485 0.589247
vt 0.352793 0.575609
vt 0.372485 0.574327
vt 0.372485 0.588047
vt 0.354068 0.590014
vt 0.132224 0.629795
vt 0.148065 0.616990
vt 0.159864 0.628270
vt 0.146008 0.640861
vt 0.268836 0.387072
vt 0.332586 0.462783
vt 0.333454 0.447814
vt 0.330582 0.488557
vt 0.331379 0.475969
vt 0.329781 0.502496
vt 0.328538 0.515072
vt 0.372483 0.525987
vt 0.350401 0.525945
vt 0.260752 0.605385
vt 0.233969 0.601792
vt 0.211772 0.565558
vt 0.235812 0.563071
vt 0.127538 0.591434
vt 0.146689 0.580718
vt 0.154257 0.591990
vt 0.135845 0.604296
vt 0.264359 0.459231
vt 0.240854 0.456495
vt 0.241370 0.439795
vt 0.264628 0.443806
vt 0.263558 0.491178
vt 0.239436 0.490356
vt 0.240330 0.473459
vt 0.264446 0.476232
vt 0.262357 0.505317
vt 0.238731 0.505723
vt 0.210962 0.537430
vt 0.213090 0.521693
vt 0.352084 0.562956
vt 0.372484 0.561175
vt 0.351184 0.550442
vt 0.372484 0.548554
vt 0.119371 0.617622
vt 0.220155 0.452398
vt 0.221244 0.435319
vt 0.217715 0.488930
vt 0.218834 0.470805
vt 0.244943 0.404281
vt 0.224478 0.399440
vt 0.266923 0.407425
vt 0.353840 0.413697
vt 0.333333 0.413391
vt 0.372478 0.413503
vt 0.372477 0.395378
vt 0.166204 0.382420
vt 0.146544 0.376202
vt 0.119934 0.480143
vt 0.136530 0.488523
vt 0.128671 0.504669
vt 0.114097 0.494890
vt 0.716463 0.359064
vt 0.730585 0.352707
vt 0.736731 0.365289
vt 0.723431 0.371532
vt 0.126959 0.369742
vt 0.105283 0.362267
vt 0.204633 0.394422
vt 0.184758 0.388413
vt 0.070551 0.588378
vt 0.085692 0.578580
vt 0.097869 0.592397
vt 0.083198 0.602407
vt 0.140327 0.568304
vt 0.118532 0.579680
vt 0.107737 0.567484
vt 0.131329 0.555809
vt 0.216032 0.506433
vt 0.044446 0.339820
vt 0.065732 0.347891
vt 0.021641 0.405018
vt 0.026292 0.390797
vt 0.041788 0.395706
vt 0.034033 0.409433
vt 0.010092 0.491640
vt 0.005293 0.477316
vt 0.017455 0.473571
vt 0.021125 0.487725
vt 0.023764 0.526152
vt 0.014899 0.506225
vt 0.026015 0.502487
vt 0.033972 0.518367
vt 0.034027 0.540625
vt 0.046270 0.532226
vt 0.711408 0.345628
vt 0.725634 0.340169
vt 0.708170 0.330714
vt 0.722563 0.327307
vt 0.141330 0.412227
vt 0.161184 0.417730
vt 0.161599 0.437249
vt 0.142604 0.431182
vt 0.181202 0.405824
vt 0.201887 0.411889
vt 0.200188 0.428941
vt 0.179907 0.423147
vt 0.199536 0.447562
vt 0.198569 0.466490
vt 0.179117 0.461922
vt 0.179984 0.442562
vt 0.141943 0.395661
vt 0.162065 0.400549
vt 0.990497 0.204992
vt 0.991397 0.207234
vt 0.989757 0.207639
vt 0.989990 0.205090
vt 0.177298 0.482971
vt 0.197383 0.486552
vt 0.194422 0.506766
vt 0.173274 0.504366
vt 0.075179 0.389857
vt 0.055022 0.398943
vt 0.052437 0.383486
vt 0.726016 0.262899
vt 0.721448 0.263056
vt 0.722136 0.251075
vt 0.725941 0.250936
vt 0.725683 0.275071
vt 0.724605 0.287748
vt 0.716617 0.288043
vt 0.719616 0.275476
vt 0.126454 0.447638
vt 0.125339 0.428532
vt 0.142065 0.451138
vt 0.160164 0.456659
vt 0.157420 0.477309
vt 0.139544 0.469752
vt 0.166490 0.524370
vt 0.189925 0.524266
vt 0.093113 0.553846
vt 0.071714 0.563739
vt 0.058055 0.547913
vt 0.076053 0.540571
vt 0.709955 0.314796
vt 0.711815 0.300910
vt 0.722859 0.300937
vt 0.722075 0.314035
vt 0.108123 0.605191
vt 0.094907 0.615379
vt 0.153621 0.498626
vt 0.147581 0.516946
vt 0.185239 0.540630
vt 0.280471 0.603449
vt 0.299120 0.600370
vt 0.301443 0.614815
vt 0.284680 0.621010
vt 0.135621 0.651434
vt 0.157543 0.649819
vt 0.147090 0.660753
vt 0.175020 0.617971
vt 0.191514 0.610017
vt 0.200035 0.620041
vt 0.184298 0.629022
vt 0.318121 0.595992
vt 0.335922 0.592806
vt 0.338127 0.608024
vt 0.321254 0.610986
vt 0.164998 0.605319
vt 0.356000 0.605023
vt 0.268243 0.619569
vt 0.245192 0.615371
vt 0.372486 0.603399
vt 0.156843 0.542035
vt 0.136177 0.533181
vt 0.170521 0.639608
vt 0.031411 0.376219
vt 0.193638 0.580138
vt 0.201348 0.590660
vt 0.210339 0.603443
vt 0.172758 0.584887
vt 0.182271 0.597410
vt 0.274085 0.588674
vt 0.267476 0.574229
vt 0.262205 0.559490
vt 0.187479 0.568668
vt 0.165641 0.572801
vt 0.115177 0.519765
vt 0.099154 0.509924
vt 0.096368 0.402113
vt 0.078676 0.398777
vt 0.097827 0.397804
vt 0.062574 0.404236
vt 0.100526 0.381691
vt 0.080149 0.374478
vt 0.085426 0.355466
vt 0.328402 0.528159
vt 0.810832 0.430741
vt 0.795881 0.425884
vt 0.797726 0.421830
vt 0.811534 0.426994
vt 0.780076 0.419586
vt 0.782261 0.415933
vt 0.057704 0.573004
vt 0.045466 0.556683
vt 0.116442 0.543491
vt 0.097417 0.530934
vt 0.120172 0.408851
vt 0.123529 0.463903
vt 0.220539 0.614190
vt 0.059423 0.367142
vt 0.222122 0.418076
vt 0.037279 0.359321
vt 0.122335 0.389949
vt 0.372479 0.430381
vt 0.353609 0.431227
vt 0.333540 0.431673
vt 0.265871 0.426012
vt 0.242949 0.422560
vt 0.278292 0.696083
vt 0.287241 0.687820
vt 0.144579 0.836031
vt 0.160154 0.833964
vt 0.152102 0.857496
vt 0.139703 0.860986
vt 0.168778 0.819948
vt 0.152989 0.815323
vt 0.163407 0.799764
vt 0.140537 0.907387
vt 0.151856 0.904468
vt 0.154791 0.923070
vt 0.144560 0.926598
vt 0.137485 0.885408
vt 0.149306 0.882608
vt 0.173808 0.792861
vt 0.303554 0.628115
vt 0.303683 0.637689
vt 0.290852 0.648494
vt 0.284151 0.640140
vt 0.323525 0.625055
vt 0.319549 0.634069
vt 0.340511 0.622292
vt 0.334162 0.635434
vt 0.266898 0.684040
vt 0.276979 0.669646
vt 0.193819 0.638045
vt 0.181190 0.648498
vt 0.210070 0.628806
vt 0.230694 0.625119
vt 0.253065 0.625741
vt 0.271258 0.631658
vt 0.159979 0.672039
vt 0.170675 0.658598
vt 0.300726 0.683745
vt 0.297871 0.667589
vt 0.464431 0.752576
vt 0.468593 0.768994
vt 0.357746 0.618831
vt 0.477163 0.785481
vt 0.316062 0.666709
vt 0.316068 0.682264
vt 0.161624 0.965173
vt 0.148098 0.965033
vt 0.145903 0.944234
vt 0.159547 0.943472
vt 0.372486 0.617159
vt 0.313020 0.430975
vt 0.311854 0.412294
vt 0.312286 0.393788
vt 0.308117 0.516124
vt 0.308418 0.503535
vt 0.309648 0.489119
vt 0.310576 0.476708
vt 0.312096 0.462553
vt 0.312815 0.446798
vt 0.307854 0.530011
vt 0.290471 0.429183
vt 0.290689 0.410070
vt 0.079782 0.518779
vt 0.290526 0.391085
vt 0.284979 0.517618
vt 0.285604 0.504077
vt 0.287609 0.490176
vt 0.288335 0.476865
vt 0.288963 0.462151
vt 0.289901 0.445726
vt 0.284066 0.531423
vt 0.989428 0.204377
vt 0.989935 0.204240
vt 0.990090 0.204795
vt 0.989567 0.204877
vt 0.986153 0.207506
vt 0.985005 0.205416
vt 0.982263 0.193465
vt 0.981922 0.193040
vt 0.982322 0.192692
vt 0.982617 0.193153
vt 0.978350 0.195188
vt 0.979692 0.196706
vt 0.982031 0.192123
vt 0.981869 0.192576
vt 0.979579 0.192207
vt 0.980158 0.190986
vt 0.982651 0.193562
vt 0.982953 0.195650
vt 0.962127 0.180939
vt 0.961652 0.180642
vt 0.961896 0.180098
vt 0.962383 0.180370
vt 0.978197 0.189887
vt 0.975843 0.195102
vt 0.655483 0.479750
vt 0.653787 0.477200
vt 0.659634 0.479615
vt 0.657430 0.480297
vt 0.984367 0.196603
vt 0.979105 0.198440
vt 0.980686 0.202563
vt 0.985341 0.199373
vt 0.971618 0.203775
vt 0.968896 0.199767
vt 0.973919 0.207042
vt 0.960755 0.211491
vt 0.958285 0.208035
vt 0.962778 0.204062
vt 0.965837 0.207609
vt 0.655759 0.431319
vt 0.663128 0.439041
vt 0.659667 0.441926
vt 0.651136 0.435928
vt 0.967964 0.211053
vt 0.955809 0.204251
vt 0.960444 0.200647
vt 0.664460 0.446908
vt 0.670936 0.451106
vt 0.669806 0.455193
vt 0.660411 0.448826
vt 0.969662 0.191689
vt 0.971946 0.187072
vt 0.965551 0.196065
vt 0.943608 0.194890
vt 0.942523 0.187302
vt 0.948974 0.187595
vt 0.949061 0.193723
vt 0.961890 0.187604
vt 0.965534 0.182125
vt 0.958844 0.192415
vt 0.956019 0.195922
vt 0.947567 0.202190
vt 0.952070 0.199470
vt 0.951270 0.207749
vt 0.663247 0.478893
vt 0.660267 0.474603
vt 0.663923 0.475601
vt 0.963413 0.214309
vt 0.959038 0.217605
vt 0.956133 0.214515
vt 0.952307 0.220823
vt 0.953554 0.216341
vt 0.953843 0.210989
vt 0.951030 0.212886
vt 0.946391 0.211346
vt 0.650497 0.460771
vt 0.655163 0.462172
vt 0.654762 0.469136
vt 0.650249 0.470057
vt 0.655862 0.474310
vt 0.661377 0.469958
vt 0.664869 0.470601
vt 0.662579 0.465616
vt 0.666124 0.466262
vt 0.959482 0.180462
vt 0.959584 0.179377
vt 0.961410 0.179760
vt 0.961476 0.180200
vt 0.959571 0.183695
vt 0.961589 0.184779
vt 0.962609 0.180740
vt 0.963998 0.182118
vt 0.957237 0.184459
vt 0.957741 0.178912
vt 0.648733 0.461400
vt 0.647135 0.460820
vt 0.645966 0.458559
vt 0.949709 0.182447
vt 0.950318 0.176860
vt 0.664486 0.461266
vt 0.657869 0.457521
vt 0.661288 0.454994
vt 0.665761 0.457168
vt 0.655040 0.454553
vt 0.667569 0.461758
vt 0.647668 0.454502
vt 0.650189 0.455168
vt 0.652648 0.452554
vt 0.655028 0.447976
vt 0.647265 0.449756
vt 0.648798 0.444103
vt 0.651713 0.440443
vt 0.656356 0.443684
vt 0.643154 0.450499
vt 0.644349 0.442289
vt 0.942449 0.181406
vt 0.943068 0.175837
vt 0.935550 0.180767
vt 0.935019 0.173767
vt 0.954678 0.189025
vt 0.952706 0.192341
vt 0.936774 0.187569
vt 0.672288 0.446392
vt 0.668502 0.444076
vt 0.666932 0.434906
vt 0.661150 0.430804
vt 0.674850 0.436673
vt 0.669811 0.425303
vt 0.677477 0.426302
vt 0.929245 0.181330
vt 0.929021 0.174842
vt 0.660046 0.420755
vt 0.663165 0.426078
vt 0.923307 0.183520
vt 0.920985 0.180043
vt 0.931494 0.188758
vt 0.926398 0.190903
vt 0.669761 0.420055
vt 0.678613 0.421241
vt 0.979979 0.285587
vt 0.985047 0.284548
vt 0.986332 0.292421
vt 0.980707 0.293693
vt 0.987041 0.301240
vt 0.980015 0.300664
vt 0.978426 0.307574
vt 0.985244 0.308069
vt 0.922203 0.194025
vt 0.918538 0.188570
vt 0.938649 0.196174
vt 0.942815 0.204035
vt 0.934509 0.196537
vt 0.938787 0.205937
vt 0.942256 0.213851
vt 0.929703 0.198920
vt 0.934975 0.207958
vt 0.938416 0.215974
vt 0.949083 0.222963
vt 0.944123 0.225617
vt 0.925617 0.201622
vt 0.930314 0.210629
vt 0.934849 0.218185
vt 0.940211 0.227303
vt 0.989542 0.203932
vt 0.987557 0.202660
vt 0.994575 0.228789
vt 0.995253 0.228827
vt 0.995180 0.229286
vt 0.994548 0.229230
vt 0.990673 0.209912
vt 0.985807 0.210885
vt 0.669354 0.482620
vt 0.667225 0.482042
vt 0.665423 0.480731
vt 0.672388 0.482370
vt 0.982538 0.204702
vt 0.986749 0.201112
vt 0.978696 0.214770
vt 0.975843 0.209933
vt 0.965004 0.216810
vt 0.969825 0.213818
vt 0.972018 0.217531
vt 0.966727 0.219871
vt 0.693872 0.442794
vt 0.695092 0.449872
vt 0.686190 0.451011
vt 0.684252 0.446321
vt 0.974361 0.221768
vt 0.968719 0.224053
vt 0.678417 0.450640
vt 0.682326 0.455635
vt 0.986388 0.217691
vt 0.991232 0.216681
vt 0.980952 0.219489
vt 0.972090 0.239558
vt 0.975716 0.235676
vt 0.980750 0.237338
vt 0.977984 0.242949
vt 0.987668 0.225985
vt 0.994037 0.224531
vt 0.982650 0.227124
vt 0.976778 0.228612
vt 0.967271 0.234015
vt 0.964480 0.227245
vt 0.971956 0.230724
vt 0.668336 0.477476
vt 0.960672 0.219753
vt 0.957462 0.222114
vt 0.962503 0.222990
vt 0.959959 0.225338
vt 0.959028 0.230111
vt 0.683233 0.468864
vt 0.678982 0.477530
vt 0.675218 0.474866
vt 0.677461 0.469532
vt 0.671784 0.478622
vt 0.669026 0.472112
vt 0.670199 0.467986
vt 0.993457 0.231602
vt 0.994852 0.229707
vt 0.995224 0.229889
vt 0.994887 0.231987
vt 0.990248 0.229901
vt 0.990480 0.227620
vt 0.994238 0.226444
vt 0.994968 0.228358
vt 0.988294 0.231307
vt 0.992882 0.233980
vt 0.690057 0.468723
vt 0.687242 0.469607
vt 0.685466 0.469431
vt 0.990846 0.239864
vt 0.986865 0.239190
vt 0.671386 0.463038
vt 0.672465 0.459266
vt 0.678133 0.460082
vt 0.678107 0.464358
vt 0.682491 0.463509
vt 0.686178 0.466392
vt 0.688542 0.466230
vt 0.686143 0.462333
vt 0.686791 0.457553
vt 0.691230 0.461888
vt 0.692799 0.458008
vt 0.688294 0.454147
vt 0.692186 0.453779
vt 0.695507 0.464100
vt 0.697956 0.457574
vt 0.988999 0.245563
vt 0.984905 0.244987
vt 0.982163 0.250818
vt 0.987835 0.252764
vt 0.983255 0.231895
vt 0.978552 0.232976
vt 0.974966 0.247399
vt 0.677891 0.445652
vt 0.682287 0.439471
vt 0.688451 0.440034
vt 0.685818 0.429291
vt 0.985873 0.258865
vt 0.979256 0.256590
vt 0.689814 0.434502
vt 0.695456 0.432016
vt 0.981001 0.267111
vt 0.975809 0.262206
vt 0.971496 0.252118
vt 0.968500 0.256394
vt 0.687738 0.424517
vt 0.977739 0.278230
vt 0.982447 0.276440
vt 0.974982 0.271929
vt 0.969401 0.265278
vt 0.962288 0.258977
vt 0.968566 0.243362
vt 0.963398 0.236880
vt 0.964585 0.246530
vt 0.959333 0.239809
vt 0.954855 0.232781
vt 0.961506 0.249204
vt 0.955077 0.242164
vt 0.949947 0.234156
vt 0.955749 0.253019
vt 0.949851 0.244611
vt 0.944598 0.236120
vt 0.955690 0.261500
vt 0.950096 0.254650
vt 0.961109 0.267845
vt 0.939352 0.238354
vt 0.934465 0.230028
vt 0.944548 0.246653
vt 0.920920 0.206097
vt 0.917481 0.199236
vt 0.913951 0.193689
vt 0.925021 0.213937
vt 0.971607 0.307403
vt 0.971983 0.301024
vt 0.965451 0.274322
vt 0.929596 0.221710
vt 0.968361 0.280969
vt 0.971642 0.294721
vt 0.970447 0.287944
vt 0.923389 0.225608
vt 0.919067 0.218162
vt 0.937403 0.249066
vt 0.932567 0.241238
vt 0.927964 0.233444
vt 0.956144 0.472655
vt 0.950735 0.469264
vt 0.957071 0.461559
vt 0.962459 0.465082
vt 0.955385 0.277273
vt 0.951677 0.270741
vt 0.963214 0.302619
vt 0.962080 0.296942
vt 0.958237 0.284045
vt 0.960481 0.290811
vt 0.955121 0.311341
vt 0.953394 0.305629
vt 0.963953 0.308668
vt 0.947273 0.264150
vt 0.942432 0.256937
vt 0.915283 0.211107
vt 0.940624 0.274382
vt 0.936789 0.267487
vt 0.932546 0.260050
vt 0.911606 0.223349
vt 0.908178 0.216851
vt 0.928057 0.252349
vt 0.915483 0.230353
vt 0.923715 0.244989
vt 0.919623 0.237705
vt 0.908707 0.199303
vt 0.912037 0.204829
vt 0.905156 0.210947
vt 0.901940 0.205370
vt 0.944032 0.281084
vt 0.951549 0.300366
vt 0.946939 0.287869
vt 0.949445 0.294491
vt 0.935654 0.292246
vt 0.932411 0.285531
vt 0.941161 0.304556
vt 0.938586 0.298804
vt 0.894025 0.211251
vt 0.897108 0.216842
vt 0.887614 0.222488
vt 0.884873 0.217074
vt 0.928918 0.278803
vt 0.925146 0.271727
vt 0.899905 0.222647
vt 0.921124 0.264174
vt 0.902846 0.229006
vt 0.916985 0.256592
vt 0.906065 0.235774
vt 0.913059 0.249527
vt 0.909473 0.242666
vt 0.943492 0.309663
vt 0.905491 0.261346
vt 0.901822 0.254425
vt 0.898598 0.247899
vt 0.895674 0.241235
vt 0.936097 0.320139
vt 0.933513 0.314846
vt 0.945840 0.315092
vt 0.921179 0.290331
vt 0.917607 0.283597
vt 0.930927 0.309623
vt 0.924721 0.297156
vt 0.927948 0.303748
vt 0.913672 0.276423
vt 0.890218 0.228211
vt 0.909568 0.268848
vt 0.892915 0.234582
vt 0.881291 0.232772
vt 0.878843 0.226888
vt 0.903644 0.280962
vt 0.899557 0.273318
vt 0.883840 0.239181
vt 0.895636 0.265888
vt 0.886451 0.245797
vt 0.892223 0.258947
vt 0.889220 0.252395
vt 0.927688 0.324730
vt 0.924813 0.319584
vt 0.911606 0.295338
vt 0.907651 0.288309
vt 0.921824 0.314155
vt 0.915554 0.301650
vt 0.918550 0.308050
vt 0.876525 0.221490
vt 0.873885 0.259356
vt 0.876835 0.266287
vt 0.869527 0.269644
vt 0.866512 0.262613
vt 0.891880 0.297045
vt 0.895863 0.304138
vt 0.888470 0.307963
vt 0.884617 0.301066
vt 0.907176 0.322104
vt 0.910807 0.327839
vt 0.903846 0.332012
vt 0.900090 0.326172
vt 0.899280 0.310240
vt 0.892154 0.314009
vt 0.903234 0.315885
vt 0.896059 0.319981
vt 0.862013 0.226942
vt 0.864106 0.232942
vt 0.856690 0.235650
vt 0.854539 0.229394
vt 0.887879 0.289213
vt 0.880634 0.293143
vt 0.866346 0.239240
vt 0.858946 0.242169
vt 0.883831 0.281107
vt 0.876611 0.284807
vt 0.868720 0.245878
vt 0.861340 0.248989
vt 0.880111 0.273461
vt 0.872882 0.276962
vt 0.871199 0.252590
vt 0.863831 0.255817
vt 0.914314 0.333290
vt 0.907482 0.337634
vt 0.920679 0.329123
vt 0.917432 0.323853
vt 0.881052 0.256159
vt 0.878388 0.249477
vt 0.887225 0.269929
vt 0.883929 0.262898
vt 0.875892 0.242812
vt 0.891036 0.277435
vt 0.873461 0.236273
vt 0.895147 0.285278
vt 0.871145 0.230172
vt 0.899265 0.293014
vt 0.869024 0.224500
vt 0.906922 0.306256
vt 0.909891 0.311202
vt 0.914008 0.318144
vt 0.903828 0.301008
vt 0.867585 0.289343
vt 0.863786 0.281177
vt 0.854835 0.259811
vt 0.852299 0.252770
vt 0.860396 0.273665
vt 0.857443 0.266627
vt 0.898818 0.342920
vt 0.895005 0.337222
vt 0.879376 0.312969
vt 0.875626 0.306010
vt 0.891064 0.331303
vt 0.883010 0.319036
vt 0.886922 0.325070
vt 0.847408 0.238854
vt 0.845149 0.232360
vt 0.871636 0.297937
vt 0.849790 0.245649
vt 0.854962 0.295567
vt 0.851164 0.286865
vt 0.842567 0.264983
vt 0.839920 0.257617
vt 0.847891 0.279033
vt 0.845131 0.271950
vt 0.887239 0.350264
vt 0.883016 0.344554
vt 0.866782 0.320175
vt 0.863022 0.313016
vt 0.878710 0.338563
vt 0.870370 0.326280
vt 0.874352 0.332310
vt 0.834709 0.242997
vt 0.832347 0.236244
vt 0.859032 0.304615
vt 0.837257 0.250164
vt 0.803607 0.320326
vt 0.808213 0.331399
vt 0.792001 0.338999
vt 0.787098 0.327555
vt 0.786712 0.263497
vt 0.789571 0.273175
vt 0.773368 0.277279
vt 0.770942 0.266875
vt 0.799627 0.309485
vt 0.782905 0.316413
vt 0.792244 0.282681
vt 0.775680 0.287570
vt 0.796679 0.299867
vt 0.779855 0.306272
vt 0.794468 0.291342
vt 0.777701 0.296995
vt 0.839880 0.376606
vt 0.846445 0.382488
vt 0.836197 0.393812
vt 0.828510 0.387348
vt 0.812875 0.341365
vt 0.817479 0.349689
vt 0.802313 0.358284
vt 0.797092 0.349420
vt 0.833603 0.370134
vt 0.821054 0.380261
vt 0.822362 0.356852
vt 0.808002 0.366073
vt 0.827737 0.363532
vt 0.814222 0.373218
vt 0.781937 0.245617
vt 0.784064 0.254246
vt 0.768661 0.256946
vt 0.766793 0.247326
vt 0.821398 0.255292
vt 0.818736 0.247628
vt 0.803974 0.259898
vt 0.801186 0.251463
vt 0.846986 0.322080
vt 0.842984 0.313131
vt 0.829600 0.332097
vt 0.825362 0.322556
vt 0.816276 0.240499
vt 0.798769 0.243690
vt 0.858736 0.342053
vt 0.854479 0.335887
vt 0.842525 0.352992
vt 0.837810 0.346652
vt 0.863516 0.348347
vt 0.847786 0.359331
vt 0.850741 0.329567
vt 0.833652 0.339974
vt 0.868421 0.354365
vt 0.853333 0.365426
vt 0.831926 0.285788
vt 0.829355 0.278446
vt 0.814260 0.292976
vt 0.811903 0.285159
vt 0.873357 0.359972
vt 0.859072 0.371001
vt 0.826836 0.271095
vt 0.809533 0.277246
vt 0.835055 0.294081
vt 0.817280 0.301877
vt 0.824147 0.263255
vt 0.806852 0.268691
vt 0.838857 0.303416
vt 0.821106 0.312054
vt 0.781989 0.357353
vt 0.787324 0.367733
vt 0.772818 0.378200
vt 0.767520 0.366146
vt 0.808478 0.390657
vt 0.818197 0.397588
vt 0.808613 0.407805
vt 0.796445 0.401545
vt 0.793311 0.376387
vt 0.779029 0.387338
vt 0.800112 0.383862
vt 0.786493 0.394967
vt 0.753293 0.248821
vt 0.754965 0.259289
vt 0.743240 0.261368
vt 0.741497 0.250267
vt 0.776682 0.345810
vt 0.762332 0.352739
vt 0.756653 0.269922
vt 0.744279 0.272380
vt 0.771444 0.334309
vt 0.757104 0.340611
vt 0.758332 0.281017
vt 0.745144 0.284100
vt 0.767037 0.323114
vt 0.752558 0.329317
vt 0.760013 0.292237
vt 0.746076 0.296295
vt 0.763838 0.312568
vt 0.749240 0.318377
vt 0.761699 0.302555
vt 0.747238 0.307609
vt 0.827560 0.404301
vt 0.820342 0.413826
vt 0.814692 0.421729
vt 0.801542 0.416555
vt 0.735845 0.323314
vt 0.734261 0.311580
vt 0.760719 0.386865
vt 0.754939 0.373862
vt 0.787368 0.410555
vt 0.767364 0.396358
vt 0.775867 0.403801
vt 0.733289 0.262542
vt 0.731936 0.250949
vt 0.749424 0.359547
vt 0.733794 0.274052
vt 0.743931 0.346695
vt 0.733919 0.286387
vt 0.739157 0.334906
vt 0.733882 0.299316
vt 0.768795 0.409692
vt 0.758138 0.402016
vt 0.743173 0.379203
vt 0.750072 0.392124
vt 0.730981 0.384461
vt 0.739429 0.396339
vt 0.749241 0.406148
vt 0.763558 0.414187
vt 0.060417 0.525236
vt 0.051072 0.416021
vt 0.044322 0.412735
vt 0.037019 0.481035
vt 0.028716 0.484547
vt 0.027335 0.470115
vt 0.034481 0.468765
vt 0.041036 0.493544
vt 0.034637 0.498748
vt 0.046472 0.503268
vt 0.041973 0.510859
vt 0.059799 0.509143
vt 0.074380 0.506484
vt 0.089566 0.499449
vt 0.099451 0.487161
vt 0.105602 0.473780
vt 0.109037 0.459435
vt 0.111681 0.444081
vt 0.112373 0.428788
vt 0.109336 0.414242
vt 0.160347 0.559083
vt 0.184016 0.554504
vt 0.209878 0.551791
vt 0.235529 0.549117
vt 0.259078 0.546951
vt 0.372483 0.537407
vt 0.350373 0.537687
vt 0.328704 0.539842
vt 0.307959 0.542417
vt 0.284045 0.544723
vt 0.329788 0.551978
vt 0.309442 0.554595
vt 0.285861 0.556530
vt 0.331699 0.564843
vt 0.333774 0.578261
vt 0.311469 0.567241
vt 0.289277 0.569776
vt 0.314869 0.580138
vt 0.294498 0.584439
vt 0.108155 0.628500
vt 0.121126 0.640017
vt 0.168621 0.842093
vt 0.163469 0.859780
vt 0.082771 0.786964
vt 0.083196 0.778962
vt 0.083797 0.769637
vt 0.077494 0.793173
vt 0.054944 0.811677
vt 0.055087 0.803002
vt 0.058900 0.802886
vt 0.062714 0.803002
vt 0.392560 0.337447
vt 0.392168 0.316811
vt 0.391577 0.296733
vt 0.390838 0.276259
vt 0.390026 0.258611
vt 0.389290 0.242251
vt 0.387698 0.209700
vt 0.388354 0.226102
vt 0.387014 0.195825
vt 0.400851 0.194952
vt 0.400227 0.182005
vt 0.413748 0.178829
vt 0.414844 0.192512
vt 0.380276 0.125909
vt 0.381382 0.134021
vt 0.797870 0.134673
vt 0.802150 0.149671
vt 0.782146 0.155276
vt 0.777421 0.141475
vt 0.673707 0.174550
vt 0.676852 0.184121
vt 0.663005 0.188278
vt 0.660018 0.179448
vt 0.714019 0.162138
vt 0.692364 0.168342
vt 0.992201 0.083495
vt 0.988546 0.097177
vt 0.979424 0.093292
vt 0.984935 0.082323
vt 0.757711 0.147726
vt 0.761671 0.160678
vt 0.852854 0.115044
vt 0.869640 0.108604
vt 0.875943 0.123324
vt 0.859542 0.129522
vt 0.835902 0.121192
vt 0.899747 0.096617
vt 0.914516 0.090821
vt 0.920256 0.102411
vt 0.906242 0.109888
vt 0.914088 0.122134
vt 0.922076 0.132575
vt 0.906316 0.141624
vt 0.899331 0.130236
vt 0.978492 0.080620
vt 0.982966 0.072494
vt 0.987524 0.073770
vt 0.673399 0.218433
vt 0.669579 0.207306
vt 0.683846 0.203951
vt 0.687115 0.215830
vt 0.690005 0.225484
vt 0.676714 0.230631
vt 0.735301 0.155059
vt 0.738936 0.167222
vt 0.716838 0.173427
vt 0.767507 0.188822
vt 0.790030 0.184431
vt 0.793295 0.198719
vt 0.770710 0.202590
vt 0.828511 0.158315
vt 0.848404 0.152039
vt 0.853515 0.165995
vt 0.833408 0.172767
vt 0.885112 0.102529
vt 0.942428 0.079002
vt 0.929030 0.084216
vt 0.972010 0.064957
vt 0.964510 0.069104
vt 0.975034 0.068570
vt 0.967661 0.073865
vt 0.980491 0.062809
vt 0.983730 0.063421
vt 0.978691 0.070857
vt 0.695128 0.179043
vt 0.680089 0.193789
vt 0.698893 0.189556
vt 0.702761 0.200767
vt 0.796073 0.214821
vt 0.772721 0.217934
vt 0.858666 0.180150
vt 0.838227 0.186984
vt 0.842292 0.136282
vt 0.872190 0.158647
vt 0.890201 0.150329
vt 0.897461 0.163731
vt 0.878724 0.172722
vt 0.937312 0.122711
vt 0.945853 0.132302
vt 0.930786 0.143811
vt 0.720098 0.184709
vt 0.723678 0.197524
vt 0.392621 0.357232
vt 0.391833 0.376991
vt 0.665971 0.197203
vt 0.886866 0.188633
vt 0.865210 0.197515
vt 0.728027 0.220288
vt 0.708008 0.221985
vt 0.705917 0.211931
vt 0.726520 0.209099
vt 0.843028 0.204289
vt 0.905735 0.178863
vt 0.956051 0.142228
vt 0.941086 0.155792
vt 0.976900 0.062211
vt 0.992507 0.074359
vt 0.972717 0.077646
vt 0.972047 0.089876
vt 0.964765 0.085451
vt 0.386671 0.183417
vt 0.402817 0.208969
vt 0.404397 0.224418
vt 0.406089 0.240353
vt 0.408118 0.255594
vt 0.410025 0.274130
vt 0.411186 0.293228
vt 0.411252 0.313647
vt 0.411904 0.334862
vt 0.412412 0.355367
vt 0.412446 0.375635
vt 0.393679 0.140588
vt 0.382601 0.142686
vt 0.391107 0.132238
vt 0.406490 0.097451
vt 0.396523 0.089545
vt 0.400984 0.086171
vt 0.410469 0.092816
vt 0.962948 0.741525
vt 0.979209 0.743878
vt 0.972804 0.760508
vt 0.956749 0.756805
vt 0.429520 0.288645
vt 0.427301 0.269887
vt 0.447222 0.211383
vt 0.444672 0.197156
vt 0.460000 0.191962
vt 0.463070 0.205404
vt 0.451499 0.227191
vt 0.466726 0.221923
vt 0.459796 0.260312
vt 0.455320 0.243044
vt 0.469792 0.238332
vt 0.474019 0.255507
vt 0.467074 0.299451
vt 0.464081 0.279789
vt 0.479708 0.274881
vt 0.483763 0.294637
vt 0.469122 0.320656
vt 0.487590 0.315611
vt 0.473871 0.365114
vt 0.472008 0.342234
vt 0.490598 0.337423
vt 0.494183 0.360718
vt 0.496915 0.383178
vt 0.511987 0.356707
vt 0.516548 0.378818
vt 0.441437 0.182394
vt 0.456068 0.177027
vt 0.984073 0.727566
vt 0.996473 0.728509
vt 0.995716 0.746761
vt 0.913857 0.678099
vt 0.925814 0.675499
vt 0.932657 0.689979
vt 0.919839 0.691560
vt 0.856766 0.815112
vt 0.869359 0.824697
vt 0.863215 0.834657
vt 0.851877 0.823205
vt 0.885294 0.749517
vt 0.903271 0.750608
vt 0.898453 0.762119
vt 0.879596 0.761265
vt 0.884215 0.680879
vt 0.900987 0.679353
vt 0.906966 0.692444
vt 0.889536 0.692812
vt 0.911008 0.703365
vt 0.893707 0.703862
vt 0.843607 0.746865
vt 0.864267 0.748282
vt 0.860121 0.759685
vt 0.841033 0.757709
vt 0.849692 0.682294
vt 0.866509 0.681716
vt 0.869254 0.693455
vt 0.850807 0.693360
vt 0.860888 0.806245
vt 0.875182 0.815426
vt 0.871756 0.704357
vt 0.852263 0.704048
vt 0.866580 0.791713
vt 0.883086 0.798305
vt 0.879231 0.807078
vt 0.863767 0.799211
vt 0.880402 0.832936
vt 0.890478 0.841384
vt 0.880274 0.852197
vt 0.871751 0.844218
vt 0.875582 0.661857
vt 0.890937 0.658776
vt 0.896534 0.667912
vt 0.879699 0.671069
vt 0.873621 0.773528
vt 0.891814 0.775704
vt 0.886921 0.788376
vt 0.869324 0.784549
vt 0.924892 0.703586
vt 0.936769 0.702578
vt 0.939604 0.714338
vt 0.926759 0.714752
vt 0.866900 0.737948
vt 0.889986 0.737978
vt 0.856688 0.771265
vt 0.839400 0.767360
vt 0.853799 0.781054
vt 0.851736 0.786838
vt 0.834938 0.792667
vt 0.848019 0.798569
vt 0.845163 0.806155
vt 0.831915 0.799567
vt 0.862103 0.664306
vt 0.863977 0.672636
vt 0.872159 0.716313
vt 0.851788 0.716080
vt 0.921303 0.737994
vt 0.934264 0.738702
vt 0.929027 0.751724
vt 0.915847 0.750768
vt 0.845721 0.737495
vt 0.837891 0.777135
vt 0.837201 0.783275
vt 0.840819 0.814509
vt 0.828783 0.807272
vt 0.908198 0.738402
vt 0.848526 0.665587
vt 0.849145 0.672849
vt 0.913227 0.715249
vt 0.895238 0.715824
vt 0.911994 0.726678
vt 0.893962 0.726566
vt 0.869934 0.727229
vt 0.959079 0.681588
vt 0.970513 0.677365
vt 0.977489 0.694441
vt 0.965795 0.697242
vt 0.849406 0.793324
vt 0.848261 0.727116
vt 0.836198 0.788407
vt 0.790883 0.671488
vt 0.802162 0.670681
vt 0.801811 0.680234
vt 0.791512 0.680672
vt 0.771666 0.782055
vt 0.785420 0.785631
vt 0.782439 0.793023
vt 0.769604 0.789499
vt 0.782099 0.738253
vt 0.794485 0.742598
vt 0.792524 0.750501
vt 0.779862 0.745979
vt 0.801181 0.712473
vt 0.811843 0.713650
vt 0.810404 0.724887
vt 0.799352 0.723286
vt 0.791140 0.690220
vt 0.801082 0.689992
vt 0.801795 0.701220
vt 0.790279 0.700463
vt 0.774102 0.776175
vt 0.787699 0.780084
vt 0.775077 0.771621
vt 0.789058 0.776065
vt 0.802921 0.662635
vt 0.814211 0.662132
vt 0.812751 0.670725
vt 0.808608 0.735013
vt 0.797007 0.733449
vt 0.790463 0.663750
vt 0.795411 0.781185
vt 0.797656 0.787189
vt 0.805622 0.745075
vt 0.803440 0.753613
vt 0.802125 0.761771
vt 0.791597 0.758649
vt 0.777923 0.754297
vt 0.790427 0.765493
vt 0.801474 0.769105
vt 0.797145 0.773759
vt 0.789880 0.771838
vt 0.789558 0.711022
vt 0.794298 0.796003
vt 0.812000 0.680132
vt 0.811807 0.702173
vt 0.776403 0.761367
vt 0.775549 0.767812
vt 0.796012 0.777735
vt 0.460544 0.141448
vt 0.454801 0.129742
vt 0.467075 0.121721
vt 0.473901 0.135232
vt 0.784991 0.729264
vt 0.724558 0.662299
vt 0.747328 0.668683
vt 0.745400 0.676208
vt 0.722503 0.669520
vt 0.706532 0.740034
vt 0.733630 0.742706
vt 0.732681 0.749885
vt 0.704500 0.747061
vt 0.732011 0.757083
vt 0.757277 0.755494
vt 0.756164 0.762473
vt 0.730566 0.767378
vt 0.731257 0.762218
vt 0.755313 0.766840
vt 0.754421 0.771575
vt 0.703956 0.753284
vt 0.708458 0.732569
vt 0.734445 0.735428
vt 0.771809 0.671335
vt 0.771474 0.679771
vt 0.758932 0.748442
vt 0.714547 0.705855
vt 0.738502 0.710801
vt 0.737432 0.718880
vt 0.712142 0.715297
vt 0.735892 0.727229
vt 0.710662 0.724353
vt 0.703596 0.759268
vt 0.703715 0.765329
vt 0.704045 0.771496
vt 0.705069 0.778543
vt 0.795918 0.987886
vt 0.760718 0.740842
vt 0.763008 0.732971
vt 0.743602 0.684598
vt 0.720485 0.677267
vt 0.729773 0.773638
vt 0.728824 0.780648
vt 0.771990 0.664100
vt 0.748858 0.661962
vt 0.725901 0.655300
vt 0.765597 0.724572
vt 0.482141 0.217766
vt 0.485542 0.233245
vt 0.478784 0.202264
vt 0.497810 0.199752
vt 0.500681 0.214483
vt 0.559297 0.220656
vt 0.563460 0.238524
vt 0.545883 0.241308
vt 0.541291 0.223245
vt 0.515949 0.196539
vt 0.518876 0.211374
vt 0.949762 0.643630
vt 0.958006 0.638297
vt 0.968040 0.656112
vt 0.960125 0.659818
vt 0.633227 0.200763
vt 0.635972 0.220430
vt 0.620575 0.224387
vt 0.617335 0.204322
vt 0.646139 0.198691
vt 0.648811 0.217814
vt 0.930840 0.634800
vt 0.938809 0.627600
vt 0.940300 0.650163
vt 0.987515 0.765018
vt 0.979299 0.783133
vt 0.965870 0.777642
vt 0.946192 0.828086
vt 0.958536 0.833941
vt 0.954313 0.848936
vt 0.941023 0.841909
vt 0.921751 0.864463
vt 0.936313 0.872697
vt 0.915673 0.881492
vt 0.906753 0.875219
vt 0.504984 0.161362
vt 0.511453 0.179381
vt 0.494030 0.183864
vt 0.488048 0.166518
vt 0.602804 0.108390
vt 0.593662 0.086918
vt 0.600164 0.085376
vt 0.607547 0.106699
vt 0.612841 0.131778
vt 0.618572 0.129117
vt 0.624213 0.152030
vt 0.630791 0.147707
vt 0.643244 0.178717
vt 0.631332 0.179435
vt 0.448873 0.074034
vt 0.437455 0.084043
vt 0.429828 0.076753
vt 0.440939 0.065194
vt 0.615308 0.181902
vt 0.527203 0.244196
vt 0.530827 0.262848
vt 0.512148 0.266023
vt 0.507763 0.246344
vt 0.452072 0.053430
vt 0.461490 0.062024
vt 0.471948 0.102331
vt 0.480295 0.114521
vt 0.459846 0.110950
vt 0.385440 0.162517
vt 0.386001 0.172313
vt 0.488392 0.128850
vt 0.421382 0.068428
vt 0.432811 0.057309
vt 0.475562 0.187560
vt 0.471466 0.172053
vt 0.537261 0.150019
vt 0.545645 0.168315
vt 0.529761 0.174483
vt 0.521928 0.155907
vt 0.419616 0.085577
vt 0.426607 0.092183
vt 0.417473 0.099960
vt 0.448962 0.118899
vt 0.466645 0.156508
vt 0.481196 0.151009
vt 0.398128 0.159923
vt 0.399759 0.170758
vt 0.443999 0.136971
vt 0.447751 0.148736
vt 0.508331 0.099294
vt 0.518591 0.114401
vt 0.503385 0.121934
vt 0.493699 0.107239
vt 0.438494 0.126407
vt 0.496940 0.144995
vt 0.653819 0.335937
vt 0.634038 0.342584
vt 0.628120 0.323487
vt 0.647257 0.316021
vt 0.528141 0.131712
vt 0.512906 0.138585
vt 0.452419 0.162656
vt 0.490430 0.250194
vt 0.495428 0.270466
vt 0.499862 0.290505
vt 0.504422 0.311006
vt 0.508181 0.333012
vt 0.531197 0.352022
vt 0.536095 0.373554
vt 0.503971 0.230327
vt 0.537749 0.207267
vt 0.533962 0.191957
vt 0.551889 0.185820
vt 0.555667 0.203508
vt 0.971400 0.800571
vt 0.958733 0.794643
vt 0.613533 0.349238
vt 0.593416 0.355788
vt 0.588229 0.336194
vt 0.608480 0.329703
vt 0.673036 0.328747
vt 0.665620 0.308604
vt 0.683925 0.300008
vt 0.692560 0.319807
vt 0.555369 0.367539
vt 0.550453 0.347205
vt 0.526295 0.329276
vt 0.522097 0.307155
vt 0.516948 0.286222
vt 0.577062 0.295705
vt 0.582798 0.315796
vt 0.562709 0.321445
vt 0.556583 0.300017
vt 0.567676 0.257427
vt 0.572030 0.276762
vt 0.552095 0.280392
vt 0.549060 0.260254
vt 0.569027 0.341790
vt 0.539235 0.303540
vt 0.544445 0.325361
vt 0.534827 0.282898
vt 0.596456 0.291529
vt 0.602840 0.310223
vt 0.640611 0.239244
vt 0.653858 0.234962
vt 0.660591 0.250892
vt 0.646239 0.257107
vt 0.667694 0.265981
vt 0.675618 0.282212
vt 0.659605 0.290904
vt 0.652724 0.274490
vt 0.625255 0.243925
vt 0.629996 0.262721
vt 0.641645 0.298113
vt 0.635536 0.280858
vt 0.587026 0.253627
vt 0.591659 0.272710
vt 0.615835 0.286621
vt 0.622433 0.305036
vt 0.606549 0.248978
vt 0.611173 0.267965
vt 0.582301 0.234791
vt 0.601601 0.229859
vt 0.443273 0.045952
vt 0.454812 0.031226
vt 0.463806 0.038126
vt 0.592680 0.179151
vt 0.607635 0.171184
vt 0.595114 0.193522
vt 0.807415 0.164492
vt 0.811555 0.179119
vt 0.786348 0.169729
vt 0.741942 0.179991
vt 0.745532 0.193406
vt 0.958093 0.080144
vt 0.954095 0.073598
vt 0.750054 0.219236
vt 0.748092 0.205959
vt 0.866967 0.145023
vt 0.764765 0.175226
vt 0.817244 0.128192
vt 0.822676 0.142991
vt 0.819735 0.210009
vt 0.815585 0.193590
vt 0.928939 0.113089
vt 0.947276 0.086847
vt 0.923872 0.168279
vt 0.914490 0.154200
vt 0.980870 0.057277
vt 0.980568 0.062326
vt 0.651998 0.183007
vt 0.655045 0.190752
vt 0.934377 0.094461
vt 0.980402 0.112183
vt 0.969563 0.127457
vt 0.959758 0.119202
vt 0.971077 0.106149
vt 0.963023 0.100742
vt 0.950815 0.111873
vt 0.954531 0.094161
vt 0.942249 0.103445
vt 0.411765 0.077552
vt 0.497351 0.085129
vt 0.484103 0.093467
vt 0.473176 0.047388
vt 0.982316 0.711798
vt 0.994238 0.709909
vt 0.462517 0.015824
vt 0.468521 0.018139
vt 0.658653 0.199315
vt 0.662822 0.208118
vt 0.668004 0.218983
vt 0.669319 0.234311
vt 0.679899 0.765302
vt 0.708936 0.646407
vt 0.708821 0.653816
vt 0.705542 0.682184
vt 0.702442 0.693612
vt 0.689114 0.732407
vt 0.685501 0.739603
vt 0.679784 0.752091
vt 0.678934 0.759038
vt 0.707246 0.672551
vt 0.698005 0.670655
vt 0.697783 0.661555
vt 0.707695 0.663160
vt 0.573469 0.361766
vt 0.423858 0.161425
vt 0.412202 0.166792
vt 0.409869 0.155965
vt 0.421588 0.150301
vt 0.438655 0.168670
vt 0.417256 0.206548
vt 0.431705 0.352167
vt 0.432752 0.373055
vt 0.431195 0.308719
vt 0.431503 0.330837
vt 0.424214 0.252268
vt 0.419719 0.221851
vt 0.421761 0.236755
vt 0.447699 0.283909
vt 0.444002 0.265428
vt 0.883829 0.137931
vt 0.891530 0.116475
vt 0.939105 0.726223
vt 0.953732 0.726505
vt 0.949008 0.739993
vt 0.919104 0.781285
vt 0.932128 0.784799
vt 0.926755 0.801060
vt 0.914653 0.795719
vt 0.945212 0.789454
vt 0.952212 0.811631
vt 0.938737 0.806100
vt 0.924241 0.765495
vt 0.937856 0.768434
vt 0.921688 0.815529
vt 0.910115 0.809974
vt 0.908487 0.665410
vt 0.951611 0.772242
vt 0.920660 0.845942
vt 0.933898 0.853574
vt 0.911042 0.856842
vt 0.916177 0.827612
vt 0.904808 0.820755
vt 0.909383 0.838635
vt 0.898501 0.831231
vt 0.479787 0.060900
vt 0.485934 0.036936
vt 0.492227 0.051817
vt 0.953679 0.713876
vt 0.901184 0.849533
vt 0.890458 0.860835
vt 0.968603 0.726887
vt 0.911877 0.648381
vt 0.922204 0.640677
vt 0.930885 0.655889
vt 0.919147 0.661532
vt 0.905110 0.778145
vt 0.900295 0.790938
vt 0.925181 0.726291
vt 0.887112 0.822872
vt 0.892042 0.813701
vt 0.911027 0.763834
vt 0.896138 0.803217
vt 0.950620 0.700277
vt 0.938393 0.670417
vt 0.946507 0.685970
vt 0.412681 0.103947
vt 0.521766 0.226880
vt 0.787580 0.720265
vt 0.946878 0.861345
vt 0.426197 0.173653
vt 0.902461 0.654282
vt 0.948087 0.622261
vt 0.984444 0.056500
vt 0.983894 0.061826
vt 0.383948 0.152100
vt 0.986638 0.065539
vt 0.988556 0.068494
vt 0.992056 0.067938
vt 0.988154 0.056871
vt 0.987624 0.061478
vt 0.992328 0.058129
vt 0.991331 0.061453
vt 0.395142 0.094189
vt 0.407115 0.103456
vt 0.412741 0.114626
vt 0.424654 0.107455
vt 0.388569 0.124623
vt 0.397348 0.121372
vt 0.399736 0.127885
vt 0.477637 0.020387
vt 0.597999 0.111231
vt 0.583956 0.088832
vt 0.608684 0.133498
vt 0.616537 0.156629
vt 0.641214 0.688616
vt 0.641719 0.688463
vt 0.642848 0.690641
vt 0.641194 0.691038
vt 0.696555 0.715081
vt 0.692896 0.724433
vt 0.681764 0.722535
vt 0.685645 0.714319
vt 0.642326 0.687420
vt 0.642284 0.688018
vt 0.641475 0.688025
vt 0.641483 0.687431
vt 0.647144 0.689032
vt 0.647300 0.686942
vt 0.645815 0.674520
vt 0.645157 0.674223
vt 0.645428 0.673664
vt 0.646078 0.674008
vt 0.649680 0.674903
vt 0.649264 0.676704
vt 0.645175 0.673208
vt 0.645822 0.671050
vt 0.647064 0.672029
vt 0.645695 0.673448
vt 0.645174 0.674680
vt 0.645303 0.676910
vt 0.699656 0.704188
vt 0.682162 0.746026
vt 0.660532 0.656091
vt 0.660080 0.655585
vt 0.660614 0.655229
vt 0.661042 0.655779
vt 0.648059 0.669928
vt 0.652048 0.673055
vt 0.031551 0.307736
vt 0.029548 0.307126
vt 0.028089 0.305388
vt 0.034523 0.307309
vt 0.650103 0.678506
vt 0.644533 0.678528
vt 0.650341 0.682164
vt 0.645585 0.681050
vt 0.659398 0.676041
vt 0.658238 0.680783
vt 0.656805 0.683981
vt 0.673079 0.684725
vt 0.666838 0.683564
vt 0.668173 0.679741
vt 0.674383 0.680886
vt 0.056631 0.264872
vt 0.056542 0.269958
vt 0.047664 0.273573
vt 0.046000 0.270068
vt 0.665896 0.686673
vt 0.670363 0.673343
vt 0.676006 0.675372
vt 0.041346 0.274739
vt 0.043877 0.280349
vt 0.032196 0.278276
vt 0.033843 0.274808
vt 0.657899 0.667017
vt 0.652751 0.664733
vt 0.664106 0.669741
vt 0.683034 0.662966
vt 0.678332 0.663211
vt 0.675836 0.657735
vt 0.681683 0.655370
vt 0.661885 0.662276
vt 0.657272 0.658461
vt 0.666423 0.665447
vt 0.672135 0.668409
vt 0.683305 0.670413
vt 0.682331 0.677345
vt 0.677341 0.670051
vt 0.025031 0.303646
vt 0.025976 0.300781
vt 0.030795 0.302090
vt 0.678920 0.685809
vt 0.677640 0.689853
vt 0.671908 0.688452
vt 0.686467 0.691541
vt 0.684305 0.686465
vt 0.679894 0.681691
vt 0.684378 0.682377
vt 0.689044 0.679510
vt 0.045532 0.293890
vt 0.041009 0.301751
vt 0.036870 0.299253
vt 0.039757 0.294398
vt 0.034372 0.302876
vt 0.031383 0.297628
vt 0.027150 0.296551
vt 0.032638 0.292622
vt 0.028852 0.290795
vt 0.663109 0.654023
vt 0.661014 0.655163
vt 0.660644 0.654731
vt 0.661990 0.652891
vt 0.664195 0.657474
vt 0.662399 0.659249
vt 0.658738 0.657614
vt 0.660000 0.656006
vt 0.666998 0.657102
vt 0.664585 0.652679
vt 0.051601 0.294713
vt 0.049285 0.295634
vt 0.047245 0.295214
vt 0.670601 0.649022
vt 0.673230 0.652883
vt 0.034142 0.287264
vt 0.035387 0.282221
vt 0.040309 0.282856
vt 0.040380 0.287978
vt 0.044317 0.286311
vt 0.030357 0.285701
vt 0.047759 0.290748
vt 0.050506 0.290952
vt 0.047745 0.285691
vt 0.047617 0.280734
vt 0.053417 0.285911
vt 0.054705 0.279696
vt 0.048750 0.276157
vt 0.053499 0.275495
vt 0.057087 0.288211
vt 0.058402 0.279383
vt 0.676856 0.645232
vt 0.679191 0.649830
vt 0.684901 0.647443
vt 0.684129 0.641918
vt 0.670648 0.660128
vt 0.674123 0.663127
vt 0.686978 0.653435
vt 0.035815 0.270016
vt 0.040321 0.270675
vt 0.045217 0.263554
vt 0.052269 0.261482
vt 0.037789 0.261992
vt 0.040362 0.251381
vt 0.046845 0.253747
vt 0.687457 0.639219
vt 0.691018 0.644825
vt 0.052464 0.257229
vt 0.056847 0.253428
vt 0.694728 0.637132
vt 0.697438 0.643308
vt 0.692021 0.652101
vt 0.697790 0.652258
vt 0.048441 0.248875
vt 0.041262 0.246873
vt 0.664299 0.766180
vt 0.664296 0.759163
vt 0.688360 0.662600
vt 0.688725 0.670155
vt 0.693230 0.661579
vt 0.693036 0.670115
vt 0.693094 0.679510
vt 0.696379 0.680288
vt 0.691105 0.691917
vt 0.694108 0.692439
vt 0.668209 0.743449
vt 0.671582 0.736869
vt 0.641805 0.686890
vt 0.643096 0.684860
vt 0.647197 0.709626
vt 0.647336 0.709942
vt 0.646803 0.710064
vt 0.646670 0.709722
vt 0.643211 0.692600
vt 0.648405 0.691483
vt 0.016188 0.302561
vt 0.013840 0.301238
vt 0.020965 0.303371
vt 0.018439 0.303359
vt 0.643076 0.682935
vt 0.648783 0.685312
vt 0.656522 0.686846
vt 0.656082 0.692839
vt 0.671042 0.691000
vt 0.670117 0.694920
vt 0.664307 0.693668
vt 0.665041 0.689268
vt 0.020345 0.255776
vt 0.026837 0.263314
vt 0.023415 0.265639
vt 0.015968 0.259486
vt 0.668480 0.699610
vt 0.662624 0.698317
vt 0.028502 0.271235
vt 0.022456 0.274204
vt 0.649816 0.698445
vt 0.644410 0.698845
vt 0.655714 0.698144
vt 0.668573 0.713969
vt 0.664554 0.718990
vt 0.660512 0.714308
vt 0.664687 0.711139
vt 0.650779 0.705296
vt 0.645026 0.706804
vt 0.655878 0.705122
vt 0.661163 0.705225
vt 0.671860 0.708728
vt 0.666699 0.706257
vt 0.674240 0.701212
vt 0.021550 0.298870
vt 0.676790 0.692845
vt 0.681973 0.694068
vt 0.675379 0.696578
vt 0.679268 0.697414
vt 0.680207 0.701962
vt 0.013180 0.283756
vt 0.018334 0.287679
vt 0.017358 0.293590
vt 0.011948 0.293500
vt 0.017734 0.297857
vt 0.023072 0.295130
vt 0.025023 0.290055
vt 0.648284 0.711977
vt 0.646865 0.712127
vt 0.646832 0.710441
vt 0.647109 0.710327
vt 0.650888 0.709685
vt 0.650089 0.707554
vt 0.646817 0.709516
vt 0.646552 0.708012
vt 0.652697 0.711579
vt 0.649289 0.714611
vt 0.010927 0.284237
vt 0.009389 0.282927
vt 0.007568 0.280021
vt 0.656912 0.717166
vt 0.652865 0.720491
vt 0.026577 0.285033
vt 0.021169 0.282434
vt 0.023811 0.279306
vt 0.027819 0.280446
vt 0.017593 0.279231
vt 0.010491 0.278312
vt 0.012584 0.279750
vt 0.015167 0.276617
vt 0.018396 0.271901
vt 0.010831 0.272218
vt 0.013184 0.267595
vt 0.016368 0.264179
vt 0.020842 0.266822
vt 0.006988 0.271750
vt 0.008892 0.264915
vt 0.660478 0.722478
vt 0.655908 0.725212
vt 0.663983 0.727568
vt 0.659150 0.731697
vt 0.657239 0.709722
vt 0.660880 0.708809
vt 0.668161 0.723087
vt 0.030987 0.268620
vt 0.030386 0.260425
vt 0.024313 0.255291
vt 0.032602 0.250100
vt 0.667193 0.732485
vt 0.661464 0.736188
vt 0.023659 0.245094
vt 0.026428 0.250565
vt 0.672318 0.727637
vt 0.677107 0.730283
vt 0.032997 0.245766
vt 0.664857 0.751376
vt 0.672841 0.717315
vt 0.676854 0.711273
vt 0.677387 0.720407
vt 0.681047 0.712814
vt 0.685643 0.702989
vt 0.690859 0.703754
vt 0.753088 0.777752
vt 0.769307 0.707970
vt 0.767573 0.716490
vt 0.751750 0.785009
vt 0.811747 0.691426
vt 0.800522 0.775049
vt 0.800050 0.778668
vt 0.799048 0.781849
vt 0.403861 0.136106
vt 0.395471 0.149744
vt 0.407765 0.146022
vt 0.803780 0.775372
vt 0.803866 0.779602
vt 0.802473 0.783019
vt 0.822579 0.714613
vt 0.820913 0.725740
vt 0.815123 0.754014
vt 0.813464 0.762646
vt 0.806984 0.792010
vt 0.804359 0.799349
vt 0.819301 0.735456
vt 0.823881 0.664356
vt 0.822977 0.672751
vt 0.822559 0.703071
vt 0.812554 0.769908
vt 0.811219 0.776019
vt 0.822554 0.692569
vt 0.810010 0.781469
vt 0.816846 0.746024
vt 0.808360 0.786129
vt 0.822512 0.681209
vt 0.829082 0.746430
vt 0.827336 0.756131
vt 0.835564 0.673428
vt 0.835049 0.682166
vt 0.822284 0.788395
vt 0.819410 0.795313
vt 0.836263 0.715429
vt 0.833882 0.726372
vt 0.825805 0.764536
vt 0.824830 0.773324
vt 0.835824 0.665267
vt 0.835280 0.692913
vt 0.831358 0.736618
vt 0.836511 0.703731
vt 0.823796 0.779320
vt 0.816725 0.802018
vt 0.822921 0.784581
vt 0.898423 0.868127
vt 0.949319 0.665260
vt 0.968668 0.713000
vt 0.927522 0.834352
vt 0.932720 0.821692
vt 0.943171 0.754092
vt 0.964551 0.817212
vt 0.978914 0.674689
vt 0.987136 0.692213
vt 0.486465 0.017623
vt 0.591710 0.115610
vt 0.576755 0.095195
vt 0.601973 0.135862
vt 0.610245 0.158431
vt 0.597624 0.211337
vt 0.574556 0.198844
vt 0.571904 0.178537
vt 0.578087 0.216796
vt 0.468639 0.070438
vt 0.456099 0.082210
vt 0.445128 0.091820
vt 0.434466 0.099808
vt 0.407261 0.122158
vt 0.405205 0.115417
vt 0.500401 0.064438
vt 0.487353 0.073611
vt 0.476020 0.081660
vt 0.463780 0.091745
vt 0.452239 0.100675
vt 0.441984 0.108295
vt 0.431454 0.116208
vt 0.560813 0.161466
vt 0.551696 0.142914
vt 0.542152 0.124771
vt 0.532346 0.107519
vt 0.522107 0.091725
vt 0.511252 0.076635
vt 0.421468 0.123587
vt 0.440450 0.247266
vt 0.437576 0.231448
vt 0.435758 0.155339
vt 0.428770 0.187681
vt 0.432541 0.143891
vt 0.432173 0.202253
vt 0.453136 0.369183
vt 0.452026 0.347304
vt 0.450741 0.325788
vt 0.449847 0.303901
vt 0.435442 0.216515
vt 0.428478 0.132552
vt 0.418605 0.139369
vt 0.413316 0.130201
vt 0.084369 0.154953
vt 0.086099 0.155106
vt 0.083654 0.160859
vt 0.082434 0.160240
vt 0.092357 0.089688
vt 0.085872 0.088528
vt 0.084804 0.074991
vt 0.092574 0.076697
vt 0.075527 0.166783
vt 0.071512 0.167141
vt 0.071674 0.165462
vt 0.075348 0.165459
vt 0.066638 0.166774
vt 0.061647 0.165799
vt 0.062433 0.162990
vt 0.067202 0.164592
vt 0.142576 0.699120
vt 0.144549 0.707566
vt 0.142123 0.708228
vt 0.139884 0.700222
vt 0.030068 0.151790
vt 0.023278 0.147814
vt 0.024573 0.137683
vt 0.031319 0.143380
vt 0.051550 0.162434
vt 0.052314 0.158208
vt 0.057484 0.160944
vt 0.056814 0.164407
vt 0.137192 0.691643
vt 0.140471 0.690300
vt 0.129022 0.744529
vt 0.129572 0.743174
vt 0.135512 0.744629
vt 0.135569 0.745804
vt 0.108833 0.735139
vt 0.110332 0.733604
vt 0.121144 0.739500
vt 0.120061 0.740932
vt 0.071450 0.062002
vt 0.068260 0.047983
vt 0.080914 0.048744
vt 0.083183 0.061880
vt 0.063865 0.033768
vt 0.078723 0.035506
vt 0.022746 0.084497
vt 0.030762 0.091055
vt 0.028796 0.104960
vt 0.021773 0.099197
vt 0.020436 0.116061
vt 0.026596 0.121511
vt 0.018650 0.133086
vt 0.133940 0.683446
vt 0.138618 0.682232
vt 0.146465 0.720602
vt 0.144476 0.720933
vt 0.143678 0.715146
vt 0.145816 0.714733
vt 0.146721 0.725917
vt 0.146668 0.731333
vt 0.144951 0.731260
vt 0.144719 0.726022
vt 0.059187 0.705580
vt 0.063180 0.704101
vt 0.073441 0.711848
vt 0.070386 0.713318
vt 0.146104 0.736545
vt 0.144770 0.736233
vt 0.092505 0.064500
vt 0.091375 0.104241
vt 0.085989 0.103571
vt 0.085569 0.146359
vt 0.087925 0.146079
vt 0.039522 0.689959
vt 0.030532 0.681499
vt 0.041384 0.679779
vt 0.047330 0.687988
vt 0.054819 0.695929
vt 0.049202 0.697577
vt 0.091454 0.040985
vt 0.091705 0.052732
vt 0.056064 0.052242
vt 0.049393 0.038511
vt 0.037512 0.046842
vt 0.046041 0.059082
vt 0.060588 0.065568
vt 0.051954 0.071100
vt 0.130211 0.676159
vt 0.137150 0.675326
vt 0.017352 0.144684
vt 0.127108 0.670773
vt 0.136931 0.669703
vt 0.333996 0.721939
vt 0.338813 0.705436
vt 0.346844 0.710753
vt 0.342025 0.725822
vt 0.331560 0.740938
vt 0.339279 0.742089
vt 0.331461 0.757866
vt 0.338332 0.759334
vt 0.011841 0.144438
vt 0.013095 0.129945
vt 0.331542 0.774299
vt 0.337649 0.776639
vt 0.014206 0.112791
vt 0.024050 0.670736
vt 0.038872 0.671446
vt 0.085962 0.134094
vt 0.089175 0.133719
vt 0.085906 0.118942
vt 0.090170 0.119022
vt 0.024989 0.070785
vt 0.033602 0.078730
vt 0.096012 0.727997
vt 0.097849 0.726269
vt 0.083242 0.720656
vt 0.085647 0.719041
vt 0.045220 0.078199
vt 0.038411 0.067920
vt 0.029380 0.057929
vt 0.045203 0.159581
vt 0.037736 0.155898
vt 0.038844 0.149220
vt 0.046172 0.154330
vt 0.040604 0.087545
vt 0.323990 0.774283
vt 0.323500 0.757155
vt 0.323604 0.740101
vt 0.324189 0.719886
vt 0.327266 0.701062
vt 0.144761 0.740690
vt 0.143866 0.740009
vt 0.014842 0.095948
vt 0.014927 0.079934
vt 0.078034 0.022311
vt 0.094797 0.029579
vt 0.019004 0.049031
vt 0.016197 0.064603
vt 0.068663 0.160867
vt 0.072318 0.163020
vt 0.072218 0.155923
vt 0.074846 0.160029
vt 0.076759 0.151209
vt 0.078204 0.157199
vt 0.081733 0.147549
vt 0.081736 0.155226
vt 0.124436 0.737318
vt 0.131164 0.741137
vt 0.130049 0.735069
vt 0.134535 0.739018
vt 0.135859 0.733138
vt 0.138459 0.737193
vt 0.141414 0.731632
vt 0.142200 0.736072
vt 0.115220 0.731019
vt 0.125074 0.730282
vt 0.132969 0.728823
vt 0.140052 0.726468
vt 0.064174 0.157129
vt 0.069280 0.150754
vt 0.074615 0.143663
vt 0.080420 0.135545
vt 0.135300 0.743053
vt 0.142508 0.739063
vt 0.137939 0.741972
vt 0.140601 0.740391
vt 0.142141 0.742270
vt 0.139475 0.743960
vt 0.139985 0.745017
vt 0.142854 0.743213
vt 0.074950 0.164036
vt 0.081163 0.159436
vt 0.076885 0.162916
vt 0.079228 0.161221
vt 0.077880 0.164726
vt 0.080227 0.163141
vt 0.081031 0.164183
vt 0.078362 0.165949
vt 0.118887 0.676009
vt 0.115432 0.669744
vt 0.124203 0.683485
vt 0.129348 0.691950
vt 0.133604 0.700577
vt 0.136975 0.708408
vt 0.139416 0.715332
vt 0.140638 0.721249
vt 0.033180 0.129298
vt 0.035581 0.113113
vt 0.037887 0.099090
vt 0.074151 0.075151
vt 0.064306 0.077915
vt 0.056552 0.082645
vt 0.050707 0.088790
vt 0.046657 0.097615
vt 0.044505 0.108886
vt 0.042325 0.122945
vt 0.040201 0.137782
vt 0.053098 0.678619
vt 0.051853 0.671851
vt 0.066134 0.672800
vt 0.067384 0.678987
vt 0.080213 0.679615
vt 0.078309 0.673561
vt 0.105472 0.676505
vt 0.102233 0.670328
vt 0.091450 0.678562
vt 0.089630 0.671927
vt 0.096006 0.684763
vt 0.083627 0.685207
vt 0.134847 0.721071
vt 0.132395 0.715270
vt 0.111119 0.683788
vt 0.102600 0.691425
vt 0.088577 0.691172
vt 0.128677 0.708102
vt 0.070321 0.686122
vt 0.057014 0.686693
vt 0.063227 0.694772
vt 0.075470 0.692969
vt 0.123949 0.700270
vt 0.117834 0.691879
vt 0.102421 0.724018
vt 0.090998 0.716774
vt 0.079956 0.709598
vt 0.070670 0.702330
vt 0.079866 0.119650
vt 0.078331 0.104206
vt 0.076566 0.088860
vt 0.047134 0.145041
vt 0.053172 0.150372
vt 0.058432 0.154472
vt 0.135814 0.724633
vt 0.129956 0.725456
vt 0.122183 0.726058
vt 0.115390 0.726868
vt 0.108335 0.721564
vt 0.099035 0.714056
vt 0.089627 0.706517
vt 0.081732 0.699615
vt 0.110111 0.699102
vt 0.094788 0.697908
vt 0.116931 0.706870
vt 0.102219 0.705359
vt 0.122608 0.714476
vt 0.110136 0.713267
vt 0.126913 0.720970
vt 0.117192 0.720612
vt 0.048746 0.132230
vt 0.054480 0.139291
vt 0.059385 0.145511
vt 0.063240 0.150049
vt 0.066514 0.143913
vt 0.071281 0.136334
vt 0.075636 0.130954
vt 0.073483 0.120852
vt 0.070605 0.106958
vt 0.067729 0.091410
vt 0.050766 0.118710
vt 0.052139 0.108115
vt 0.055541 0.100423
vt 0.060635 0.096023
vt 0.058426 0.110343
vt 0.055874 0.115489
vt 0.063110 0.113159
vt 0.057266 0.125208
vt 0.062452 0.135681
vt 0.067595 0.126499
vt 0.425911 0.812099
vt 0.429476 0.805180
vt 0.443771 0.804222
vt 0.436580 0.813658
vt 0.417216 0.802676
vt 0.413759 0.808525
vt 0.404974 0.796235
vt 0.400787 0.802742
vt 0.394658 0.789885
vt 0.390470 0.798309
vt 0.382895 0.789724
vt 0.379880 0.796957
vt 0.370952 0.793651
vt 0.371426 0.797022
vt 0.358732 0.797030
vt 0.360468 0.803320
vt 0.347258 0.796413
vt 0.347956 0.803101
vt 0.338557 0.800779
vt 0.338786 0.791494
vt 0.331255 0.789237
vt 0.324137 0.788924
vt 0.330944 0.799449
vt 0.323813 0.799054
vt 0.453647 0.810327
vt 0.447134 0.818575
vt 0.437353 0.965463
vt 0.432769 0.958265
vt 0.443443 0.950014
vt 0.448992 0.958570
vt 0.461506 0.966508
vt 0.451257 0.969215
vt 0.459536 0.952086
vt 0.429706 0.977675
vt 0.427863 0.970625
vt 0.439165 0.973678
vt 0.421715 0.981106
vt 0.419606 0.975338
vt 0.408722 0.986490
vt 0.407039 0.981785
vt 0.413222 0.978517
vt 0.415210 0.983782
vt 0.403075 0.988602
vt 0.401785 0.984211
vt 0.355843 0.877300
vt 0.358149 0.878262
vt 0.357083 0.879964
vt 0.354434 0.878977
vt 0.361016 0.879228
vt 0.358929 0.876231
vt 0.361081 0.876572
vt 0.364636 0.879762
vt 0.364674 0.881066
vt 0.360900 0.880707
vt 0.368280 0.879012
vt 0.368889 0.880224
vt 0.372061 0.876312
vt 0.372939 0.877221
vt 0.374942 0.872643
vt 0.376243 0.873260
vt 0.376271 0.868773
vt 0.378013 0.868739
vt 0.376719 0.865657
vt 0.378684 0.864382
vt 0.376114 0.862850
vt 0.378220 0.861492
vt 0.375553 0.861461
vt 0.377007 0.859329
vt 0.373865 0.859954
vt 0.374919 0.857927
vt 0.371948 0.859103
vt 0.372727 0.856754
vt 0.369709 0.858635
vt 0.370155 0.856071
vt 0.367126 0.858134
vt 0.367513 0.855531
vt 0.366662 0.860570
vt 0.363941 0.860211
vt 0.363877 0.858133
vt 0.361161 0.818733
vt 0.361171 0.825228
vt 0.350281 0.827757
vt 0.350381 0.820591
vt 0.359984 0.858174
vt 0.359380 0.856461
vt 0.363767 0.855797
vt 0.356408 0.859334
vt 0.355375 0.858046
vt 0.353770 0.862565
vt 0.352237 0.861792
vt 0.352669 0.865562
vt 0.350983 0.865210
vt 0.352225 0.868988
vt 0.350531 0.869075
vt 0.352773 0.871911
vt 0.350866 0.872300
vt 0.353446 0.873907
vt 0.354147 0.875616
vt 0.352588 0.876706
vt 0.351790 0.874579
vt 0.357618 0.875610
vt 0.356838 0.874066
vt 0.355185 0.871723
vt 0.356046 0.873178
vt 0.354445 0.869333
vt 0.354477 0.866738
vt 0.355452 0.863680
vt 0.357515 0.861136
vt 0.360583 0.860189
vt 0.363590 0.852385
vt 0.368168 0.851914
vt 0.372866 0.810948
vt 0.372340 0.818096
vt 0.360316 0.811524
vt 0.368899 0.860989
vt 0.370729 0.861591
vt 0.372156 0.862518
vt 0.373027 0.863262
vt 0.373376 0.864106
vt 0.373781 0.866244
vt 0.373411 0.868648
vt 0.372287 0.871829
vt 0.369550 0.874742
vt 0.366591 0.876668
vt 0.363673 0.876807
vt 0.360291 0.882699
vt 0.356387 0.881528
vt 0.350630 0.860584
vt 0.354077 0.856141
vt 0.358573 0.853813
vt 0.018903 0.840566
vt 0.019558 0.843554
vt 0.016096 0.845200
vt 0.014720 0.842394
vt 0.349494 0.812504
vt 0.371425 0.852561
vt 0.374471 0.853705
vt 0.377118 0.855454
vt 0.379376 0.857446
vt 0.380752 0.860232
vt 0.381457 0.863499
vt 0.380680 0.868546
vt 0.379076 0.874224
vt 0.375093 0.878825
vt 0.370083 0.882174
vt 0.364948 0.883307
vt 0.031663 0.868307
vt 0.027291 0.868584
vt 0.026858 0.865198
vt 0.029239 0.865117
vt 0.349189 0.864701
vt 0.348884 0.869086
vt 0.348859 0.872792
vt 0.349624 0.875339
vt 0.350776 0.878212
vt 0.353101 0.881127
vt 0.027822 0.841442
vt 0.026398 0.845070
vt 0.024504 0.842839
vt 0.025497 0.840055
vt 0.008418 0.860938
vt 0.011614 0.860097
vt 0.013894 0.862905
vt 0.011014 0.864297
vt 0.029244 0.842453
vt 0.028374 0.845149
vt 0.016658 0.864513
vt 0.014527 0.866304
vt 0.030528 0.842967
vt 0.030278 0.845859
vt 0.017410 0.867171
vt 0.019617 0.864663
vt 0.021263 0.864571
vt 0.019686 0.867454
vt 0.033660 0.844019
vt 0.032123 0.847437
vt 0.023799 0.865576
vt 0.023218 0.868584
vt 0.036444 0.846327
vt 0.034233 0.849330
vt 0.039303 0.850562
vt 0.035875 0.852203
vt 0.006907 0.855847
vt 0.010898 0.856798
vt 0.039848 0.856709
vt 0.035808 0.857077
vt 0.007150 0.850388
vt 0.011189 0.852704
vt 0.039163 0.862305
vt 0.034548 0.860808
vt 0.010107 0.845771
vt 0.013036 0.848563
vt 0.035608 0.865745
vt 0.031930 0.863435
vt 0.019896 0.847976
vt 0.405506 0.850445
vt 0.397756 0.853537
vt 0.394030 0.848453
vt 0.400680 0.844191
vt 0.022479 0.839727
vt 0.022186 0.842606
vt 0.024899 0.863818
vt 0.027514 0.861357
vt 0.022548 0.862700
vt 0.027834 0.849879
vt 0.023484 0.863603
vt 0.029738 0.853297
vt 0.017249 0.856875
vt 0.029860 0.857865
vt 0.017587 0.853149
vt 0.019454 0.860357
vt 0.363627 0.848610
vt 0.368811 0.847986
vt 0.389872 0.844759
vt 0.395425 0.839213
vt 0.022907 0.846789
vt 0.359924 0.887288
vt 0.355089 0.885734
vt 0.025833 0.848217
vt 0.378206 0.880908
vt 0.372513 0.885341
vt 0.348220 0.857895
vt 0.352284 0.854047
vt 0.365861 0.887545
vt 0.357729 0.850957
vt 0.351176 0.883899
vt 0.363244 0.844437
vt 0.369535 0.843608
vt 0.384145 0.840928
vt 0.388794 0.835207
vt 0.360212 0.893357
vt 0.353986 0.891046
vt 0.373186 0.848784
vt 0.345738 0.862650
vt 0.376726 0.850229
vt 0.344373 0.868035
vt 0.348683 0.880583
vt 0.346766 0.877048
vt 0.380391 0.852497
vt 0.344730 0.872779
vt 0.382704 0.855311
vt 0.384821 0.858880
vt 0.385649 0.862515
vt 0.384654 0.868555
vt 0.383200 0.874795
vt 0.349495 0.850847
vt 0.356556 0.847317
vt 0.367525 0.892435
vt 0.362191 0.839716
vt 0.369881 0.838245
vt 0.377712 0.838288
vt 0.380794 0.831851
vt 0.359594 0.900231
vt 0.351751 0.897374
vt 0.375182 0.843958
vt 0.341760 0.858657
vt 0.344320 0.854257
vt 0.380326 0.845957
vt 0.340487 0.865293
vt 0.384921 0.848583
vt 0.340790 0.872509
vt 0.388232 0.852003
vt 0.342893 0.878888
vt 0.390719 0.856731
vt 0.345875 0.883976
vt 0.391900 0.861131
vt 0.349218 0.888421
vt 0.391755 0.868748
vt 0.389777 0.875869
vt 0.383904 0.883209
vt 0.377420 0.889160
vt 0.400093 0.860363
vt 0.345780 0.893018
vt 0.341211 0.887335
vt 0.399496 0.868656
vt 0.350440 0.902026
vt 0.340031 0.896922
vt 0.398011 0.877020
vt 0.391935 0.885235
vt 0.384684 0.892818
vt 0.340318 0.849158
vt 0.344316 0.846003
vt 0.370135 0.898404
vt 0.353971 0.842549
vt 0.348090 0.908168
vt 0.338603 0.904547
vt 0.370735 0.831145
vt 0.360891 0.832694
vt 0.361772 0.906668
vt 0.337480 0.854409
vt 0.335716 0.862068
vt 0.336172 0.871970
vt 0.338269 0.880440
vt 0.317677 0.962600
vt 0.321187 0.959535
vt 0.321604 0.964011
vt 0.319874 0.965603
vt 0.323208 0.969091
vt 0.324203 0.967932
vt 0.326889 0.971957
vt 0.327656 0.970687
vt 0.334311 0.975988
vt 0.330409 0.974059
vt 0.331312 0.972480
vt 0.335384 0.973834
vt 0.338436 0.977722
vt 0.339598 0.974697
vt 0.341910 0.979008
vt 0.343109 0.975292
vt 0.340436 0.969602
vt 0.343755 0.969841
vt 0.344364 0.963396
vt 0.341825 0.963097
vt 0.343885 0.957104
vt 0.341572 0.957187
vt 0.342464 0.951661
vt 0.340270 0.953032
vt 0.336407 0.971036
vt 0.332537 0.970554
vt 0.328904 0.969198
vt 0.323614 0.963651
vt 0.325680 0.966872
vt 0.323512 0.960744
vt 0.320033 0.953862
vt 0.320232 0.949012
vt 0.320435 0.943716
vt 0.324451 0.955851
vt 0.325383 0.958036
vt 0.327915 0.956644
vt 0.328024 0.954558
vt 0.324440 0.952391
vt 0.324742 0.948472
vt 0.325234 0.943795
vt 0.325223 0.961661
vt 0.325735 0.963940
vt 0.327738 0.966129
vt 0.330619 0.967652
vt 0.333610 0.968316
vt 0.336419 0.968309
vt 0.338882 0.966163
vt 0.339922 0.961801
vt 0.326322 0.959400
vt 0.328208 0.958090
vt 0.330614 0.956649
vt 0.330299 0.957996
vt 0.331448 0.954799
vt 0.333481 0.957688
vt 0.332578 0.958823
vt 0.334482 0.961060
vt 0.336053 0.960458
vt 0.335019 0.956393
vt 0.338255 0.959933
vt 0.328672 0.951921
vt 0.332485 0.952487
vt 0.336189 0.953979
vt 0.339972 0.957056
vt 0.339558 0.953947
vt 0.338962 0.953614
vt 0.338852 0.956362
vt 0.337478 0.963234
vt 0.337894 0.951369
vt 0.339328 0.948438
vt 0.330216 0.944545
vt 0.329521 0.948596
vt 0.335034 0.945971
vt 0.333754 0.949542
vt 0.336293 0.963431
vt 0.334897 0.964012
vt 0.336422 0.965316
vt 0.334540 0.965968
vt 0.327030 0.962283
vt 0.328084 0.963890
vt 0.329871 0.965256
vt 0.332156 0.965988
vt 0.327384 0.960847
vt 0.328651 0.959767
vt 0.330139 0.959690
vt 0.331795 0.960484
vt 0.333031 0.961953
vt 0.333063 0.964317
vt 0.331338 0.964125
vt 0.329847 0.963302
vt 0.328539 0.962094
vt 0.331897 0.962535
vt 0.330855 0.961891
vt 0.329612 0.960988
vt 0.346576 0.976227
vt 0.345518 0.980273
vt 0.320569 0.939390
vt 0.325773 0.939654
vt 0.330855 0.940772
vt 0.336490 0.942265
vt 0.341773 0.944710
vt 0.347419 0.948952
vt 0.348167 0.957198
vt 0.348301 0.963821
vt 0.347689 0.969967
vt 0.238981 0.703569
vt 0.242654 0.701638
vt 0.245947 0.709550
vt 0.424275 0.964399
vt 0.416322 0.969581
vt 0.404571 0.976738
vt 0.410221 0.973198
vt 0.400154 0.979861
vt 0.388964 0.987141
vt 0.388638 0.990655
vt 0.384199 0.990342
vt 0.385246 0.986562
vt 0.380227 0.989634
vt 0.381455 0.985630
vt 0.376916 0.988711
vt 0.378265 0.984597
vt 0.373736 0.987632
vt 0.375371 0.983526
vt 0.252810 0.762442
vt 0.248828 0.766239
vt 0.250805 0.760527
vt 0.248855 0.758313
vt 0.037171 0.809981
vt 0.039282 0.808971
vt 0.040446 0.814666
vt 0.039963 0.815673
vt 0.044780 0.818019
vt 0.044290 0.819756
vt 0.048536 0.821316
vt 0.048060 0.822975
vt 0.053870 0.825736
vt 0.054486 0.823876
vt 0.056019 0.819005
vt 0.055788 0.820374
vt 0.052018 0.819327
vt 0.052000 0.818236
vt 0.050554 0.816005
vt 0.055214 0.816128
vt 0.047740 0.813417
vt 0.043066 0.807065
vt 0.043337 0.807743
vt 0.040428 0.809975
vt 0.047210 0.812775
vt 0.046180 0.808986
vt 0.047267 0.808931
vt 0.041286 0.813317
vt 0.044274 0.815125
vt 0.067541 0.911191
vt 0.070932 0.918078
vt 0.068328 0.919963
vt 0.062872 0.914162
vt 0.083629 0.915958
vt 0.079741 0.919807
vt 0.076842 0.918188
vt 0.078660 0.913357
vt 0.066529 0.922852
vt 0.060573 0.919254
vt 0.073267 0.911191
vt 0.073871 0.917525
vt 0.088395 0.918888
vt 0.082217 0.922271
vt 0.078934 0.924564
vt 0.077477 0.923260
vt 0.075838 0.922466
vt 0.074187 0.921991
vt 0.072500 0.922116
vt 0.071008 0.923047
vt 0.070052 0.924709
vt 0.076011 0.924890
vt 0.075188 0.924463
vt 0.072951 0.924843
vt 0.072532 0.925534
vt 0.074379 0.924267
vt 0.073724 0.924407
vt 0.076603 0.925836
vt 0.073803 0.924614
vt 0.075051 0.925382
vt 0.074080 0.925890
vt 0.073430 0.925422
vt 0.053480 0.827924
vt 0.046922 0.825994
vt 0.042304 0.823277
vt 0.039017 0.818115
vt 0.034422 0.812065
vt 0.044613 0.770646
vt 0.038535 0.770146
vt 0.036136 0.799454
vt 0.041208 0.798709
vt 0.042375 0.803519
vt 0.037959 0.804714
vt 0.045309 0.778959
vt 0.045888 0.786472
vt 0.039764 0.787011
vt 0.039159 0.779078
vt 0.035692 0.805949
vt 0.032975 0.799891
vt 0.047551 0.803017
vt 0.051552 0.803050
vt 0.051235 0.810987
vt 0.053254 0.830744
vt 0.053391 0.833764
vt 0.045827 0.831809
vt 0.046076 0.828905
vt 0.039730 0.829312
vt 0.041030 0.826247
vt 0.036517 0.820475
vt 0.034528 0.822380
vt 0.032672 0.813878
vt 0.030576 0.815508
vt 0.032594 0.807304
vt 0.029997 0.808352
vt 0.028036 0.809701
vt 0.030089 0.800472
vt 0.031814 0.792004
vt 0.028253 0.793494
vt 0.031372 0.785186
vt 0.027350 0.786465
vt 0.031246 0.778195
vt 0.027061 0.779605
vt 0.030509 0.769061
vt 0.026815 0.770617
vt 0.029718 0.760686
vt 0.026246 0.761593
vt 0.030816 0.755675
vt 0.025464 0.755418
vt 0.027430 0.801101
vt 0.025656 0.794448
vt 0.024476 0.787324
vt 0.023718 0.780271
vt 0.023316 0.771453
vt 0.021985 0.762303
vt 0.020125 0.756435
vt 0.025609 0.801785
vt 0.023275 0.795041
vt 0.021159 0.787327
vt 0.019526 0.780210
vt 0.018450 0.771190
vt 0.015836 0.763217
vt 0.013327 0.757218
vt 0.035593 0.748651
vt 0.030215 0.748427
vt 0.024236 0.748835
vt 0.017786 0.750203
vt 0.011857 0.751657
vt 0.353713 0.978047
vt 0.356446 0.979101
vt 0.355150 0.983428
vt 0.353082 0.982593
vt 0.359753 0.973757
vt 0.356456 0.972170
vt 0.362585 0.969239
vt 0.359337 0.966037
vt 0.368358 0.965123
vt 0.365635 0.962444
vt 0.371242 0.958630
vt 0.374017 0.961517
vt 0.378387 0.958181
vt 0.375948 0.954933
vt 0.383567 0.953389
vt 0.380708 0.950330
vt 0.387323 0.948544
vt 0.384546 0.945213
vt 0.391317 0.942766
vt 0.388065 0.939741
vt 0.394481 0.937100
vt 0.391414 0.934192
vt 0.398258 0.929937
vt 0.394978 0.927083
vt 0.401600 0.923288
vt 0.398697 0.920161
vt 0.405030 0.918871
vt 0.402755 0.914743
vt 0.407536 0.910707
vt 0.408922 0.915966
vt 0.035243 0.793292
vt 0.047980 0.756827
vt 0.048524 0.762768
vt 0.049396 0.770650
vt 0.053282 0.762832
vt 0.053722 0.770541
vt 0.041255 0.749424
vt 0.050691 0.792053
vt 0.046267 0.792494
vt 0.050544 0.785718
vt 0.053653 0.756655
vt 0.049938 0.778568
vt 0.047395 0.750506
vt 0.046862 0.797997
vt 0.051206 0.797971
vt 0.054744 0.785141
vt 0.054868 0.791709
vt 0.054348 0.778105
vt 0.053303 0.750757
vt 0.054850 0.797576
vt 0.032987 0.761289
vt 0.053245 0.744670
vt 0.053498 0.738986
vt 0.053195 0.725003
vt 0.046904 0.744661
vt 0.047428 0.739496
vt 0.046259 0.728645
vt 0.040764 0.743767
vt 0.035135 0.741971
vt 0.029938 0.742340
vt 0.024451 0.743858
vt 0.017085 0.746159
vt 0.010878 0.748598
vt 0.412207 0.909532
vt 0.411417 0.915036
vt 0.041461 0.739368
vt 0.040925 0.731796
vt 0.038440 0.738282
vt 0.036082 0.732642
vt 0.032607 0.737564
vt 0.028728 0.739488
vt 0.024929 0.742273
vt 0.017071 0.744328
vt 0.010391 0.745728
vt 0.416549 0.910866
vt 0.413757 0.915589
vt 0.238559 0.746497
vt 0.236463 0.742428
vt 0.239010 0.741029
vt 0.240717 0.745074
vt 0.233936 0.738114
vt 0.237064 0.736631
vt 0.242642 0.743771
vt 0.243867 0.746188
vt 0.242757 0.748097
vt 0.241848 0.739936
vt 0.240782 0.749871
vt 0.244718 0.749757
vt 0.242582 0.751922
vt 0.244755 0.739447
vt 0.244544 0.743706
vt 0.246658 0.746745
vt 0.240321 0.735272
vt 0.236222 0.704950
vt 0.243734 0.733909
vt 0.248676 0.732543
vt 0.250955 0.738986
vt 0.251751 0.743665
vt 0.250167 0.747899
vt 0.249846 0.745593
vt 0.250917 0.742914
vt 0.246985 0.746006
vt 0.245007 0.743756
vt 0.245988 0.740921
vt 0.249164 0.740421
vt 0.055135 0.890570
vt 0.055135 0.895663
vt 0.050362 0.895669
vt 0.050568 0.892325
vt 0.053804 0.900583
vt 0.048910 0.898722
vt 0.051625 0.905130
vt 0.048311 0.909046
vt 0.044893 0.904357
vt 0.046960 0.901630
vt 0.053167 0.885884
vt 0.049017 0.889321
vt 0.046248 0.887365
vt 0.049360 0.882516
vt 0.044109 0.897267
vt 0.044688 0.895590
vt 0.041992 0.900260
vt 0.043235 0.898834
vt 0.044784 0.893813
vt 0.044123 0.892144
vt 0.042728 0.890898
vt 0.041150 0.895444
vt 0.041141 0.894849
vt 0.040652 0.896432
vt 0.040958 0.895943
vt 0.040928 0.894365
vt 0.040549 0.894116
vt 0.040342 0.896734
vt 0.040385 0.896002
vt 0.040702 0.895050
vt 0.040113 0.895670
vt 0.040205 0.895231
vt 0.246406 0.750889
vt 0.247279 0.748784
vt 0.253246 0.749056
vt 0.252023 0.753927
vt 0.249399 0.752522
vt 0.247452 0.756659
vt 0.255027 0.744202
vt 0.254744 0.737747
vt 0.226932 0.676641
vt 0.227512 0.678961
vt 0.222760 0.680813
vt 0.222866 0.678082
vt 0.231867 0.677137
vt 0.233813 0.682195
vt 0.236436 0.687433
vt 0.239827 0.695229
vt 0.247944 0.698627
vt 0.250769 0.706766
vt 0.249443 0.717792
vt 0.251944 0.725429
vt 0.247492 0.726026
vt 0.253087 0.731421
vt 0.253923 0.755619
vt 0.256155 0.750064
vt 0.257142 0.744218
vt 0.256315 0.757009
vt 0.258492 0.750951
vt 0.259939 0.744491
vt 0.256769 0.737049
vt 0.255853 0.730208
vt 0.255066 0.724552
vt 0.253203 0.716155
vt 0.250386 0.696297
vt 0.253729 0.705451
vt 0.245467 0.690639
vt 0.243155 0.682732
vt 0.241195 0.677627
vt 0.259568 0.736441
vt 0.258842 0.729279
vt 0.257745 0.723242
vt 0.255956 0.714935
vt 0.405122 0.945408
vt 0.409764 0.938660
vt 0.415255 0.940275
vt 0.409977 0.947213
vt 0.248781 0.688032
vt 0.247210 0.680394
vt 0.238954 0.673081
vt 0.245512 0.674237
vt 0.244731 0.670594
vt 0.231029 0.674335
vt 0.237670 0.670701
vt 0.243549 0.666727
vt 0.421238 0.915013
vt 0.415463 0.918378
vt 0.422557 0.920458
vt 0.416051 0.921452
vt 0.422041 0.926832
vt 0.415772 0.926789
vt 0.419418 0.933293
vt 0.413424 0.932800
vt 0.415869 0.948721
vt 0.421807 0.941653
vt 0.240750 0.728440
vt 0.237595 0.730593
vt 0.234448 0.724132
vt 0.404078 0.953259
vt 0.399687 0.951529
vt 0.398589 0.958322
vt 0.394476 0.956490
vt 0.394369 0.962436
vt 0.390829 0.960182
vt 0.389967 0.966733
vt 0.386678 0.964496
vt 0.385855 0.971303
vt 0.383040 0.969974
vt 0.382603 0.975946
vt 0.380206 0.974386
vt 0.380420 0.979923
vt 0.377638 0.978840
vt 0.349088 0.981455
vt 0.350091 0.976963
vt 0.352100 0.970839
vt 0.353821 0.965052
vt 0.400260 0.910220
vt 0.406696 0.905458
vt 0.413677 0.903738
vt 0.421880 0.905239
vt 0.428466 0.910487
vt 0.430502 0.917968
vt 0.429684 0.925817
vt 0.426766 0.933603
vt 0.429419 0.943427
vt 0.422607 0.950767
vt 0.409283 0.955031
vt 0.403338 0.960402
vt 0.398605 0.964832
vt 0.383700 0.981199
vt 0.385957 0.977289
vt 0.389087 0.973181
vt 0.393716 0.969110
vt 0.390363 0.983020
vt 0.393168 0.984350
vt 0.392979 0.987516
vt 0.392824 0.990498
vt 0.387159 0.982123
vt 0.389273 0.978407
vt 0.395478 0.915763
vt 0.390716 0.922454
vt 0.386664 0.929363
vt 0.383104 0.935254
vt 0.379654 0.940659
vt 0.375850 0.945605
vt 0.371819 0.950116
vt 0.367745 0.954306
vt 0.363078 0.958047
vt 0.358318 0.960504
vt 0.353128 0.958482
vt 0.392639 0.974935
vt 0.397291 0.970942
vt 0.402425 0.966870
vt 0.407687 0.962803
vt 0.414792 0.957282
vt 0.436917 0.945612
vt 0.428558 0.953438
vt 0.210421 0.740192
vt 0.435563 0.934117
vt 0.439892 0.924758
vt 0.441893 0.914105
vt 0.393603 0.979711
vt 0.396959 0.976951
vt 0.401518 0.973161
vt 0.406997 0.969515
vt 0.412870 0.965260
vt 0.419848 0.960214
vt 0.446050 0.935856
vt 0.452805 0.925574
vt 0.396389 0.982479
vt 0.397560 0.986349
vt 0.397895 0.989873
vt 0.204919 0.734107
vt 0.199603 0.728520
vt 0.453964 0.941328
vt 0.463266 0.931455
vt 0.443670 0.889433
vt 0.457999 0.887079
vt 0.455723 0.901413
vt 0.439302 0.903482
vt 0.454390 0.913760
vt 0.431785 0.878559
vt 0.445058 0.875228
vt 0.429845 0.889154
vt 0.426484 0.898696
vt 0.414750 0.897675
vt 0.405496 0.900244
vt 0.397970 0.905923
vt 0.391829 0.911831
vt 0.386671 0.918069
vt 0.382012 0.924558
vt 0.377945 0.930334
vt 0.374337 0.935369
vt 0.370591 0.940131
vt 0.366728 0.944320
vt 0.363114 0.948891
vt 0.359945 0.952696
vt 0.356992 0.955186
vt 0.352575 0.952251
vt 0.471986 0.881602
vt 0.469428 0.901344
vt 0.456044 0.827931
vt 0.449137 0.838468
vt 0.441436 0.829291
vt 0.431724 0.823802
vt 0.421320 0.819212
vt 0.410071 0.815050
vt 0.398766 0.810561
vt 0.386889 0.806259
vt 0.374130 0.804295
vt 0.355122 0.947742
vt 0.350180 0.944044
vt 0.344509 0.940381
vt 0.338006 0.937277
vt 0.331730 0.935418
vt 0.326035 0.934147
vt 0.320692 0.933589
vt 0.321002 0.927465
vt 0.326410 0.927961
vt 0.332425 0.929224
vt 0.339531 0.931712
vt 0.346930 0.935187
vt 0.352792 0.939073
vt 0.357992 0.943445
vt 0.466092 0.917223
vt 0.458155 0.868824
vt 0.454696 0.853060
vt 0.444803 0.861374
vt 0.361199 0.938815
vt 0.355872 0.934212
vt 0.349228 0.929620
vt 0.341090 0.925482
vt 0.333856 0.922882
vt 0.327010 0.921194
vt 0.321189 0.920298
vt 0.321602 0.913523
vt 0.322099 0.900623
vt 0.321755 0.907257
vt 0.321906 0.894205
vt 0.321010 0.886105
vt 0.319748 0.876422
vt 0.319350 0.866041
vt 0.319659 0.855790
vt 0.320722 0.845936
vt 0.322768 0.834958
vt 0.323846 0.811460
vt 0.324060 0.823370
vt 0.331552 0.811729
vt 0.331644 0.822944
vt 0.330913 0.834179
vt 0.326820 0.846813
vt 0.325462 0.857047
vt 0.324300 0.866922
vt 0.325497 0.877421
vt 0.327569 0.887686
vt 0.329853 0.895417
vt 0.329798 0.901783
vt 0.329384 0.908144
vt 0.328118 0.914279
vt 0.340042 0.812581
vt 0.385146 0.812086
vt 0.396478 0.816633
vt 0.406179 0.821910
vt 0.415546 0.826976
vt 0.424902 0.833630
vt 0.433616 0.840695
vt 0.440710 0.849250
vt 0.330504 0.859692
vt 0.332592 0.851172
vt 0.330147 0.869454
vt 0.332431 0.879375
vt 0.334660 0.889121
vt 0.335223 0.843483
vt 0.340734 0.839160
vt 0.350427 0.835777
vt 0.340310 0.830442
vt 0.340518 0.822023
vt 0.372187 0.824383
vt 0.383886 0.819134
vt 0.382802 0.825319
vt 0.394087 0.823442
vt 0.392203 0.829286
vt 0.402460 0.828038
vt 0.399476 0.833960
vt 0.410116 0.833588
vt 0.405767 0.839465
vt 0.417647 0.840641
vt 0.411271 0.846062
vt 0.424758 0.848731
vt 0.417120 0.853956
vt 0.408801 0.858541
vt 0.430005 0.857235
vt 0.420613 0.862985
vt 0.410229 0.867171
vt 0.432280 0.868317
vt 0.420805 0.872540
vt 0.409339 0.876217
vt 0.419217 0.881272
vt 0.405190 0.886485
vt 0.416983 0.889939
vt 0.405296 0.893699
vt 0.392366 0.896090
vt 0.395878 0.900857
vt 0.358458 0.912584
vt 0.371841 0.903939
vt 0.379765 0.900268
vt 0.383728 0.903741
vt 0.388186 0.908039
vt 0.364758 0.934573
vt 0.368492 0.929612
vt 0.372253 0.924658
vt 0.376503 0.919265
vt 0.382096 0.913583
vt 0.376830 0.909113
vt 0.370903 0.913781
vt 0.358973 0.928973
vt 0.362510 0.923427
vt 0.366256 0.918296
vt 0.337244 0.910454
vt 0.345825 0.913622
vt 0.355091 0.917588
vt 0.335351 0.916326
vt 0.343378 0.919449
vt 0.351967 0.923971
vt 0.198900 0.679101
vt 0.199688 0.681602
vt 0.247943 0.749052
vt 0.245086 0.754259
vt 0.247152 0.751480
vt 0.244358 0.753535
vt 0.234124 0.732381
vt 0.230881 0.726160
vt 0.230699 0.716263
vt 0.231412 0.707506
vt 0.227797 0.710124
vt 0.228923 0.700261
vt 0.225276 0.702996
vt 0.226381 0.692808
vt 0.222779 0.695396
vt 0.224344 0.686188
vt 0.219618 0.688480
vt 0.206599 0.678111
vt 0.206758 0.680508
vt 0.212909 0.678797
vt 0.212478 0.680427
vt 0.217410 0.680778
vt 0.217700 0.682766
vt 0.245097 0.727156
vt 0.203599 0.687746
vt 0.208125 0.694508
vt 0.231157 0.734102
vt 0.227710 0.728060
vt 0.194143 0.722907
vt 0.227153 0.718623
vt 0.223476 0.712344
vt 0.220114 0.705703
vt 0.217135 0.699002
vt 0.213080 0.691354
vt 0.223347 0.720840
vt 0.219680 0.714749
vt 0.215990 0.708233
vt 0.212516 0.701912
vt 0.209133 0.685454
vt 0.246094 0.730014
vt 0.391872 0.395835
vt 0.411712 0.395210
vt 0.391890 0.447245
vt 0.391839 0.462313
vt 0.392350 0.475722
vt 0.393340 0.487743
vt 0.393904 0.501337
vt 0.394603 0.513543
vt 0.486223 0.532918
vt 0.484152 0.519828
vt 0.507358 0.520218
vt 0.510023 0.535677
vt 0.528245 0.577251
vt 0.520488 0.589236
vt 0.494458 0.590665
vt 0.503298 0.576680
vt 0.392177 0.575607
vt 0.390903 0.590012
vt 0.612755 0.629778
vt 0.598971 0.640845
vt 0.585113 0.628255
vt 0.596913 0.616974
vt 0.476118 0.387062
vt 0.411505 0.447811
vt 0.412374 0.462779
vt 0.413583 0.475965
vt 0.414381 0.488554
vt 0.415183 0.502492
vt 0.416427 0.515068
vt 0.394565 0.525944
vt 0.511004 0.601782
vt 0.484221 0.605377
vt 0.533199 0.565546
vt 0.509158 0.563060
vt 0.617438 0.591415
vt 0.609132 0.604278
vt 0.590718 0.591973
vt 0.598285 0.580700
vt 0.480602 0.459221
vt 0.480331 0.443796
vt 0.503589 0.439783
vt 0.504107 0.456483
vt 0.481406 0.491168
vt 0.480516 0.476222
vt 0.504632 0.473447
vt 0.505528 0.490345
vt 0.482608 0.505307
vt 0.506234 0.505711
vt 0.531877 0.521680
vt 0.534006 0.537417
vt 0.392884 0.562954
vt 0.393784 0.550440
vt 0.625607 0.617603
vt 0.523715 0.435305
vt 0.524805 0.452383
vt 0.526129 0.470790
vt 0.527249 0.488917
vt 0.500013 0.404268
vt 0.520477 0.399425
vt 0.478033 0.407414
vt 0.391115 0.413695
vt 0.411623 0.413387
vt 0.598411 0.376179
vt 0.578751 0.382399
vt 0.625032 0.480120
vt 0.630871 0.494867
vt 0.616297 0.504647
vt 0.608436 0.488501
vt 0.798615 0.641658
vt 0.786557 0.634001
vt 0.793535 0.621072
vt 0.805753 0.627913
vt 0.617996 0.369717
vt 0.639672 0.362240
vt 0.560198 0.388394
vt 0.540322 0.394405
vt 0.674427 0.588353
vt 0.661780 0.602385
vt 0.647107 0.592376
vt 0.659284 0.578557
vt 0.604646 0.568285
vt 0.613643 0.555789
vt 0.637237 0.567462
vt 0.626443 0.579660
vt 0.528934 0.506420
vt 0.700507 0.339785
vt 0.679222 0.347859
vt 0.723320 0.404982
vt 0.710928 0.409399
vt 0.703172 0.395673
vt 0.718667 0.390761
vt 0.728698 0.485946
vt 0.717360 0.483025
vt 0.719760 0.468601
vt 0.732206 0.471252
vt 0.721886 0.515377
vt 0.709475 0.512096
vt 0.713799 0.498164
vt 0.725203 0.500901
vt 0.710947 0.540596
vt 0.698703 0.532198
vt 0.811747 0.647457
vt 0.817994 0.633559
vt 0.826456 0.651525
vt 0.830664 0.637346
vt 0.603629 0.412204
vt 0.602357 0.431160
vt 0.583361 0.437229
vt 0.583775 0.417709
vt 0.563755 0.405805
vt 0.565052 0.423128
vt 0.544771 0.428925
vt 0.543070 0.411872
vt 0.545425 0.447546
vt 0.564977 0.442544
vt 0.565846 0.461904
vt 0.546393 0.466474
vt 0.603014 0.395638
vt 0.582891 0.400528
vt 0.967798 0.376686
vt 0.967671 0.377186
vt 0.965114 0.377276
vt 0.965610 0.375662
vt 0.567667 0.482954
vt 0.571693 0.504349
vt 0.550544 0.506751
vt 0.547582 0.486536
vt 0.669779 0.389827
vt 0.692521 0.383453
vt 0.689937 0.398910
vt 0.895164 0.637507
vt 0.907104 0.638252
vt 0.906753 0.642044
vt 0.894752 0.642059
vt 0.882993 0.637157
vt 0.882249 0.643193
vt 0.869533 0.645483
vt 0.870275 0.637524
vt 0.618508 0.447614
vt 0.602897 0.451117
vt 0.619622 0.428507
vt 0.584798 0.456639
vt 0.605420 0.469731
vt 0.587544 0.477289
vt 0.578479 0.524352
vt 0.555043 0.524251
vt 0.651861 0.553822
vt 0.668920 0.540545
vt 0.686918 0.547886
vt 0.673261 0.563713
vt 0.842449 0.650635
vt 0.843888 0.638577
vt 0.857009 0.638528
vt 0.856417 0.649556
vt 0.650072 0.615358
vt 0.636854 0.605171
vt 0.597387 0.516927
vt 0.591345 0.498606
vt 0.559731 0.540615
vt 0.464502 0.603442
vt 0.460294 0.621004
vt 0.443530 0.614810
vt 0.445852 0.600365
vt 0.609359 0.651418
vt 0.597891 0.660738
vt 0.587437 0.649805
vt 0.569956 0.617957
vt 0.560679 0.629009
vt 0.544940 0.620029
vt 0.553461 0.610004
vt 0.426850 0.595988
vt 0.423719 0.610982
vt 0.406845 0.608022
vt 0.409049 0.592803
vt 0.579978 0.605303
vt 0.388972 0.605021
vt 0.499782 0.615362
vt 0.476731 0.619562
vt 0.608793 0.533161
vt 0.588127 0.542017
vt 0.574457 0.639594
vt 0.713547 0.376184
vt 0.551335 0.580124
vt 0.543625 0.590647
vt 0.534635 0.603431
vt 0.572215 0.584872
vt 0.562703 0.597396
vt 0.470886 0.588667
vt 0.477495 0.574221
vt 0.482764 0.559481
vt 0.557493 0.568653
vt 0.579331 0.572785
vt 0.629793 0.519743
vt 0.645815 0.509900
vt 0.648591 0.402085
vt 0.647131 0.397776
vt 0.666283 0.398747
vt 0.682386 0.404205
vt 0.644430 0.381664
vt 0.664807 0.374448
vt 0.659528 0.355436
vt 0.416564 0.528155
vt 0.732338 0.543420
vt 0.736118 0.542930
vt 0.740500 0.557005
vt 0.736349 0.558620
vt 0.741752 0.574753
vt 0.745521 0.572777
vt 0.687272 0.572978
vt 0.699509 0.556655
vt 0.628530 0.543469
vt 0.647554 0.530910
vt 0.624787 0.408826
vt 0.621435 0.463880
vt 0.524436 0.614179
vt 0.685533 0.367110
vt 0.522835 0.418061
vt 0.707676 0.359286
vt 0.622622 0.389923
vt 0.391348 0.431225
vt 0.411418 0.431669
vt 0.479087 0.426001
vt 0.502008 0.422547
vt 0.344897 0.687799
vt 0.353853 0.696055
vt 0.487680 0.835957
vt 0.492568 0.860915
vt 0.480164 0.857427
vt 0.472101 0.833897
vt 0.463467 0.819880
vt 0.479259 0.815248
vt 0.468833 0.799690
vt 0.491753 0.907325
vt 0.487737 0.926542
vt 0.477505 0.923021
vt 0.480432 0.904412
vt 0.482975 0.882544
vt 0.494797 0.885341
vt 0.458427 0.792790
vt 0.441420 0.628111
vt 0.460824 0.640134
vt 0.454124 0.648489
vt 0.441292 0.637685
vt 0.421449 0.625052
vt 0.425425 0.634066
vt 0.404462 0.622290
vt 0.410813 0.635432
vt 0.355147 0.669617
vt 0.365238 0.684004
vt 0.563789 0.648485
vt 0.551158 0.638033
vt 0.534906 0.628795
vt 0.514281 0.625109
vt 0.491910 0.625733
vt 0.473717 0.631651
vt 0.585002 0.672026
vt 0.574305 0.658585
vt 0.331412 0.683735
vt 0.334253 0.667575
vt 0.026583 0.034850
vt 0.041093 0.026113
vt 0.387226 0.618830
vt 0.058783 0.020429
vt 0.470687 0.965132
vt 0.472755 0.943430
vt 0.486401 0.944182
vt 0.484215 0.964987
vt 0.433102 0.412288
vt 0.431937 0.430969
vt 0.432668 0.393782
vt 0.436546 0.503529
vt 0.436848 0.516118
vt 0.435315 0.489113
vt 0.434386 0.476702
vt 0.432144 0.446793
vt 0.432865 0.462548
vt 0.437112 0.530005
vt 0.454486 0.429176
vt 0.454266 0.410062
vt 0.665189 0.518753
vt 0.454428 0.391077
vt 0.459987 0.517611
vt 0.459360 0.504070
vt 0.457355 0.490168
vt 0.456627 0.476857
vt 0.455997 0.462144
vt 0.455058 0.445719
vt 0.460901 0.531416
vt 0.968352 0.377787
vt 0.967861 0.377620
vt 0.967971 0.377103
vt 0.968517 0.377289
vt 0.965044 0.380882
vt 0.967066 0.382145
vt 0.978845 0.385552
vt 0.979177 0.385217
vt 0.979620 0.385537
vt 0.979251 0.385917
vt 0.976906 0.389363
vt 0.975465 0.387938
vt 0.980172 0.385860
vt 0.981202 0.387793
vt 0.979951 0.388303
vt 0.979711 0.385996
vt 0.978770 0.385160
vt 0.976702 0.384741
vt 0.990224 0.406359
vt 0.990806 0.406135
vt 0.991050 0.406636
vt 0.990494 0.406849
vt 0.982190 0.389813
vt 0.976851 0.391870
vt 0.076687 0.486820
vt 0.074665 0.486813
vt 0.072732 0.485553
vt 0.079017 0.484832
vt 0.973702 0.388427
vt 0.975830 0.383276
vt 0.969673 0.386617
vt 0.973119 0.382148
vt 0.971804 0.398545
vt 0.967955 0.395603
vt 0.964822 0.393123
vt 0.959643 0.406017
vt 0.963803 0.401161
vt 0.967173 0.404413
vt 0.962954 0.408677
vt 0.089695 0.440168
vt 0.092878 0.445868
vt 0.083030 0.449298
vt 0.080492 0.445575
vt 0.960484 0.398844
vt 0.970452 0.406935
vt 0.966595 0.411360
vt 0.077054 0.452775
vt 0.080423 0.455729
vt 0.069642 0.459279
vt 0.069676 0.455038
vt 0.979912 0.398233
vt 0.984650 0.396211
vt 0.975313 0.402093
vt 0.975257 0.424066
vt 0.976728 0.418688
vt 0.982842 0.419118
vt 0.982772 0.425575
vt 0.983556 0.406222
vt 0.989230 0.402890
vt 0.978582 0.408994
vt 0.974922 0.411617
vt 0.968190 0.419705
vt 0.962847 0.415697
vt 0.971158 0.415362
vt 0.069455 0.483868
vt 0.069707 0.480517
vt 0.073497 0.480560
vt 0.956365 0.410462
vt 0.953442 0.407389
vt 0.956978 0.403205
vt 0.949852 0.413929
vt 0.954396 0.412935
vt 0.959756 0.412946
vt 0.957705 0.415649
vt 0.958983 0.420367
vt 0.086684 0.469935
vt 0.084377 0.478933
vt 0.080289 0.476810
vt 0.081813 0.470003
vt 0.077813 0.481485
vt 0.073702 0.475788
vt 0.070168 0.475450
vt 0.073736 0.471283
vt 0.070151 0.470933
vt 0.990552 0.409026
vt 0.990925 0.407050
vt 0.991360 0.407140
vt 0.991641 0.408986
vt 0.987329 0.408757
vt 0.986359 0.406681
vt 0.989151 0.404425
vt 0.990449 0.405888
vt 0.986436 0.411043
vt 0.992002 0.410851
vt 0.091647 0.469049
vt 0.089903 0.470903
vt 0.088207 0.471023
vt 0.993634 0.418378
vt 0.988022 0.418673
vt 0.073094 0.466577
vt 0.072991 0.462286
vt 0.077889 0.461422
vt 0.080484 0.464788
vt 0.084019 0.462710
vt 0.069995 0.466205
vt 0.088516 0.464630
vt 0.091123 0.464681
vt 0.086867 0.461443
vt 0.085832 0.456388
vt 0.092811 0.460227
vt 0.092885 0.454371
vt 0.085732 0.451896
vt 0.091086 0.450051
vt 0.096561 0.462069
vt 0.097662 0.453845
vt 0.994249 0.425674
vt 0.988655 0.425980
vt 0.988907 0.432904
vt 0.995866 0.433826
vt 0.981732 0.413342
vt 0.978311 0.415126
vt 0.982184 0.431300
vt 0.069668 0.450134
vt 0.073943 0.448944
vt 0.077966 0.440555
vt 0.084652 0.438195
vt 0.069868 0.440085
vt 0.070183 0.429391
vt 0.077830 0.430531
vt 0.994457 0.439754
vt 0.987991 0.439167
vt 0.084009 0.433098
vt 0.088467 0.428833
vt 0.990782 0.449914
vt 0.985472 0.444973
vt 0.980701 0.436505
vt 0.978274 0.441473
vt 0.079316 0.425498
vt 0.070478 0.424212
vt 0.886740 0.382672
vt 0.878688 0.381491
vt 0.880273 0.375946
vt 0.888062 0.377670
vt 0.871688 0.381792
vt 0.871508 0.374744
vt 0.864700 0.382991
vt 0.866434 0.375848
vt 0.980162 0.449452
vt 0.974921 0.445486
vt 0.973697 0.428946
vt 0.966082 0.424347
vt 0.973102 0.433059
vt 0.963957 0.428262
vt 0.956250 0.424354
vt 0.970455 0.437724
vt 0.961726 0.431954
vt 0.953915 0.428070
vt 0.947535 0.417028
vt 0.944607 0.421831
vt 0.967527 0.441653
vt 0.958798 0.436458
vt 0.951508 0.431507
vt 0.942705 0.425643
vt 0.968802 0.377698
vt 0.969961 0.379751
vt 0.944267 0.371281
vt 0.943825 0.371284
vt 0.943805 0.370649
vt 0.944267 0.370602
vt 0.962896 0.376234
vt 0.961651 0.381038
vt 0.062561 0.485779
vt 0.059711 0.484707
vt 0.066859 0.485040
vt 0.064767 0.485807
vt 0.971462 0.380645
vt 0.967641 0.384649
vt 0.962044 0.391039
vt 0.957374 0.387920
vt 0.954571 0.401477
vt 0.951611 0.399585
vt 0.954243 0.394433
vt 0.957828 0.396831
vt 0.049896 0.440759
vt 0.058181 0.446787
vt 0.055032 0.450766
vt 0.046783 0.447231
vt 0.947547 0.397362
vt 0.950144 0.391856
vt 0.062609 0.452540
vt 0.057481 0.456272
vt 0.954888 0.380076
vt 0.956169 0.375297
vt 0.952788 0.385404
vt 0.932255 0.393127
vt 0.929200 0.387052
vt 0.934957 0.384605
vt 0.936334 0.389724
vt 0.946679 0.378334
vt 0.948488 0.372056
vt 0.945261 0.383281
vt 0.943446 0.389060
vt 0.937519 0.398249
vt 0.941068 0.393757
vt 0.944122 0.401415
vt 0.064950 0.481111
vt 0.951389 0.405637
vt 0.948852 0.408709
vt 0.948259 0.403627
vt 0.945773 0.406036
vt 0.940955 0.406698
vt 0.052983 0.468746
vt 0.058351 0.470971
vt 0.059047 0.476715
vt 0.054697 0.478246
vt 0.061319 0.481267
vt 0.065756 0.475763
vt 0.065759 0.471473
vt 0.941396 0.372240
vt 0.941091 0.370790
vt 0.943205 0.370571
vt 0.943365 0.370953
vt 0.942914 0.375539
vt 0.945204 0.375435
vt 0.944719 0.370913
vt 0.946589 0.371749
vt 0.941401 0.377411
vt 0.938989 0.372681
vt 0.050680 0.468679
vt 0.048924 0.468362
vt 0.046459 0.466740
vt 0.933450 0.378396
vt 0.933000 0.374383
vt 0.065974 0.466390
vt 0.059148 0.465817
vt 0.060294 0.461698
vt 0.065970 0.462466
vt 0.055165 0.463799
vt 0.048600 0.464757
vt 0.050828 0.465561
vt 0.051974 0.461668
vt 0.052661 0.456893
vt 0.047204 0.459845
vt 0.046759 0.455684
vt 0.048508 0.451784
vt 0.052149 0.453205
vt 0.042485 0.460801
vt 0.041918 0.453853
vt 0.927552 0.380028
vt 0.927206 0.375909
vt 0.921577 0.382439
vt 0.919951 0.376667
vt 0.940531 0.382409
vt 0.939188 0.387044
vt 0.924587 0.389816
vt 0.064483 0.447887
vt 0.061948 0.440738
vt 0.055866 0.439590
vt 0.061342 0.429979
vt 0.915652 0.385018
vt 0.913750 0.378285
vt 0.051327 0.429959
vt 0.056071 0.433896
vt 0.909851 0.388145
vt 0.905245 0.382686
vt 0.919681 0.393017
vt 0.915244 0.395768
vt 0.060804 0.424862
vt 0.896011 0.380720
vt 0.893960 0.385320
vt 0.900097 0.388426
vt 0.906424 0.394371
vt 0.912317 0.401826
vt 0.928259 0.396433
vt 0.934442 0.401955
vt 0.924873 0.400230
vt 0.931290 0.405850
vt 0.938056 0.410715
vt 0.922031 0.403154
vt 0.928700 0.409967
vt 0.936408 0.415538
vt 0.917900 0.408689
vt 0.925964 0.415048
vt 0.934147 0.420768
vt 0.915954 0.414241
vt 0.909428 0.408272
vt 0.903397 0.402507
vt 0.939662 0.431227
vt 0.931623 0.425881
vt 0.923628 0.420228
vt 0.969454 0.449909
vt 0.962797 0.446092
vt 0.974795 0.453745
vt 0.955199 0.441558
vt 0.870879 0.389790
vt 0.864490 0.389808
vt 0.897173 0.397808
vt 0.947694 0.436554
vt 0.890700 0.394531
vt 0.877154 0.390484
vt 0.883853 0.392057
vt 0.950647 0.447265
vt 0.943455 0.442533
vt 0.928363 0.432494
vt 0.920818 0.427227
vt 0.935887 0.437527
vt 0.899977 0.411761
vt 0.893663 0.407693
vt 0.874400 0.399906
vt 0.868796 0.398457
vt 0.887061 0.404466
vt 0.880432 0.401847
vt 0.865241 0.408092
vt 0.859634 0.406048
vt 0.862798 0.397380
vt 0.906311 0.416528
vt 0.913242 0.421765
vt 0.957479 0.451439
vt 0.902393 0.426808
vt 0.895723 0.422593
vt 0.909579 0.431461
vt 0.951346 0.458211
vt 0.945050 0.454424
vt 0.917017 0.436374
vt 0.938274 0.450161
vt 0.924122 0.441122
vt 0.931166 0.445616
vt 0.963564 0.455031
vt 0.968896 0.458666
vt 0.889222 0.418815
vt 0.870392 0.410230
vt 0.882611 0.415532
vt 0.876140 0.412659
vt 0.884132 0.430168
vt 0.877608 0.426554
vt 0.871225 0.423259
vt 0.865626 0.420366
vt 0.949818 0.481467
vt 0.944566 0.478426
vt 0.897507 0.438196
vt 0.890653 0.434033
vt 0.945095 0.466146
vt 0.904822 0.442634
vt 0.938911 0.462853
vt 0.912160 0.447191
vt 0.932334 0.459260
vt 0.918995 0.451506
vt 0.925644 0.455472
vt 0.860658 0.417753
vt 0.913474 0.462452
vt 0.906770 0.458400
vt 0.926300 0.469329
vt 0.919810 0.466036
vt 0.849784 0.424549
vt 0.855369 0.415104
vt 0.854924 0.427426
vt 0.885232 0.445057
vt 0.878710 0.441114
vt 0.859994 0.430300
vt 0.872094 0.437195
vt 0.865693 0.433603
vt 0.892176 0.449388
vt 0.938998 0.475507
vt 0.899508 0.453910
vt 0.932787 0.472457
vt 0.939680 0.486937
vt 0.933943 0.484164
vt 0.894484 0.463654
vt 0.887081 0.459146
vt 0.927687 0.481260
vt 0.901683 0.467986
vt 0.921228 0.478282
vt 0.908422 0.471782
vt 0.914795 0.475148
vt 0.849706 0.435846
vt 0.844729 0.432688
vt 0.879970 0.454734
vt 0.873174 0.450391
vt 0.854959 0.439135
vt 0.867093 0.446096
vt 0.860871 0.442746
vt 0.944941 0.489554
vt 0.906986 0.490069
vt 0.903321 0.497247
vt 0.896470 0.493844
vt 0.900232 0.486735
vt 0.870365 0.469990
vt 0.865943 0.477016
vt 0.859272 0.472784
vt 0.863506 0.465616
vt 0.846202 0.453314
vt 0.841743 0.460162
vt 0.836122 0.456084
vt 0.840680 0.449368
vt 0.853442 0.468767
vt 0.857605 0.461863
vt 0.852190 0.457599
vt 0.847698 0.464532
vt 0.938684 0.503738
vt 0.935817 0.511063
vt 0.929691 0.508565
vt 0.932811 0.501312
vt 0.877960 0.474424
vt 0.873630 0.481438
vt 0.923308 0.505947
vt 0.926648 0.498722
vt 0.885827 0.478920
vt 0.881728 0.485922
vt 0.916634 0.503175
vt 0.920154 0.495981
vt 0.893252 0.483063
vt 0.889352 0.490084
vt 0.909957 0.500305
vt 0.913591 0.493130
vt 0.830713 0.452138
vt 0.835433 0.445561
vt 0.845030 0.442977
vt 0.839951 0.439439
vt 0.917102 0.486126
vt 0.910580 0.483092
vt 0.904012 0.479842
vt 0.897177 0.476157
vt 0.923617 0.488991
vt 0.889896 0.471932
vt 0.930009 0.491785
vt 0.882296 0.467387
vt 0.935971 0.494439
vt 0.874803 0.462843
vt 0.941515 0.496875
vt 0.862011 0.454456
vt 0.857239 0.451215
vt 0.850539 0.446715
vt 0.867077 0.457839
vt 0.884634 0.498929
vt 0.876693 0.494678
vt 0.912352 0.511989
vt 0.905465 0.509064
vt 0.891943 0.502735
vt 0.898806 0.506077
vt 0.830426 0.464620
vt 0.824950 0.460494
vt 0.860503 0.485717
vt 0.853764 0.481583
vt 0.836115 0.468886
vt 0.847912 0.477614
vt 0.842106 0.473370
vt 0.932329 0.520272
vt 0.925973 0.517653
vt 0.868339 0.490153
vt 0.919322 0.514894
vt 0.878247 0.511213
vt 0.869772 0.506933
vt 0.906819 0.524078
vt 0.899614 0.521022
vt 0.885884 0.514919
vt 0.892801 0.518072
vt 0.822433 0.476179
vt 0.816969 0.471642
vt 0.852802 0.497908
vt 0.845864 0.493754
vt 0.828174 0.480814
vt 0.839971 0.489828
vt 0.834173 0.485515
vt 0.927734 0.532836
vt 0.921125 0.530100
vt 0.860966 0.502362
vt 0.914112 0.527154
vt 0.842174 0.556820
vt 0.834032 0.572899
vt 0.822881 0.567362
vt 0.831377 0.551601
vt 0.897968 0.576873
vt 0.893712 0.592429
vt 0.883459 0.589423
vt 0.888465 0.573476
vt 0.852776 0.561401
vt 0.844921 0.577709
vt 0.873314 0.586539
vt 0.879124 0.570275
vt 0.862213 0.564883
vt 0.854876 0.581323
vt 0.864017 0.583993
vt 0.870601 0.567569
vt 0.788015 0.517451
vt 0.776653 0.528202
vt 0.770629 0.520165
vt 0.782510 0.510567
vt 0.821688 0.546388
vt 0.812762 0.561696
vt 0.804204 0.555986
vt 0.813634 0.541325
vt 0.794125 0.524081
vt 0.783311 0.536043
vt 0.796746 0.549869
vt 0.806757 0.536048
vt 0.800388 0.530308
vt 0.789960 0.543258
vt 0.915552 0.582642
vt 0.912997 0.597666
vt 0.903497 0.595262
vt 0.907056 0.580035
vt 0.915606 0.545788
vt 0.908103 0.542701
vt 0.910794 0.563096
vt 0.902528 0.559839
vt 0.851565 0.517908
vt 0.842854 0.513411
vt 0.841167 0.534975
vt 0.831878 0.530209
vt 0.922586 0.548643
vt 0.918420 0.565944
vt 0.829488 0.505156
vt 0.823570 0.500561
vt 0.817806 0.521196
vt 0.811740 0.516133
vt 0.817554 0.495436
vt 0.805706 0.510526
vt 0.835589 0.509243
vt 0.824241 0.525721
vt 0.811820 0.490201
vt 0.799931 0.504645
vt 0.885432 0.533460
vt 0.878245 0.530481
vt 0.877751 0.550507
vt 0.870078 0.547716
vt 0.806498 0.484959
vt 0.794687 0.498603
vt 0.892629 0.536386
vt 0.885519 0.553317
vt 0.870140 0.526892
vt 0.861361 0.544202
vt 0.900307 0.539510
vt 0.893910 0.556474
vt 0.861032 0.522573
vt 0.851414 0.539812
vt 0.803995 0.576330
vt 0.794405 0.590284
vt 0.782666 0.584319
vt 0.793929 0.570422
vt 0.772227 0.548017
vt 0.760682 0.559421
vt 0.755114 0.546921
vt 0.765851 0.537925
vt 0.773891 0.577606
vt 0.785625 0.563959
vt 0.778543 0.556750
vt 0.766692 0.569726
vt 0.910748 0.611061
vt 0.908644 0.622758
vt 0.897658 0.620396
vt 0.900390 0.608805
vt 0.815222 0.582276
vt 0.807500 0.596215
vt 0.886722 0.618742
vt 0.889869 0.606524
vt 0.826411 0.588149
vt 0.819316 0.602113
vt 0.875068 0.617221
vt 0.878885 0.604226
vt 0.837342 0.593177
vt 0.830338 0.607285
vt 0.862945 0.615607
vt 0.867777 0.601919
vt 0.847692 0.596962
vt 0.841074 0.611211
vt 0.851713 0.613813
vt 0.857570 0.599658
vt 0.749759 0.534874
vt 0.759673 0.528200
vt 0.745981 0.553491
vt 0.741552 0.540072
vt 0.847022 0.626548
vt 0.835394 0.624309
vt 0.785996 0.602412
vt 0.773337 0.595914
vt 0.751177 0.567978
vt 0.764231 0.588747
vt 0.757277 0.579840
vt 0.907427 0.632266
vt 0.895928 0.630266
vt 0.799980 0.608722
vt 0.884465 0.629116
vt 0.812504 0.614926
vt 0.872156 0.628300
vt 0.824006 0.620352
vt 0.859245 0.627613
vt 0.758065 0.597641
vt 0.750998 0.586571
vt 0.780004 0.613860
vt 0.767490 0.606249
vt 0.774071 0.625740
vt 0.762685 0.616639
vt 0.753442 0.606293
vt 0.746217 0.591548
vt 0.684555 0.525209
vt 0.693889 0.415989
vt 0.700639 0.412702
vt 0.700934 0.477772
vt 0.702374 0.465325
vt 0.709612 0.466035
vt 0.709517 0.480534
vt 0.698044 0.490588
vt 0.704879 0.495205
vt 0.692145 0.502935
vt 0.699209 0.508224
vt 0.685171 0.509115
vt 0.670590 0.506457
vt 0.655403 0.499423
vt 0.645516 0.487137
vt 0.639363 0.473756
vt 0.635927 0.459410
vt 0.633282 0.444056
vt 0.632588 0.428762
vt 0.635623 0.414216
vt 0.584625 0.559065
vt 0.560955 0.554488
vt 0.535092 0.551778
vt 0.509440 0.549106
vt 0.485890 0.546942
vt 0.394594 0.537686
vt 0.416264 0.539838
vt 0.437009 0.542412
vt 0.460922 0.544715
vt 0.415180 0.551975
vt 0.435526 0.554590
vt 0.459107 0.556523
vt 0.413270 0.564840
vt 0.411197 0.578258
vt 0.455693 0.569769
vt 0.433500 0.567237
vt 0.450473 0.584433
vt 0.430101 0.580134
vt 0.636824 0.628480
vt 0.623854 0.639999
vt 0.463635 0.842028
vt 0.468797 0.859719
vt 0.035030 0.786963
vt 0.034605 0.778962
vt 0.034005 0.769637
vt 0.040307 0.793173
vt 0.011313 0.978630
vt 0.016141 0.973691
vt 0.022924 0.980742
vt 0.017504 0.985132
vt 0.025960 0.967743
vt 0.029956 0.965079
vt 0.032365 0.967330
vt 0.029717 0.971347
vt 0.021365 0.970610
vt 0.026590 0.975786
vt 0.033445 0.962597
vt 0.036821 0.960191
vt 0.034637 0.963699
vt 0.020391 0.987414
vt 0.032147 0.984923
vt 0.028924 0.991235
vt 0.035464 0.968460
vt 0.034615 0.973175
vt 0.033533 0.978612
vt 0.036153 0.964251
vt 0.037767 0.964214
vt 0.038718 0.968293
vt 0.032419 0.992349
vt 0.042693 0.984865
vt 0.042193 0.992349
vt 0.039804 0.972886
vt 0.041096 0.978283
vt 0.047910 0.975125
vt 0.051966 0.980071
vt 0.039229 0.963534
vt 0.041687 0.966992
vt 0.046511 0.991270
vt 0.055045 0.986768
vt 0.044532 0.970799
vt 0.040314 0.962350
vt 0.052739 0.969611
vt 0.058204 0.972430
vt 0.043933 0.964605
vt 0.057656 0.984071
vt 0.063341 0.977013
vt 0.048011 0.967009
vt 0.049724 0.962220
vt 0.054997 0.962815
vt 0.040891 0.960852
vt 0.060904 0.963371
vt 0.045103 0.961535
vt 0.064644 0.973813
vt 0.067073 0.965512
vt 0.044911 0.958293
vt 0.049484 0.957175
vt 0.054579 0.955773
vt 0.040819 0.959253
vt 0.060064 0.954292
vt 0.067072 0.962317
vt 0.066277 0.954027
vt 0.065556 0.951392
vt 0.056279 0.945995
vt 0.062096 0.943781
vt 0.043594 0.955325
vt 0.047379 0.952571
vt 0.051466 0.949566
vt 0.040146 0.957807
vt 0.038991 0.956711
vt 0.041189 0.953152
vt 0.060033 0.941062
vt 0.049453 0.940008
vt 0.053759 0.935589
vt 0.043652 0.949185
vt 0.046491 0.944788
vt 0.040000 0.942329
vt 0.041155 0.936647
vt 0.037503 0.956136
vt 0.038197 0.951964
vt 0.051418 0.934251
vt 0.043812 0.931157
vt 0.038982 0.947431
vt 0.034015 0.947564
vt 0.033025 0.942404
vt 0.035908 0.956199
vt 0.031969 0.936585
vt 0.034959 0.952090
vt 0.040854 0.930389
vt 0.032428 0.930315
vt 0.029480 0.949577
vt 0.026488 0.945126
vt 0.034446 0.956838
vt 0.023281 0.940083
vt 0.032007 0.953406
vt 0.029251 0.930771
vt 0.021270 0.933966
vt 0.029756 0.955731
vt 0.025891 0.953070
vt 0.021445 0.950163
vt 0.033332 0.957993
vt 0.016537 0.946681
vt 0.018485 0.935716
vt 0.012293 0.941774
vt 0.032768 0.959500
vt 0.028557 0.958776
vt 0.010463 0.944442
vt 0.012785 0.955319
vt 0.007030 0.952356
vt 0.023853 0.957787
vt 0.018683 0.956720
vt 0.018594 0.963898
vt 0.012573 0.964787
vt 0.032796 0.961111
vt 0.028622 0.962070
vt 0.006255 0.955408
vt 0.006080 0.964066
vt 0.023922 0.962975
vt 0.006422 0.967321
vt 0.009573 0.975457
vt 0.077303 0.967465
vt 0.076934 0.958496
vt 0.083858 0.957651
vt 0.084210 0.967428
vt 0.095313 0.964507
vt 0.095334 0.959300
vt 0.100062 0.960189
vt 0.100005 0.963486
vt 0.090057 0.965816
vt 0.089969 0.958462
vt 0.104215 0.962704
vt 0.104252 0.961081
vt 0.108292 0.961950
vt 0.077301 0.954834
vt 0.080488 0.946043
vt 0.087265 0.948116
vt 0.097425 0.954508
vt 0.101404 0.957176
vt 0.092765 0.951506
vt 0.104909 0.959607
vt 0.103786 0.954954
vt 0.106058 0.958473
vt 0.082116 0.942757
vt 0.088911 0.935732
vt 0.094638 0.940575
vt 0.101240 0.950980
vt 0.098259 0.946299
vt 0.104531 0.937242
vt 0.105266 0.943596
vt 0.106786 0.953724
vt 0.107562 0.957895
vt 0.092689 0.933378
vt 0.101858 0.930373
vt 0.106027 0.949032
vt 0.109167 0.957938
vt 0.114360 0.938071
vt 0.112587 0.943959
vt 0.110063 0.953769
vt 0.105612 0.930372
vt 0.114637 0.931192
vt 0.111170 0.949167
vt 0.119042 0.947061
vt 0.115804 0.951264
vt 0.110646 0.958564
vt 0.122748 0.942428
vt 0.113084 0.955062
vt 0.117843 0.932480
vt 0.125499 0.936505
vt 0.119263 0.954945
vt 0.115280 0.957454
vt 0.123813 0.952257
vt 0.111746 0.959728
vt 0.128691 0.949344
vt 0.127795 0.938727
vt 0.133201 0.945063
vt 0.134594 0.947413
vt 0.137659 0.955191
vt 0.132024 0.957833
vt 0.121109 0.959658
vt 0.116498 0.960465
vt 0.126111 0.958810
vt 0.112316 0.961217
vt 0.116388 0.963704
vt 0.112302 0.962810
vt 0.138179 0.958564
vt 0.137751 0.966879
vt 0.131581 0.966901
vt 0.120951 0.964691
vt 0.126086 0.965708
vt 0.128228 0.975203
vt 0.123341 0.972083
vt 0.115161 0.966681
vt 0.111680 0.964279
vt 0.137085 0.969492
vt 0.134021 0.977110
vt 0.118965 0.969267
vt 0.118438 0.977045
vt 0.115417 0.972746
vt 0.110526 0.965382
vt 0.121887 0.981849
vt 0.112820 0.968919
vt 0.132517 0.979770
vt 0.126712 0.985877
vt 0.111936 0.979851
vt 0.110818 0.974605
vt 0.109050 0.965988
vt 0.113332 0.985662
vt 0.109821 0.970128
vt 0.124175 0.987844
vt 0.116331 0.991360
vt 0.105811 0.974756
vt 0.106585 0.970129
vt 0.104810 0.979974
vt 0.107446 0.965986
vt 0.103901 0.985922
vt 0.113136 0.992145
vt 0.104477 0.992384
vt 0.103563 0.968874
vt 0.105970 0.965343
vt 0.101287 0.991845
vt 0.093212 0.988811
vt 0.095083 0.982614
vt 0.101004 0.972942
vt 0.098176 0.977400
vt 0.088130 0.976185
vt 0.092955 0.972473
vt 0.101241 0.966537
vt 0.104832 0.964203
vt 0.090479 0.987246
vt 0.084134 0.981352
vt 0.097323 0.969286
vt 0.082033 0.978843
vt 0.078375 0.970922
vt 0.737723 0.873914
vt 0.213998 0.747227
vt 0.191901 0.724484
vt 0.186324 0.718774
vt 0.188572 0.717156
vt 0.208641 0.741802
vt 0.202934 0.735725
vt 0.197419 0.729994
vt 0.242942 0.727908
vt 0.243965 0.730586
vt 0.228167 0.691601
vt 0.231113 0.699046
vt 0.233979 0.706333
vt 0.227155 0.688741
vt 0.771005 0.688944
vt 0.770456 0.698460
vn 0.0000 0.1700 0.9854
vn 0.0000 -0.4660 0.8848
vn 0.4600 -0.3518 0.8152
vn 0.3715 0.2177 0.9026
vn 0.0000 0.8838 0.4679
vn 0.0000 0.8918 0.4525
vn -0.0564 0.8874 0.4575
vn -0.0790 0.8804 0.4675
vn 0.8314 -0.5272 -0.1751
vn 0.9926 0.0814 0.0898
vn 0.9915 0.0824 0.1005
vn 0.8305 -0.5309 -0.1687
vn 0.5993 0.5867 0.5445
vn 0.3042 0.8011 0.5153
vn 0.3842 0.6574 0.6482
vn 0.5960 0.3675 0.7140
vn 0.3797 -0.8745 -0.3017
vn 0.5567 -0.7838 -0.2752
vn 0.5477 -0.7901 -0.2751
vn 0.3744 -0.8778 -0.2986
vn 0.6879 0.6405 0.3413
vn 0.6855 0.6409 0.3454
vn 0.9948 0.0471 0.0902
vn 0.6944 0.6326 0.3429
vn 0.6853 0.6440 0.3400
vn 0.9973 0.0419 0.0591
vn 0.1916 -0.8961 -0.4003
vn 0.5342 -0.7560 -0.3783
vn 0.5131 -0.7638 -0.3914
vn 0.1306 -0.8896 -0.4376
vn 0.2491 0.8563 0.4524
vn 0.2548 0.8562 0.4494
vn 0.0000 -0.9313 -0.3642
vn 0.0000 -0.9254 -0.3789
vn 0.2543 -0.8909 -0.3764
vn 0.2174 -0.9048 -0.3661
vn 0.3602 -0.9213 0.1465
vn 0.6011 -0.7987 0.0260
vn 0.7715 -0.1013 0.6280
vn 0.0168 -0.8441 -0.5360
vn 0.0000 -0.8383 -0.5451
vn 0.0000 -0.8548 -0.5189
vn 0.0041 -0.8516 -0.5242
vn 0.3397 -0.8928 -0.2958
vn 0.0000 -0.9506 -0.3103
vn 0.0000 -0.9499 -0.3124
vn 0.3587 -0.8854 -0.2956
vn 0.6554 -0.7303 -0.1922
vn 0.0107 -0.8420 -0.5393
vn 0.0010 -0.8512 -0.5247
vn -0.1233 0.8737 0.4705
vn -0.0789 0.9015 0.4254
vn 0.0000 0.9008 0.4343
vn 0.0000 0.8749 0.4842
vn 0.8125 -0.5575 -0.1706
vn 0.7842 -0.5846 -0.2080
vn 0.9194 0.0849 0.3840
vn 0.1017 0.8694 0.4835
vn -0.0069 0.9208 0.3900
vn 0.0000 0.9349 0.3549
vn 0.0000 0.8780 0.4785
vn -0.0483 0.9053 0.4220
vn 0.0000 0.9047 0.4261
vn 0.5262 -0.8054 -0.2726
vn 0.4915 -0.8229 -0.2849
vn 0.5601 0.7475 0.3569
vn 0.5103 0.7605 0.4015
vn 0.9964 0.0762 0.0363
vn 0.9989 0.0454 -0.0052
vn -0.1544 0.8594 0.4874
vn 0.0826 0.8736 0.4795
vn 0.1569 0.8812 0.4458
vn 0.2734 0.8411 0.4666
vn 0.2595 0.8485 0.4612
vn 0.5828 0.7508 0.3108
vn 0.2112 0.8910 0.4019
vn 0.6613 -0.6568 -0.3622
vn 0.3593 -0.8473 -0.3911
vn 0.4311 -0.8367 -0.3375
vn 0.7287 -0.6199 -0.2909
vn 0.0926 -0.8951 -0.4361
vn 0.0498 -0.8711 -0.4886
vn 0.5998 0.7404 0.3033
vn 0.2344 0.8850 0.4022
vn 0.0000 0.8579 0.5138
vn -0.0658 0.8634 0.5002
vn -0.0455 0.8513 0.5226
vn 0.0000 0.8390 0.5441
vn 0.6156 -0.7090 -0.3441
vn 0.9647 0.1472 0.2183
vn 0.5118 0.7118 0.4809
vn 0.1014 -0.8702 -0.4820
vn 0.5592 -0.7259 -0.4003
vn 0.2810 -0.8708 -0.4034
vn 0.0000 -0.9478 -0.3189
vn 0.0000 -0.9452 -0.3264
vn 0.0000 -0.9232 -0.3842
vn 0.2874 -0.8809 -0.3760
vn 0.9975 0.0699 0.0074
vn 0.9937 0.1010 -0.0473
vn 0.1651 0.8713 0.4621
vn 0.0000 0.8696 0.4937
vn 0.0000 0.9133 0.4073
vn -0.1162 0.8960 0.4286
vn 0.9842 0.1389 0.1099
vn 0.0000 -0.9128 -0.4083
vn 0.1632 -0.8737 -0.4583
vn 0.0000 -0.8930 -0.4500
vn 0.0000 -0.9044 -0.4266
vn 0.1921 -0.8863 -0.4214
vn 0.6450 0.6890 0.3305
vn 0.0716 0.8776 0.4740
vn 0.2279 0.6471 0.7275
vn 0.0000 -0.9871 0.1603
vn 0.6006 -0.7027 -0.3813
vn 0.9955 0.0839 -0.0430
vn 0.4767 0.7563 0.4480
vn 0.0000 0.6460 0.7634
vn 0.0000 0.8962 0.4436
vn -0.0382 0.8941 0.4461
vn 0.3161 -0.8896 -0.3297
vn 0.0000 -0.9405 -0.3396
vn 0.2519 0.8645 0.4349
vn -0.3715 0.2177 0.9026
vn -0.4600 -0.3518 0.8152
vn 0.0790 0.8804 0.4675
vn 0.0564 0.8874 0.4575
vn -0.8314 -0.5272 -0.1751
vn -0.8305 -0.5309 -0.1687
vn -0.9915 0.0824 0.1005
vn -0.9926 0.0814 0.0898
vn -0.5993 0.5867 0.5445
vn -0.5960 0.3675 0.7140
vn -0.3842 0.6574 0.6482
vn -0.3042 0.8011 0.5153
vn -0.3797 -0.8745 -0.3017
vn -0.3744 -0.8778 -0.2986
vn -0.5477 -0.7901 -0.2751
vn -0.5567 -0.7838 -0.2752
vn -0.6855 0.6409 0.3454
vn -0.6879 0.6405 0.3413
vn -0.9948 0.0471 0.0902
vn -0.9973 0.0419 0.0591
vn -0.6853 0.6440 0.3400
vn -0.6944 0.6326 0.3429
vn -0.1916 -0.8961 -0.4003
vn -0.1306 -0.8896 -0.4376
vn -0.5131 -0.7638 -0.3914
vn -0.5342 -0.7560 -0.3783
vn -0.2548 0.8562 0.4494
vn -0.2491 0.8563 0.4524
vn -0.2174 -0.9048 -0.3661
vn -0.2543 -0.8909 -0.3764
vn -0.3602 -0.9213 0.1465
vn -0.7715 -0.1013 0.6280
vn -0.6011 -0.7987 0.0260
vn -0.0169 -0.8441 -0.5360
vn -0.0041 -0.8516 -0.5242
vn -0.3397 -0.8928 -0.2958
vn -0.3587 -0.8854 -0.2956
vn -0.6554 -0.7303 -0.1922
vn -0.0010 -0.8512 -0.5247
vn -0.0107 -0.8420 -0.5393
vn 0.1233 0.8737 0.4705
vn 0.0789 0.9015 0.4254
vn -0.8125 -0.5575 -0.1706
vn -0.7842 -0.5846 -0.2080
vn -0.9194 0.0849 0.3840
vn -0.1017 0.8694 0.4835
vn 0.0069 0.9208 0.3900
vn 0.0483 0.9053 0.4220
vn -0.4915 -0.8229 -0.2849
vn -0.5262 -0.8054 -0.2726
vn -0.5601 0.7475 0.3569
vn -0.9989 0.0454 -0.0052
vn -0.9964 0.0762 0.0363
vn -0.5103 0.7605 0.4015
vn -0.1569 0.8812 0.4458
vn -0.0826 0.8736 0.4795
vn 0.1544 0.8594 0.4874
vn -0.2595 0.8485 0.4612
vn -0.2734 0.8411 0.4666
vn -0.2112 0.8910 0.4019
vn -0.5828 0.7508 0.3108
vn -0.6613 -0.6568 -0.3622
vn -0.7287 -0.6199 -0.2909
vn -0.4311 -0.8367 -0.3375
vn -0.3593 -0.8473 -0.3911
vn -0.0498 -0.8711 -0.4886
vn -0.0926 -0.8951 -0.4361
vn -0.5998 0.7404 0.3033
vn -0.2344 0.8850 0.4022
vn 0.0455 0.8513 0.5226
vn 0.0658 0.8634 0.5001
vn -0.6156 -0.7090 -0.3441
vn -0.9647 0.1472 0.2183
vn -0.5118 0.7118 0.4809
vn -0.1014 -0.8702 -0.4820
vn -0.5592 -0.7259 -0.4003
vn -0.2810 -0.8708 -0.4034
vn -0.2874 -0.8809 -0.3760
vn -0.9937 0.1010 -0.0473
vn -0.9975 0.0699 0.0074
vn -0.1651 0.8713 0.4621
vn 0.1162 0.8960 0.4286
vn -0.9842 0.1389 0.1099
vn -0.1632 -0.8737 -0.4583
vn -0.1921 -0.8863 -0.4214
vn -0.6450 0.6890 0.3305
vn -0.0716 0.8776 0.4740
vn -0.2279 0.6471 0.7275
vn -0.6006 -0.7027 -0.3813
vn -0.9955 0.0839 -0.0430
vn -0.4767 0.7563 0.4480
vn 0.0382 0.8941 0.4461
vn -0.3161 -0.8896 -0.3297
vn -0.2519 0.8645 0.4349
vn 0.2317 0.9706 -0.0646
vn 0.2217 0.9748 0.0238
vn 0.0000 0.9999 0.0125
vn 0.0000 0.9973 -0.0738
vn 0.0000 0.9962 0.0873
vn 0.2112 0.9730 0.0927
vn 0.0000 0.9955 0.0946
vn 0.2034 0.9741 0.0983
vn 0.0000 0.9984 0.0571
vn 0.1944 0.9791 0.0591
vn 0.0000 0.9996 0.0262
vn 0.1909 0.9813 0.0247
vn 0.0000 0.9883 -0.1521
vn 0.0000 0.9995 -0.0310
vn 0.1862 0.9821 -0.0279
vn 0.1791 0.9716 -0.1542
vn 0.0000 0.9672 -0.2540
vn 0.1827 0.9455 -0.2695
vn 0.4377 0.8463 -0.3036
vn 0.5906 0.7333 -0.3369
vn 0.6084 0.7110 -0.3524
vn 0.4721 0.8146 -0.3368
vn 0.0000 0.9749 -0.2225
vn 0.0000 0.9591 -0.2830
vn 0.3345 0.8857 -0.3218
vn 0.3811 0.8945 -0.2335
vn 0.3733 0.9271 0.0324
vn 0.3738 0.9275 0.0050
vn 0.8052 0.5917 0.0391
vn 0.8095 0.5847 0.0524
vn 0.3703 0.9168 -0.1493
vn 0.3743 0.9083 -0.1864
vn 0.7530 0.6413 -0.1471
vn 0.7561 0.6467 -0.1005
vn 0.0000 0.9965 -0.0834
vn 0.0000 0.9919 -0.1271
vn 0.3757 0.9198 -0.1131
vn 0.3884 0.9190 -0.0676
vn 0.0000 -0.5573 -0.8303
vn 0.5103 -0.4344 -0.7422
vn 0.5324 -0.5885 -0.6084
vn 0.0000 -0.7316 -0.6817
vn 0.3707 0.9287 -0.0060
vn 0.7982 0.6012 0.0389
vn 0.3536 0.9313 0.0874
vn 0.7948 0.6048 0.0491
vn 0.8019 0.5959 0.0428
vn 0.3493 0.9320 0.0970
vn 0.0000 0.9957 0.0929
vn 0.0000 0.9963 0.0858
vn 0.3591 0.9294 0.0853
vn 0.3421 0.9299 0.1350
vn 0.7942 0.6053 0.0528
vn 0.7786 0.6260 0.0419
vn 0.3427 0.9289 0.1404
vn 0.9951 0.0415 -0.0898
vn 0.9983 0.0275 -0.0510
vn 0.8873 -0.4365 -0.1489
vn 0.8847 -0.4199 -0.2022
vn 0.8435 -0.1353 -0.5198
vn 0.4671 -0.2842 -0.8372
vn 0.7887 -0.0148 -0.6146
vn 0.4718 -0.8816 0.0039
vn 0.4972 -0.8491 0.1786
vn 0.9217 -0.3833 0.0593
vn 0.9399 -0.3154 -0.1310
vn 0.0000 -0.9946 0.1037
vn 0.0000 -0.9717 0.2363
vn 0.0000 0.9872 -0.1592
vn 0.0000 0.9813 -0.1922
vn 0.3783 0.9253 -0.0277
vn 0.7925 0.6097 -0.0129
vn 0.7988 0.6010 0.0254
vn 0.9158 -0.3708 0.1540
vn 0.6116 -0.7640 0.2054
vn 0.6076 -0.7853 0.1189
vn 0.9170 -0.3864 0.0993
vn 0.0000 0.9996 0.0259
vn 0.0000 1.0000 -0.0018
vn 0.9969 0.0292 0.0722
vn 0.9052 -0.4209 0.0576
vn 0.8999 -0.4360 0.0038
vn 0.9989 0.0235 0.0411
vn 0.0000 0.9888 0.1490
vn 0.0000 0.9911 0.1330
vn 0.3466 0.9301 0.1213
vn 0.0000 0.9768 0.2141
vn 0.0000 0.9815 0.1911
vn 0.3355 0.9265 0.1701
vn 0.3501 0.9179 0.1866
vn 0.0000 0.9818 0.1897
vn 0.0000 0.9798 0.2000
vn 0.3722 0.9149 0.1562
vn 0.3592 0.9221 0.1438
vn 0.7484 0.6632 -0.0042
vn 0.7292 0.6822 -0.0536
vn 0.5307 0.8377 -0.1289
vn 0.8826 0.3230 -0.3415
vn 0.6358 0.5777 -0.5119
vn 0.7713 0.6335 -0.0616
vn 0.8983 -0.4143 0.1466
vn 0.9927 0.1163 0.0306
vn 0.9849 0.1712 -0.0244
vn 0.0000 -0.9919 0.1272
vn 0.0000 -0.9722 0.2340
vn 0.5820 -0.8126 0.0302
vn 0.5689 -0.8216 -0.0352
vn 0.8006 0.5947 0.0728
vn 0.8932 -0.4421 -0.0822
vn 0.5566 -0.8206 -0.1297
vn 0.5618 -0.8065 -0.1844
vn 0.8873 -0.4436 -0.1258
vn 0.5629 -0.7741 -0.2894
vn 0.5500 -0.7483 -0.3707
vn 0.8830 -0.3931 -0.2565
vn 0.9931 0.0885 0.0772
vn 0.8950 -0.4069 0.1829
vn 0.2263 0.9665 -0.1209
vn 0.0000 0.9930 -0.1183
vn 0.0000 0.9883 -0.1522
vn 0.2008 0.9666 -0.1593
vn 0.9657 0.2318 -0.1169
vn 0.0000 -0.9891 -0.1468
vn 0.0000 -0.9985 -0.0540
vn 0.0000 -0.9422 0.3351
vn 0.5606 -0.7773 0.2854
vn 0.5286 -0.8058 0.2670
vn 0.0000 -0.9477 0.3190
vn 0.0000 -0.9999 0.0131
vn 0.0000 -0.9781 -0.2077
vn 0.0000 -0.9417 -0.3364
vn 0.0000 0.9939 0.1102
vn 0.3166 0.9426 0.1058
vn 0.0000 -0.3862 -0.9224
vn 0.9330 0.2493 -0.2593
vn 0.9641 0.1782 -0.1968
vn 0.8740 -0.2509 -0.4162
vn 0.0000 0.9534 -0.3016
vn 0.2052 0.9255 -0.3182
vn 0.4231 0.8900 -0.1696
vn 0.4220 0.9063 -0.0231
vn 0.4433 0.8956 0.0359
vn 0.4934 0.8637 0.1026
vn 0.4751 0.8772 0.0688
vn 0.4962 0.8623 0.1011
vn 0.4937 0.8683 0.0480
vn 0.5018 0.8641 -0.0394
vn 0.4880 0.8581 -0.1598
vn 0.5025 0.8569 -0.1150
vn 0.4940 0.7002 -0.5155
vn 0.6096 0.6557 -0.4454
vn 0.2622 0.8760 -0.4047
vn -0.3607 -0.1814 -0.9149
vn -0.3300 0.2081 -0.9207
vn 0.0000 0.2634 -0.9647
vn 0.0000 -0.2293 -0.9733
vn 0.9313 -0.0839 0.3543
vn 1.0000 -0.0030 0.0011
vn 0.9997 -0.0096 0.0210
vn 0.9326 -0.0744 0.3531
vn 0.7210 0.6868 0.0912
vn 0.7240 0.6826 0.0991
vn 0.9332 0.3577 0.0346
vn 0.9745 0.2049 0.0915
vn 0.9583 0.2629 -0.1118
vn 0.8737 0.4430 -0.2006
vn 0.9384 0.2369 0.2516
vn 0.9471 0.1768 0.2677
vn 0.9657 0.2594 0.0093
vn 0.9581 0.2836 -0.0387
vn 0.9615 0.2145 0.1719
vn 0.9644 0.2023 0.1704
vn 0.8830 0.4660 -0.0566
vn 0.9060 0.4048 -0.1234
vn 0.9266 0.3517 -0.1329
vn 0.9278 0.3681 -0.0601
vn 0.8421 0.5361 -0.0590
vn 0.8878 0.4475 -0.1070
vn 0.8315 0.5485 -0.0878
vn 0.8885 0.4540 -0.0656
vn 0.8811 0.4652 -0.0851
vn 0.8239 0.5602 -0.0856
vn 0.8990 0.4271 -0.0961
vn 0.9585 0.2803 -0.0517
vn 0.9493 0.3092 -0.0567
vn 0.9244 0.3381 -0.1761
vn 0.8092 0.5177 -0.2778
vn 0.5752 -0.1373 0.8064
vn 0.9242 -0.1252 0.3607
vn 0.6134 -0.2763 0.7399
vn -0.9449 -0.2973 0.1368
vn -0.8652 -0.3738 0.3341
vn -0.8759 -0.2801 0.3929
vn -0.9554 -0.2252 0.1910
vn -0.7213 0.1917 -0.6655
vn -0.9288 0.0260 -0.3695
vn -0.9401 -0.0275 -0.3398
vn -0.7782 0.0602 -0.6251
vn 0.9826 -0.1710 -0.0721
vn 0.9421 0.0106 -0.3350
vn 0.9597 0.0212 -0.2803
vn 0.9904 -0.1305 -0.0445
vn -0.9657 -0.2392 0.1009
vn -0.8752 -0.3846 0.2933
vn -0.8661 -0.4030 0.2957
vn -0.9531 -0.2815 0.1108
vn -0.5622 -0.6132 0.5548
vn -0.5585 -0.5997 0.5730
vn 0.9782 -0.0023 -0.2076
vn 0.8886 0.1319 -0.4393
vn 0.9153 0.0452 -0.4003
vn 0.9855 -0.1135 -0.1260
vn -0.9758 -0.2185 0.0053
vn -0.8742 -0.4037 0.2699
vn -0.8733 -0.3924 0.2888
vn -0.9716 -0.2320 0.0457
vn -0.4359 0.2945 -0.8504
vn -0.4610 0.1014 -0.8816
vn -0.5653 -0.6054 0.5602
vn -0.5568 -0.6103 0.5634
vn 0.4976 0.3118 -0.8094
vn -0.0047 0.3606 -0.9327
vn 0.0161 0.1598 -0.9870
vn 0.5048 0.1595 -0.8484
vn -0.7924 -0.1387 -0.5940
vn -0.9261 -0.1680 -0.3376
vn -0.9258 -0.2267 -0.3024
vn -0.7858 -0.2027 -0.5842
vn -0.9874 -0.1314 -0.0877
vn -0.9817 -0.1671 -0.0913
vn 0.8931 0.0589 -0.4459
vn 0.7905 0.1636 -0.5902
vn 0.7974 0.0976 -0.5954
vn 0.9106 0.0568 -0.4095
vn -0.5363 -0.5397 0.6489
vn 0.0172 -0.6161 0.7875
vn -0.0220 -0.5478 0.8363
vn -0.5709 -0.4360 0.6956
vn 0.8936 -0.3716 0.2519
vn 0.8636 -0.4272 0.2678
vn 0.9223 0.0853 -0.3768
vn 0.9001 0.0457 -0.4333
vn 0.8500 0.1471 -0.5058
vn 0.5549 0.3830 -0.7384
vn -0.5631 0.3940 -0.7264
vn -0.7891 0.1914 -0.5836
vn -0.7099 0.2121 -0.6716
vn -0.4680 0.3823 -0.7967
vn -0.9118 -0.0012 -0.4106
vn -0.9786 -0.1420 -0.1490
vn 0.0890 -0.6912 0.7171
vn 0.0607 -0.7176 0.6938
vn 0.8766 -0.3373 0.3433
vn 0.9962 -0.0829 -0.0243
vn 0.9974 -0.0618 -0.0353
vn 0.8936 -0.2858 0.3460
vn 0.9370 -0.2751 0.2153
vn 0.9292 0.1228 -0.3485
vn 0.6323 0.3957 -0.6660
vn -0.9041 0.0291 -0.4263
vn 0.8723 -0.3837 0.3030
vn -0.9734 -0.0967 -0.2078
vn 0.0218 -0.7293 0.6838
vn 0.0167 -0.6843 0.7289
vn 0.5494 -0.6326 0.5459
vn 0.5346 -0.5898 0.6052
vn 0.6163 -0.5832 0.5292
vn -0.8853 -0.2788 0.3721
vn -0.6743 -0.3140 0.6683
vn -0.6257 -0.3472 0.6985
vn -0.8043 -0.4640 0.3711
vn -0.0267 0.4938 -0.8692
vn 0.6694 -0.5102 0.5401
vn -0.0262 0.5360 -0.8438
vn -0.9618 -0.0563 -0.2678
vn -0.9386 -0.0662 0.3385
vn -0.9421 0.0085 0.3352
vn -0.9763 0.0460 -0.2116
vn -0.8618 -0.0670 -0.5028
vn -0.8217 -0.0556 -0.5672
vn -0.8741 -0.0118 -0.4856
vn -0.8953 -0.0871 -0.4368
vn 0.9875 -0.0403 0.1520
vn 0.9103 -0.0106 -0.4138
vn 0.9082 0.1257 -0.3991
vn 0.9970 0.0629 0.0448
vn 0.1462 -0.3318 0.9319
vn 0.6778 -0.2515 0.6909
vn 0.6763 -0.3882 0.6261
vn 0.1432 -0.5007 0.8537
vn -0.7480 -0.0964 0.6566
vn -0.4572 -0.1352 0.8790
vn -0.4848 -0.2698 0.8319
vn -0.7908 -0.1050 0.6030
vn -0.6605 -0.1025 -0.7438
vn -0.6634 -0.1163 -0.7392
vn 0.0325 -0.1047 -0.9940
vn 0.0118 -0.1012 -0.9948
vn -0.9812 0.1609 -0.1066
vn -0.9352 0.1921 -0.2973
vn 0.9135 -0.1073 0.3924
vn 0.9515 -0.1357 0.2761
vn -0.9258 0.1746 -0.3353
vn -0.6010 0.0373 -0.7984
vn 0.9898 0.1314 -0.0550
vn 0.9134 0.2635 -0.3101
vn 0.8270 0.0517 -0.5599
vn 0.9095 0.2150 -0.3557
vn 0.7606 -0.0054 -0.6492
vn 0.9004 -0.0485 -0.4324
vn 0.6972 -0.0939 -0.7107
vn 0.6990 0.0298 -0.7145
vn 0.9521 0.1330 -0.2754
vn 0.1240 -0.1503 0.9808
vn -0.9527 0.0056 0.3037
vn -0.5316 -0.3720 0.7609
vn 0.8493 -0.0129 -0.5277
vn 0.7008 -0.0577 -0.7110
vn 0.0327 0.0476 -0.9983
vn 0.9095 0.2913 -0.2964
vn 0.9476 0.1222 -0.2950
vn 0.8672 0.1458 -0.4761
vn 0.8131 0.3198 -0.4863
vn 0.8717 -0.0833 0.4829
vn 0.6638 -0.1205 0.7381
vn 0.6477 -0.0201 0.7616
vn 0.8579 -0.0212 0.5133
vn -0.8528 -0.0278 -0.5215
vn -0.9769 -0.0568 -0.2060
vn 0.8731 0.0327 -0.4863
vn 0.7482 -0.0437 -0.6620
vn 0.8035 0.0177 -0.5950
vn 0.8671 0.0216 -0.4977
vn 0.4512 -0.1383 -0.8816
vn 0.0122 -0.1870 -0.9823
vn 0.0034 -0.0901 -0.9959
vn 0.5504 -0.0376 -0.8340
vn -0.9396 -0.0538 0.3381
vn 0.9790 0.0894 -0.1830
vn 0.9764 0.0244 -0.2145
vn 0.8061 -0.0026 -0.5918
vn 0.8222 0.0203 -0.5688
vn -0.4297 -0.1541 -0.8897
vn -0.7322 -0.0806 -0.6763
vn -0.7895 -0.0223 -0.6133
vn -0.5246 -0.0688 -0.8485
vn 0.5300 0.1458 0.8353
vn 0.8240 0.1515 0.5459
vn 0.8409 0.0467 0.5391
vn 0.5999 0.0411 0.7990
vn 0.9634 0.1266 0.2363
vn 0.9695 0.0419 0.2415
vn -0.8921 -0.0765 -0.4451
vn -0.8924 -0.0122 -0.4511
vn -0.6911 -0.2239 -0.6872
vn -0.7671 0.0208 0.6411
vn -0.9409 0.0102 0.3386
vn -0.9398 0.1051 0.3250
vn -0.7880 0.1379 0.6000
vn 0.4628 0.0295 0.8860
vn -0.0736 0.0356 0.9966
vn -0.0279 0.1326 0.9908
vn 0.4751 0.1321 0.8700
vn 0.9472 -0.0348 -0.3188
vn -0.4628 0.0295 0.8860
vn -0.4751 0.1321 0.8700
vn -0.8892 -0.0051 -0.4575
vn 0.0216 -0.0847 -0.9962
vn -0.6088 -0.0648 -0.7907
vn 0.6441 -0.0255 -0.7645
vn 0.0279 0.1326 0.9908
vn 0.0736 0.0356 0.9966
vn -0.7458 -0.0338 0.6653
vn 0.9749 -0.0331 0.2198
vn -0.9944 0.0004 -0.1058
vn -0.9958 0.0512 -0.0754
vn 0.9691 0.2089 0.1306
vn 0.9540 0.1620 0.2523
vn 0.9549 0.0929 0.2819
vn 0.9613 0.1416 0.2361
vn 0.9719 0.1730 0.1593
vn 0.8306 -0.4501 0.3278
vn 0.9181 -0.2941 0.2654
vn 0.9099 -0.4035 -0.0956
vn 0.8362 -0.5468 -0.0403
vn 0.9178 -0.0128 0.3968
vn 0.9474 0.0542 0.3153
vn -0.9116 -0.4110 0.0090
vn -0.8632 -0.4681 0.1892
vn -0.7663 -0.6319 0.1159
vn -0.8845 -0.4647 -0.0410
vn 0.2090 -0.9762 0.0583
vn 0.3623 -0.9197 0.1508
vn 0.4917 -0.8635 -0.1117
vn 0.2671 -0.9523 -0.1472
vn 0.0000 -0.9875 -0.1571
vn 0.0000 -0.9995 0.0312
vn -0.9459 -0.2218 -0.2366
vn -0.9686 -0.2442 0.0472
vn -0.8966 -0.3505 -0.2706
vn 0.9748 0.0151 -0.2227
vn 0.9790 -0.0412 -0.1997
vn 0.9980 -0.0634 -0.0036
vn 0.6767 -0.0855 -0.7313
vn 0.1483 -0.1875 -0.9710
vn 0.1991 -0.1476 -0.9688
vn 0.7104 -0.0808 -0.6991
vn -0.7280 -0.3051 -0.6139
vn -0.8744 -0.3616 -0.3233
vn -0.6833 -0.3053 -0.6632
vn 0.9960 0.0379 -0.0808
vn 0.9807 0.1758 -0.0847
vn 0.9861 0.1628 0.0341
vn 0.9955 0.0511 0.0793
vn -0.5313 -0.7967 -0.2881
vn 0.0000 -0.9324 -0.3614
vn 0.0000 -0.8394 -0.5434
vn -0.6658 -0.6081 -0.4323
vn -0.3205 -0.9377 -0.1335
vn 0.0000 -0.9852 -0.1712
vn -0.1037 -0.9929 0.0582
vn 0.0000 -0.9999 0.0149
vn 0.0000 -0.9950 0.0994
vn 0.0825 -0.9844 0.1552
vn -0.3617 0.0544 -0.9307
vn -0.4300 0.0042 -0.9028
vn -0.3444 0.1652 -0.9242
vn -0.3427 0.1993 -0.9181
vn 0.0320 -0.9192 0.3923
vn 0.9661 -0.2250 -0.1269
vn 0.9944 0.0267 -0.1017
vn 0.9733 0.0631 -0.2206
vn 0.9409 -0.2121 -0.2640
vn -0.5426 -0.1514 -0.8262
vn -0.4434 -0.0708 -0.8935
vn 0.6873 0.0797 -0.7220
vn 0.6548 0.1988 -0.7291
vn 0.8938 0.0438 -0.4463
vn 0.0000 0.9257 -0.3782
vn 0.0000 0.9442 -0.3293
vn 0.2210 0.9118 -0.3461
vn 0.2304 0.8905 -0.3922
vn 0.9583 0.0271 -0.2846
vn 0.0000 0.1400 -0.9901
vn 0.0000 -0.0334 -0.9994
vn 0.9763 0.2132 -0.0361
vn 0.9618 0.2539 -0.1025
vn 0.9953 -0.0858 -0.0446
vn 0.9960 -0.0537 -0.0713
vn 0.9856 -0.0809 0.1487
vn 0.9514 -0.1593 0.2636
vn -0.2908 0.2391 -0.9264
vn -0.2521 0.2000 -0.9468
vn -0.3161 0.2595 -0.9125
vn 0.5938 0.3601 -0.7195
vn 0.9490 0.2774 -0.1498
vn 0.9744 0.1485 -0.1688
vn 0.4917 0.7924 -0.3609
vn 0.4847 0.7726 -0.4101
vn 0.7170 0.5248 -0.4588
vn 0.8125 0.5033 -0.2940
vn 0.9189 -0.0563 -0.3904
vn 0.9072 -0.0201 -0.4202
vn 0.9622 -0.0390 -0.2696
vn 0.9639 -0.0753 -0.2553
vn 0.5132 0.5271 -0.6773
vn 0.9804 0.0265 -0.1951
vn 0.5070 -0.8521 -0.1295
vn 0.4975 -0.8424 -0.2068
vn 0.6979 -0.6842 -0.2116
vn 0.6901 -0.7114 -0.1328
vn 0.9794 -0.0741 -0.1877
vn 0.9803 -0.0511 -0.1907
vn 0.8789 0.4301 -0.2060
vn 0.9630 0.2618 -0.0641
vn 0.9415 0.2895 -0.1725
vn 0.9355 0.3127 -0.1645
vn 0.9375 0.3207 -0.1346
vn 0.9444 0.3170 -0.0870
vn 0.9904 0.1356 -0.0240
vn 0.9878 0.1403 -0.0681
vn 0.9947 0.0341 0.0970
vn 0.8424 -0.1751 0.5095
vn 0.7507 -0.3302 0.5722
vn 0.8038 -0.2525 0.5386
vn 0.9012 -0.1202 0.4164
vn 0.9669 -0.0005 -0.2552
vn 0.9659 -0.0587 -0.2521
vn 0.8147 -0.5653 -0.1287
vn 0.8017 -0.5530 -0.2268
vn 0.8788 -0.4291 -0.2086
vn 0.9080 -0.4082 -0.0942
vn 0.1753 -0.9748 -0.1378
vn 0.1611 -0.9642 -0.2104
vn 0.0000 -0.9795 -0.2014
vn 0.0000 -0.9900 -0.1413
vn 0.9991 -0.0339 -0.0246
vn 0.9931 -0.0483 -0.1065
vn 0.9874 0.1213 -0.1014
vn 0.9826 0.1073 -0.1517
vn 0.9733 0.0982 -0.2073
vn 0.8221 -0.4746 -0.3144
vn 0.9013 -0.3540 -0.2494
vn 0.9307 -0.2934 -0.2183
vn 0.8508 -0.4480 -0.2745
vn 0.7881 -0.5579 -0.2601
vn 0.8619 -0.4303 -0.2683
vn 0.8702 -0.4066 -0.2782
vn 0.7898 -0.5205 -0.3245
vn 0.9539 -0.2538 -0.1598
vn 0.9723 -0.1399 -0.1870
vn 0.9849 -0.0898 -0.1478
vn 0.9523 -0.1794 -0.2466
vn 0.7707 -0.5237 -0.3630
vn 0.7968 -0.5304 -0.2893
vn 0.2683 -0.9032 -0.3350
vn 0.2266 -0.8739 -0.4300
vn 0.0000 -0.9170 -0.3988
vn 0.0000 -0.9419 -0.3359
vn 0.0000 -0.9315 -0.3638
vn 0.1691 -0.9032 -0.3945
vn 0.1462 -0.9481 -0.2822
vn 0.0000 -0.9609 -0.2769
vn 0.5095 -0.7957 -0.3275
vn 0.4905 -0.7439 -0.4538
vn 0.4861 -0.7657 -0.4212
vn 0.4894 -0.8230 -0.2882
vn 0.7367 -0.6171 -0.2764
vn 0.7352 -0.5582 -0.3845
vn 0.6804 -0.6111 -0.4045
vn 0.7031 -0.6502 -0.2878
vn 0.6638 -0.6828 -0.3051
vn 0.6528 -0.6226 -0.4315
vn 0.6546 -0.7540 -0.0548
vn 0.7536 -0.6570 -0.0194
vn -0.6743 -0.3566 -0.6466
vn 0.0000 -0.5931 -0.8051
vn 0.0000 -0.2476 -0.9688
vn 0.3040 -0.7575 0.5777
vn -0.3946 -0.6304 0.6684
vn 0.0314 -0.4538 0.8905
vn 0.9968 0.0353 0.0720
vn 0.9954 0.0565 0.0768
vn 0.9116 -0.4041 0.0752
vn 0.9909 0.0809 0.1072
vn 0.9040 -0.3819 0.1923
vn 0.3552 0.9185 0.1733
vn 0.7592 0.6501 0.0304
vn 0.0000 -0.9511 0.3089
vn 0.5935 -0.7588 0.2683
vn 0.0000 0.9991 -0.0432
vn 0.9994 0.0261 -0.0217
vn 0.9926 0.0696 0.0994
vn 0.3700 0.9264 0.0695
vn 0.8042 0.5897 0.0741
vn 0.0000 -0.9983 0.0577
vn 0.5937 -0.8019 0.0663
vn 0.9897 0.0655 -0.1269
vn 0.0000 0.9942 0.1076
vn 0.7652 0.6415 0.0539
vn 0.5666 -0.7938 -0.2207
vn 0.0000 -0.9670 -0.2545
vn 0.0000 0.9827 -0.1850
vn 0.7207 0.6438 -0.2573
vn 0.0000 0.9874 0.1581
vn 0.7690 0.6370 0.0521
vn 0.0000 -0.8113 -0.5846
vn 0.5264 -0.6692 -0.5244
vn 0.5339 -0.7114 -0.4569
vn 0.0000 -0.8581 -0.5135
vn 0.8775 -0.3179 -0.3590
vn 0.8828 -0.3522 -0.3106
vn 0.0000 0.9782 0.2076
vn 0.9771 0.1320 -0.1666
vn 0.9836 0.1049 -0.1466
vn 0.0000 0.2589 -0.9659
vn 0.7156 -0.0511 -0.6966
vn 0.7024 0.0036 -0.7118
vn -0.6006 -0.2274 -0.7665
vn -0.1188 -0.2227 0.9676
vn 0.8871 0.3148 -0.3374
vn 0.7965 -0.0026 -0.6045
vn 0.2946 -0.6229 -0.7247
vn 0.0000 -0.8806 -0.4737
vn -0.3641 -0.3450 -0.8651
vn -0.9901 0.0772 -0.1171
vn 0.0218 0.3471 0.9376
vn -0.4481 0.3592 0.8186
vn 0.8527 -0.0170 -0.5221
vn 0.9662 0.1495 -0.2101
vn 0.0176 -0.3865 -0.9221
vn 0.3645 -0.3208 -0.8742
vn -0.7782 0.3245 0.5377
vn -0.9393 0.2325 0.2521
vn -0.9223 0.3322 0.1975
vn -0.7370 0.4881 0.4675
vn 0.9727 -0.2264 -0.0511
vn 0.6349 0.6808 -0.3652
vn 0.5964 0.6870 -0.4151
vn 0.6006 0.6821 -0.4171
vn 0.6167 0.6943 -0.3708
vn 0.7500 0.5863 -0.3061
vn 0.5921 0.7772 -0.2130
vn 0.6798 0.7183 -0.1475
vn 0.6845 0.7219 -0.1008
vn 0.6953 0.7186 -0.0157
vn 0.7085 0.7033 0.0578
vn 0.6938 0.7127 0.1034
vn 0.6385 0.7645 0.0887
vn 0.6017 0.7985 -0.0191
vn 0.8693 0.4931 0.0348
vn 0.8921 0.4460 0.0719
vn 0.0000 0.9977 0.0681
vn 0.9987 0.0227 -0.0460
vn 0.7973 0.6006 0.0600
vn 0.0000 0.9998 -0.0179
vn 0.5388 -0.4871 0.6873
vn 0.9191 -0.1775 0.3517
vn 0.5834 -0.3600 0.7280
vn 0.9596 0.0414 -0.2784
vn 0.8737 0.0145 -0.4861
vn 0.8995 0.0130 -0.4367
vn 0.9685 0.0391 -0.2459
vn 0.9681 0.0285 -0.2488
vn 0.9203 0.0141 -0.3909
vn 0.9325 -0.0164 -0.3608
vn 0.9729 0.0547 -0.2247
vn 0.9702 0.0336 -0.2398
vn 0.5606 -0.0091 -0.8280
vn 0.5865 -0.0348 -0.8092
vn -0.9686 -0.2336 -0.0855
vn 0.9702 0.0240 -0.2409
vn -0.4087 -0.2066 -0.8890
vn -0.7791 -0.2089 -0.5910
vn -0.3692 -0.2584 -0.8927
vn 0.0743 -0.0331 -0.9967
vn 0.0714 -0.0820 -0.9940
vn -0.4350 -0.1063 -0.8941
vn -0.4148 -0.1347 -0.8998
vn -0.2286 -0.1437 -0.9629
vn -0.3017 -0.2377 -0.9233
vn -0.0672 -0.4605 0.8851
vn -0.9487 -0.1864 -0.2554
vn -0.7841 -0.1813 -0.5935
vn 0.6084 -0.2326 0.7587
vn -0.9752 -0.2196 -0.0287
vn -0.9851 -0.1679 0.0366
vn 0.8361 0.0138 -0.5483
vn 0.9362 0.0258 -0.3504
vn 0.5261 -0.5384 0.6583
vn -0.4478 -0.0688 -0.8914
vn 0.0573 0.0112 -0.9983
vn 0.9692 0.0455 -0.2420
vn 0.5425 0.0351 -0.8393
vn -0.6412 -0.3543 0.6806
vn -0.8948 -0.2123 0.3926
vn -0.9607 -0.1638 0.2241
vn -0.1182 0.0469 -0.9919
vn 0.9760 -0.1446 0.1629
vn 0.6535 0.6680 -0.3558
vn 0.0000 0.7294 -0.6841
vn 0.0000 0.9331 -0.3595
vn 0.0000 0.9138 -0.4061
vn 0.2264 0.8753 -0.4272
vn 0.5759 0.1356 -0.8061
vn 0.4111 -0.1867 -0.8922
vn 0.0000 -0.2097 -0.9778
vn 0.0000 0.1971 -0.9804
vn 0.2008 0.2608 -0.9443
vn -0.0625 0.3501 -0.9346
vn 0.6711 0.4352 -0.6001
vn -0.8678 -0.3519 -0.3508
vn -0.8357 -0.5334 -0.1306
vn -0.5999 -0.8000 -0.0129
vn -0.3003 -0.9314 0.2058
vn -0.8324 -0.0225 -0.5537
vn -0.4906 -0.6575 0.5719
vn -0.2944 -0.3369 0.8943
vn 0.3523 -0.3208 0.8792
vn 0.5441 -0.5978 0.5887
vn 0.8313 0.2960 0.4705
vn 0.8211 0.4441 0.3585
vn 0.9049 0.4012 0.1421
vn 0.9469 0.2549 0.1961
vn -0.5804 0.1994 0.7895
vn 0.4862 0.2237 0.8447
vn 0.1156 0.3668 0.9231
vn -0.2065 0.3481 0.9144
vn 0.6590 0.2746 0.7002
vn -0.3947 0.2712 0.8778
vn -0.4013 -0.5701 0.7168
vn 0.6229 -0.5360 0.5698
vn 0.0243 0.4601 0.8875
vn 0.5000 0.4343 0.7493
vn -0.1246 -0.5629 0.8170
vn 0.6148 -0.4731 0.6310
vn 0.4903 0.3433 0.8010
vn 0.6745 -0.1711 -0.7182
vn 0.6202 0.1910 0.7608
vn -0.3867 0.1298 0.9130
vn -0.3823 -0.6601 0.6466
vn 0.6541 -0.5818 0.4834
vn -0.3276 -0.4078 0.8522
vn -0.3530 0.2636 0.8977
vn 0.6480 -0.4155 0.6382
vn 0.5810 0.3134 0.7512
vn 0.0682 0.3299 0.9415
vn 0.0186 -0.3865 0.9221
vn 0.3738 0.4517 0.8101
vn -0.3461 0.4608 0.8172
vn 0.0698 0.4585 0.8859
vn 0.2202 0.8688 0.4435
vn -0.3791 0.8044 0.4573
vn -0.3453 0.5918 0.7284
vn 0.2845 0.6241 0.7277
vn -0.7096 -0.6997 -0.0826
vn -0.2428 -0.9597 0.1414
vn 0.0520 -0.9827 -0.1777
vn -0.6819 -0.7030 -0.2018
vn 0.0641 0.6459 0.7607
vn -0.7754 0.5309 0.3418
vn -0.7989 0.3568 0.4841
vn -0.0042 -0.9934 0.1141
vn 0.0831 -0.9911 0.1039
vn 0.0128 -0.9892 -0.1457
vn 0.2015 -0.9793 -0.0165
vn -0.8506 0.0918 0.5177
vn -0.7886 -0.3906 0.4748
vn -0.8180 0.2784 0.5034
vn -0.7711 0.5983 0.2175
vn -0.9803 0.1973 0.0082
vn -0.9369 0.2259 0.2667
vn -0.6740 0.5959 0.4366
vn -0.6098 0.1525 0.7777
vn -0.3333 -0.7222 0.6061
vn -0.6282 0.3545 0.6925
vn -0.6500 0.4495 0.6128
vn -0.6033 0.7206 0.3417
vn -0.6399 0.6325 0.4365
vn -0.6984 0.6595 0.2780
vn 0.3347 -0.8500 0.4068
vn 0.0211 -0.9109 0.4122
vn 0.0848 0.8884 0.4511
vn 0.1099 0.9638 0.2427
vn 0.1790 0.9622 0.2052
vn 0.0962 0.9460 0.3095
vn 0.0899 0.9952 0.0372
vn -0.3619 0.8999 0.2432
vn -0.2691 0.9571 0.1072
vn -0.4385 0.8131 0.3827
vn -0.4260 -0.8982 0.1082
vn -0.3891 -0.8829 0.2627
vn -0.2270 -0.8422 0.4890
vn 0.2728 -0.9550 0.1160
vn -0.0272 -0.9839 0.1768
vn 0.2176 -0.9757 -0.0240
vn -0.0607 -0.9978 -0.0275
vn -0.2652 -0.5654 0.7810
vn 0.3395 -0.5562 0.7585
vn -0.2943 0.2036 0.9337
vn 0.2326 0.2884 0.9288
vn -0.6008 0.1347 0.7879
vn -0.4860 -0.4698 0.7369
vn -0.9702 -0.0071 0.2420
vn -0.8698 -0.4241 0.2521
vn 0.1964 -0.9780 -0.0708
vn -0.3110 -0.9498 -0.0342
vn -0.1357 -0.9832 -0.1216
vn 0.1432 -0.9830 -0.1147
vn 0.0713 -0.9870 0.1440
vn -0.0768 -0.9963 -0.0384
vn -0.1880 -0.8584 0.4772
vn 0.3613 -0.8286 0.4275
vn 0.3381 -0.9243 0.1766
vn 0.2936 -0.9556 0.0239
vn -0.4080 -0.9001 0.1526
vn -0.4614 -0.8802 -0.1111
vn -0.2654 -0.8806 -0.3926
vn 0.2177 -0.9421 -0.2550
vn -0.8658 -0.4745 -0.1587
vn -0.9944 -0.0704 -0.0788
vn -0.9764 -0.1527 -0.1525
vn -0.5881 0.3655 0.7215
vn -0.4833 0.5072 0.7135
vn -0.9855 0.1622 -0.0492
vn 0.0877 -0.9557 0.2810
vn -0.1081 -0.9583 0.2647
vn -0.1751 -0.9808 0.0854
vn -0.4494 -0.8929 -0.0275
vn 0.0566 -0.9978 0.0337
vn -0.2087 -0.9430 -0.2590
vn 0.0266 -0.9673 -0.2520
vn -0.9664 -0.2006 -0.1606
vn -0.7092 -0.4958 -0.5011
vn -0.4886 -0.8384 -0.2414
vn -0.9271 -0.1657 -0.3361
vn -0.9911 0.1233 -0.0488
vn -0.9914 0.1064 -0.0759
vn -0.3176 -0.6814 -0.6594
vn 0.0143 -0.7232 -0.6905
vn -0.8311 0.5302 0.1674
vn -0.6303 0.6838 0.3676
vn -0.8969 0.4092 0.1673
vn -0.6870 0.6001 0.4097
vn -0.3717 0.7138 0.5936
vn -0.3696 0.5857 0.7213
vn 0.0492 0.7703 0.6357
vn 0.0453 0.5894 0.8065
vn 0.8687 -0.1535 -0.4709
vn 0.6885 -0.3918 -0.6102
vn -0.2952 0.0356 0.9547
vn -0.4780 -0.6683 0.5700
vn 0.5165 -0.7044 0.4869
vn 0.6763 0.0591 0.7343
vn 0.5130 -0.3038 0.8028
vn 0.4759 0.3031 0.8256
vn -0.4224 -0.3824 0.8218
vn -0.3952 0.2956 0.8697
vn 0.5008 0.4796 0.7205
vn -0.2428 0.4759 0.8453
vn -0.1003 0.8810 0.4624
vn -0.1310 0.6376 0.7591
vn 0.4875 0.6108 0.6239
vn 0.4379 0.8267 0.3533
vn 0.6642 -0.6909 -0.2853
vn 0.5878 -0.6178 -0.5223
vn -0.1336 -0.9770 -0.1659
vn 0.2819 -0.9493 0.1388
vn 0.8587 0.3932 0.3285
vn 0.8214 0.5436 0.1726
vn 0.1301 -0.9858 0.1057
vn -0.1993 -0.9776 -0.0679
vn 0.9251 0.1257 0.3583
vn 0.8620 -0.3804 0.3351
vn 0.8845 0.3030 0.3545
vn 0.7012 0.7106 0.0580
vn 0.6684 0.6769 0.3082
vn 0.9116 0.3662 0.1864
vn 0.9209 0.3755 -0.1045
vn 0.7970 0.1231 0.5913
vn 0.4521 -0.7560 0.4733
vn 0.7347 0.3504 0.5809
vn 0.7152 0.4897 0.4986
vn 0.6630 0.7444 0.0792
vn 0.7468 0.6645 0.0244
vn 0.7183 0.6427 0.2664
vn -0.2945 -0.8408 0.4541
vn -0.0676 0.9623 0.2633
vn 0.0342 0.9979 0.0549
vn 0.3657 0.9160 0.1650
vn 0.2600 0.9654 0.0197
vn 0.6287 0.7700 0.1087
vn 0.4003 -0.8921 0.2095
vn 0.3627 -0.9316 0.0242
vn 0.2733 -0.8340 0.4793
vn -0.2846 -0.9438 0.1680
vn -0.2858 -0.9579 0.0238
vn 0.5482 -0.5993 0.5834
vn -0.1612 -0.6509 0.7418
vn 0.5810 0.2966 0.7579
vn 0.1167 0.2679 0.9563
vn 0.7774 0.1366 0.6140
vn 0.7610 -0.3771 0.5278
vn 0.9430 -0.3235 0.0781
vn 0.9851 0.1041 0.1369
vn -0.2748 -0.9608 -0.0361
vn -0.1750 -0.9666 -0.1873
vn 0.1384 -0.9479 -0.2868
vn 0.2505 -0.9588 -0.1339
vn -0.0846 -0.9929 0.0835
vn -0.0444 -0.8677 0.4950
vn 0.4665 -0.8002 0.3769
vn -0.2362 -0.9511 0.1989
vn -0.3228 -0.9440 0.0674
vn 0.5475 -0.8348 0.0576
vn 0.4700 -0.8676 -0.1622
vn -0.3992 -0.8647 -0.3047
vn 0.1592 -0.8477 -0.5060
vn 0.9019 -0.3544 -0.2470
vn 0.9779 0.0583 -0.2005
vn 0.9085 -0.0515 -0.4146
vn 0.6453 0.4030 0.6490
vn 0.5315 0.5698 0.6268
vn 0.9178 0.3303 -0.2201
vn 0.2517 -0.9317 0.2617
vn 0.2528 -0.9623 0.1000
vn 0.5447 -0.8375 -0.0440
vn 0.2518 -0.9122 -0.3231
vn 0.8822 -0.1737 -0.4376
vn 0.5537 -0.7576 -0.3455
vn 0.9431 0.2157 -0.2532
vn 0.9566 0.1632 -0.2415
vn 0.3176 -0.6289 -0.7096
vn 0.7542 0.6563 0.0197
vn 0.6993 0.7050 0.1178
vn 0.8375 0.5403 0.0810
vn 0.7707 0.5876 0.2463
vn 0.5391 0.7064 0.4585
vn 0.5154 0.5483 0.6586
vn 0.6911 -0.2239 -0.6872
vn 0.8921 -0.0765 -0.4451
vn 0.9271 -0.1657 -0.3361
vn 0.7092 -0.4958 -0.5011
vn 0.1080 -0.0206 0.9939
vn -0.8438 -0.1489 0.5155
vn 0.6651 0.2701 -0.6961
vn 0.0573 0.3527 -0.9340
vn -0.5538 0.2963 -0.7781
vn 0.5311 0.5593 -0.6364
vn 0.4670 0.7528 -0.4639
vn 0.5681 0.6530 -0.5008
vn 0.7362 0.4318 -0.5210
vn 0.0470 0.6343 -0.7716
vn -0.6436 0.4989 -0.5803
vn 0.6747 -0.4780 0.5624
vn 0.1146 -0.6223 0.7743
vn 0.9183 0.3016 -0.2563
vn 0.9002 0.3092 -0.3064
vn -0.9232 0.2786 -0.2648
vn -0.9243 0.3009 -0.2347
vn 0.9615 -0.1916 0.1970
vn -0.9859 0.1372 -0.0953
vn -0.5736 -0.4913 0.6554
vn 0.7802 0.4284 -0.4557
vn 0.9636 0.2115 -0.1635
vn -0.8731 -0.2780 0.4004
vn -0.0098 0.6746 -0.7381
vn 0.9786 0.1344 -0.1559
vn -0.7509 0.4876 -0.4453
vn -0.9726 -0.0995 0.2101
vn 0.8826 0.2400 -0.4042
vn 0.9684 0.0884 -0.2332
vn -0.9813 -0.1770 0.0751
vn -0.9817 0.0139 -0.1900
vn -0.8843 0.1990 -0.4223
vn -0.6739 0.4065 -0.6169
vn 0.6760 -0.4967 0.5443
vn 0.0956 -0.6736 0.7328
vn 0.9666 0.1196 -0.2268
vn 0.9329 0.1788 -0.3125
vn -0.9134 0.1296 -0.3858
vn -0.8764 -0.3789 0.2972
vn 0.9611 -0.2197 0.1672
vn -0.5755 -0.5840 0.5724
vn 0.7313 0.3783 -0.5675
vn -0.0222 0.5738 -0.8187
vn -0.9402 -0.2559 0.2249
vn -0.0980 -0.3309 0.9386
vn 0.0960 -0.1661 -0.9814
vn 0.6155 -0.0646 -0.7854
vn 0.9986 -0.0381 -0.0363
vn 0.9301 -0.0569 -0.3627
vn -0.6004 -0.7199 0.3482
vn 0.5353 -0.8005 0.2694
vn 0.5787 -0.5211 0.6273
vn 0.6943 -0.6313 0.3455
vn -0.1615 -0.0274 -0.9865
vn -0.1029 0.0791 -0.9915
vn -0.0955 0.2105 -0.9729
vn -0.1208 0.3240 -0.9383
vn 0.5089 0.3529 -0.7852
vn 0.2416 -0.0795 -0.9671
vn 0.2602 0.0059 -0.9655
vn 0.2843 0.0977 -0.9537
vn 0.2776 0.2205 -0.9350
vn 0.2418 0.3646 -0.8992
vn 0.2304 0.4746 -0.8495
vn 0.2866 0.5271 -0.8000
vn 0.8806 0.4495 0.1502
vn 0.8365 0.5184 0.1772
vn 0.6927 0.6432 -0.3262
vn 0.6799 0.6520 -0.3357
vn 0.6113 0.6685 -0.4236
vn 0.7271 0.6425 -0.2418
vn 0.7743 0.6211 -0.1211
vn 0.7695 0.6322 -0.0904
vn 0.7887 0.6144 -0.0200
vn 0.8259 0.5634 0.0203
vn 0.7963 0.6049 -0.0027
vn 0.4672 0.6321 -0.6182
vn 0.5160 0.6523 -0.5552
vn 0.4122 0.5407 -0.7332
vn 0.5893 0.5647 -0.5779
vn 0.4779 0.7714 -0.4201
vn 0.6988 0.6854 0.2044
vn 0.8617 0.4975 0.1001
vn 0.9931 0.0329 0.1125
vn 0.9955 0.0655 0.0683
vn 0.8756 0.2936 -0.3835
vn 0.8664 0.3283 -0.3763
vn -0.3384 0.7648 0.5482
vn -0.5340 0.8403 -0.0937
vn -0.7446 0.6576 -0.1144
vn -0.5369 0.6068 0.5860
vn -0.6196 0.4936 0.6103
vn -0.8128 0.5548 -0.1773
vn -0.8262 0.5237 -0.2075
vn -0.6714 0.4350 0.5999
vn -0.8335 0.3016 0.4629
vn -0.1621 -0.1296 0.9782
vn -0.1508 -0.0672 0.9863
vn -0.8115 0.3228 0.4870
vn -0.8439 0.2634 0.4673
vn -0.8180 0.5470 -0.1776
vn -0.8203 0.5633 -0.0985
vn -0.8419 0.2155 0.4946
vn -0.7731 0.3515 0.5279
vn -0.7240 0.3931 0.5668
vn -0.8356 0.5085 -0.2076
vn -0.8479 0.4823 -0.2202
vn -0.1624 -0.2062 0.9649
vn 0.5667 0.2483 0.7856
vn 0.6061 0.1135 0.7872
vn 0.9376 0.3413 0.0664
vn 0.9016 0.4277 0.0637
vn 0.5743 0.0281 0.8181
vn 0.5708 -0.0602 0.8188
vn 0.7262 0.3460 -0.5940
vn 0.8505 0.2854 -0.4417
vn 0.8307 0.1949 -0.5214
vn 0.7075 0.2990 -0.6403
vn 0.8451 0.0543 -0.5317
vn 0.7238 0.2356 -0.6485
vn -0.1797 0.8498 -0.4955
vn -0.4012 0.8765 -0.2659
vn -0.4549 0.8450 -0.2810
vn -0.2607 0.8387 -0.4781
vn -0.5866 0.8018 -0.1143
vn -0.6438 0.7405 -0.1925
vn -0.7551 0.6553 -0.0180
vn -0.1303 -0.2492 0.9596
vn -0.1235 -0.0168 0.9922
vn -0.0565 0.0309 0.9979
vn 0.0248 0.0564 0.9981
vn 0.0533 0.0921 0.9943
vn 0.4300 -0.3846 0.8168
vn 0.4696 -0.3341 0.8172
vn 0.0422 0.1684 0.9848
vn 0.9933 0.1153 0.0022
vn 0.8062 0.4077 -0.4287
vn 0.9879 0.0949 0.1227
vn 0.5649 0.5038 -0.6535
vn 0.9972 -0.0273 -0.0692
vn 0.6740 -0.2376 0.6994
vn 0.6924 -0.2660 0.6706
vn 0.9819 -0.1689 -0.0852
vn 0.5721 -0.2311 0.7870
vn 0.5298 0.4150 -0.7396
vn 0.5563 0.4316 -0.7101
vn 0.4101 0.5835 -0.7009
vn 0.3256 0.5208 -0.7891
vn 0.5606 0.4398 -0.7017
vn 0.3411 0.5611 -0.7542
vn 0.0351 -0.0474 0.9982
vn -0.7472 0.3591 0.5593
vn 0.4068 0.5116 0.7568
vn -0.1890 0.8425 0.5045
vn 0.0486 0.9212 -0.3860
vn -0.0584 0.8914 -0.4493
vn 0.1553 0.8376 -0.5237
vn 0.1522 0.8685 -0.4718
vn -0.0664 0.9850 -0.1593
vn -0.2772 0.9316 -0.2351
vn -0.1259 0.9915 -0.0321
vn -0.4460 0.8932 -0.0577
vn -0.4461 0.8944 -0.0313
vn -0.0490 0.9941 -0.0968
vn 0.8155 -0.0581 0.5757
vn 0.9993 0.0153 -0.0338
vn 0.5997 0.5065 -0.6195
vn 0.7076 0.4671 -0.5302
vn 0.9763 0.1996 0.0839
vn -0.0684 0.7413 -0.6676
vn 0.0457 0.7734 -0.6322
vn 0.5513 -0.2202 0.8047
vn 0.4619 -0.3593 0.8109
vn 0.1141 0.6872 -0.7174
vn 0.1244 0.6276 -0.7685
vn 0.2508 0.6937 -0.6751
vn -0.8435 0.4806 -0.2396
vn -0.8296 0.5093 -0.2287
vn -0.0828 0.8029 -0.5902
vn 0.0194 0.9923 -0.1218
vn 0.0408 0.9987 -0.0301
vn 0.0510 0.9898 -0.1328
vn 0.0576 0.9281 -0.3678
vn 0.0000 0.9993 -0.0358
vn 0.0000 0.9943 -0.1069
vn 0.0562 0.8684 -0.4926
vn 0.0707 0.2673 0.9610
vn 0.8386 0.0093 -0.5446
vn 0.3464 0.7445 -0.5707
vn 0.0000 0.9234 -0.3837
vn 0.0000 0.8548 -0.5190
vn 0.0000 0.9901 -0.1402
vn -0.6277 0.5482 -0.5527
vn -0.6374 0.4680 -0.6121
vn -0.3412 0.4805 -0.8078
vn -0.3310 0.4105 -0.8496
vn -0.0510 0.4570 -0.8880
vn -0.0242 0.4046 -0.9142
vn 0.2661 0.4875 -0.8316
vn 0.2510 0.4451 -0.8596
vn 0.2976 -0.1369 0.9448
vn 0.2294 -0.1908 0.9544
vn 0.2647 -0.1867 0.9461
vn 0.2398 -0.2236 0.9447
vn 0.3310 -0.1698 0.9282
vn 0.3658 -0.1933 0.9104
vn 0.3374 -0.1095 0.9350
vn 0.3769 -0.1298 0.9171
vn 0.1430 -0.2743 0.9509
vn 0.1947 -0.2845 0.9387
vn 0.3986 -0.2215 0.8900
vn 0.3948 -0.1506 0.9063
vn -0.5972 0.4791 -0.6432
vn -0.2682 0.4519 -0.8508
vn 0.0178 0.4640 -0.8856
vn 0.2962 0.5153 -0.8042
vn 0.3382 -0.0761 0.9380
vn 0.2993 -0.0766 0.9511
vn 0.3072 -0.0848 0.9478
vn 0.3028 -0.0909 0.9487
vn 0.2164 0.3030 0.9280
vn 0.3995 0.3083 0.8633
vn 0.3615 0.8535 0.3753
vn -0.0124 0.8690 0.4946
vn -0.5390 0.6937 -0.4777
vn 0.2327 0.6279 -0.7427
vn -0.2960 0.7202 -0.6275
vn -0.0172 0.7017 -0.7122
vn -0.2070 0.9610 -0.1834
vn 0.1494 0.9446 -0.2921
vn 0.7924 0.3524 0.4979
vn 0.6598 -0.0762 0.7475
vn 0.4997 -0.3498 0.7924
vn 0.4098 -0.4183 0.8106
vn 0.3600 -0.3757 0.8539
vn 0.3331 -0.2973 0.8948
vn 0.3200 -0.2336 0.9181
vn 0.3382 -0.1741 0.9248
vn -0.6496 0.7009 -0.2945
vn -0.4631 0.8251 -0.3236
vn -0.2684 0.8638 -0.4263
vn 0.7468 0.3968 -0.5337
vn 0.5754 0.5274 -0.6251
vn 0.3586 0.6692 -0.6508
vn 0.1236 0.7859 -0.6058
vn -0.0860 0.8563 -0.5091
vn -0.2856 0.8550 -0.4329
vn -0.4703 0.7743 -0.4234
vn -0.6531 0.6353 -0.4121
vn 0.2706 -0.0380 0.9619
vn 0.6527 0.3320 0.6809
vn 0.6145 0.5725 0.5428
vn 0.1899 0.1990 0.9614
vn 0.4400 0.2266 0.8689
vn 0.6501 0.6331 0.4200
vn 0.8419 0.3926 0.3702
vn 0.8629 -0.0136 0.5051
vn 0.7608 0.5729 0.3048
vn 0.8035 0.0855 0.5891
vn 0.2315 -0.1891 0.9543
vn 0.7045 -0.2890 0.6482
vn 0.4717 -0.2578 0.8433
vn 0.4757 -0.3176 0.8203
vn 0.7656 -0.3081 0.5647
vn 0.5772 -0.5258 0.6248
vn 0.1206 -0.4715 0.8736
vn 0.4926 -0.4064 0.7695
vn -0.1223 -0.1067 0.9867
vn 0.0277 -0.2103 0.9772
vn -0.1528 -0.2945 0.9434
vn -0.2635 -0.3060 0.9148
vn 0.6302 -0.4788 0.6112
vn 0.5338 -0.4928 0.6872
vn 0.0264 -0.4001 0.9161
vn -0.1346 -0.5018 0.8544
vn -0.2530 -0.4977 0.8296
vn -0.2582 -0.4040 0.8776
vn 0.4655 0.5708 -0.6764
vn 0.6132 0.5596 -0.5575
vn 0.7155 0.4844 -0.5034
vn -0.6477 0.5612 -0.5153
vn -0.6449 0.5079 -0.5710
vn -0.6512 0.4881 -0.5811
vn 0.4822 -0.2075 0.8511
vn 0.4104 -0.2814 0.8674
vn 0.1845 -0.3370 0.9232
vn 0.0132 -0.3681 0.9297
vn -0.0577 -0.4519 0.8902
vn -0.1806 -0.5484 0.8165
vn -0.2712 -0.5621 0.7813
vn -0.3098 -0.4742 0.8241
vn 0.4772 -0.6046 0.6377
vn 0.0698 -0.6201 0.7814
vn 0.4504 -0.5422 0.7093
vn 0.0884 -0.6307 0.7710
vn 0.4420 -0.4237 0.7906
vn 0.1321 -0.5462 0.8271
vn 0.4321 -0.3280 0.8400
vn 0.1669 -0.4193 0.8923
vn -0.4558 0.6963 -0.5543
vn -0.4353 0.6037 -0.6678
vn -0.4290 0.5147 -0.7423
vn -0.4191 0.4876 -0.7659
vn -0.2053 0.5213 -0.8283
vn 0.0398 0.5726 -0.8188
vn 0.2149 0.5950 -0.7744
vn 0.2899 0.6510 -0.7015
vn 0.4114 0.6871 -0.5989
vn 0.5253 0.6366 -0.5646
vn -0.3062 0.8017 -0.5133
vn -0.1213 0.8489 -0.5144
vn 0.0878 0.8285 -0.5529
vn 0.3072 0.7581 -0.5752
vn 0.0388 0.8284 -0.5588
vn -0.1062 0.8292 -0.5487
vn 0.1479 0.7750 -0.6143
vn -0.2094 0.7406 -0.6385
vn -0.2123 0.6185 -0.7565
vn 0.0554 0.6817 -0.7295
vn 0.8501 0.1543 0.5035
vn 0.8734 0.1261 0.4704
vn 0.8162 0.4111 0.4060
vn 0.7705 0.6022 0.2089
vn 0.6927 0.7128 0.1098
vn 0.6045 0.7835 0.1437
vn 0.6750 0.7202 0.1598
vn 0.6965 0.6234 0.3552
vn 0.4888 0.7002 0.5203
vn 0.1828 0.7781 0.6010
vn 0.0740 0.9727 0.2200
vn -0.0352 0.9673 0.2510
vn 0.0000 0.9646 0.2635
vn 0.0377 0.7809 0.6235
vn -0.0937 0.7529 0.6514
vn 0.0000 0.7321 0.6811
vn 0.9328 0.3128 -0.1789
vn 0.8729 0.2674 0.4081
vn 0.1716 -0.9109 -0.3751
vn 0.1571 -0.9677 -0.1969
vn 0.2363 -0.9498 -0.2048
vn 0.2492 -0.9032 -0.3495
vn 0.0000 -0.9852 0.1712
vn 0.1482 -0.9779 0.1472
vn 0.0000 -0.9810 -0.1938
vn 0.0000 -0.9193 -0.3934
vn 0.0000 -0.9255 -0.3786
vn 0.1707 -0.9077 -0.3833
vn 0.0000 -0.9452 -0.3263
vn 0.1674 -0.9340 -0.3154
vn 0.0000 -0.9218 -0.3875
vn 0.0000 -0.9448 -0.3277
vn 0.1657 -0.9298 -0.3287
vn 0.1721 -0.9123 -0.3716
vn 0.0000 -0.9560 -0.2934
vn 0.1807 -0.9478 -0.2626
vn 0.3199 0.4942 0.8083
vn 0.3766 0.8306 0.4101
vn 0.8086 0.3955 0.4356
vn 0.7024 0.2467 0.6676
vn 0.1733 0.8495 0.4983
vn 0.2920 0.9412 0.1700
vn 0.4409 0.8610 0.2535
vn -0.0516 0.3385 0.9395
vn -0.0034 0.1406 0.9901
vn 0.1839 0.7311 0.6570
vn 0.3052 -0.0059 0.9523
vn 0.2598 0.6453 0.7183
vn 0.4821 -0.0699 0.8733
vn 0.2415 0.5493 0.7999
vn 0.5926 -0.0396 0.8045
vn 0.2901 0.4518 0.8436
vn 0.6761 0.1578 0.7197
vn 0.3340 0.5101 0.7925
vn 0.6226 0.2151 0.7523
vn 0.2943 0.5409 0.7879
vn 0.5125 -0.1829 0.8390
vn 0.1367 0.1151 0.9839
vn 0.5551 -0.5008 0.6641
vn 0.1092 -0.6028 0.7904
vn 0.6679 -0.3788 0.6406
vn 0.3107 -0.7519 0.5815
vn 0.7143 -0.1399 0.6858
vn 0.4560 -0.5603 0.6915
vn 0.6894 -0.0262 0.7239
vn 0.4704 -0.4031 0.7849
vn 0.6500 0.0265 0.7595
vn 0.4308 -0.3276 0.8409
vn 0.3791 -0.3605 0.8522
vn -0.1068 -0.7819 0.6141
vn -0.0678 -0.7566 0.6503
vn 0.6570 0.6619 0.3608
vn 0.4555 0.7406 0.4940
vn 0.3945 0.7428 0.5408
vn 0.6361 0.6867 0.3517
vn 0.5874 0.0589 0.8071
vn 0.4326 0.1281 0.8924
vn 0.3281 -0.3310 0.8847
vn 0.1473 0.1792 0.9727
vn 0.2161 -0.2558 0.9423
vn -0.1115 0.1544 0.9817
vn 0.1435 -0.2521 0.9570
vn -0.2249 0.0420 0.9734
vn 0.1127 -0.3351 0.9354
vn -0.1163 -0.1676 0.9790
vn 0.1614 -0.4591 0.8736
vn 0.2142 -0.2117 0.9536
vn 0.4622 -0.4853 0.7421
vn 0.7765 -0.3244 0.5401
vn 0.5278 -0.0874 0.8448
vn 0.7263 -0.0015 0.6874
vn 0.9160 -0.1207 0.3826
vn 0.8419 0.4393 0.3132
vn 0.9701 -0.1321 0.2037
vn 0.8957 -0.4158 0.1573
vn 0.7924 -0.5607 0.2404
vn 0.6860 -0.6447 0.3371
vn 0.6133 -0.7105 0.3450
vn 0.4436 -0.8319 0.3334
vn 0.1552 -0.8961 0.4158
vn -0.0636 -0.8628 0.5015
vn 0.7426 0.1676 0.6484
vn 0.6153 0.1862 0.7660
vn 0.7026 0.5680 0.4285
vn 0.6612 0.6192 0.4236
vn 0.7172 0.6062 0.3436
vn -0.0495 -0.8227 0.5663
vn -0.1255 -0.9058 0.4047
vn -0.3031 -0.8647 0.4005
vn -0.2705 -0.3425 0.8997
vn -0.0080 0.4346 0.9006
vn 0.0628 0.6473 0.7596
vn -0.0049 0.6722 0.7403
vn -0.0892 0.7420 0.6644
vn -0.0652 0.8734 0.4826
vn 0.1064 0.9561 0.2730
vn 0.2528 0.9485 0.1910
vn 0.1157 0.2793 0.9532
vn 0.4441 0.3251 0.8349
vn 0.2752 0.0444 0.9604
vn 0.2442 -0.2093 0.9468
vn 0.4464 0.1928 0.8738
vn -0.3886 -0.8801 0.2727
vn -0.4754 -0.8502 0.2261
vn 0.4839 0.7041 0.5196
vn 0.8044 0.1699 0.5692
vn 0.8381 0.1325 0.5291
vn 0.8539 -0.0403 0.5188
vn 0.8057 -0.2558 0.5343
vn 0.7636 -0.2381 0.6002
vn 0.7903 0.0087 0.6126
vn 0.7644 0.0236 0.6443
vn 0.6360 -0.1104 0.7637
vn 0.5249 -0.1316 0.8409
vn 0.3644 -0.0503 0.9299
vn 0.1021 0.1272 0.9866
vn 0.2966 0.9456 0.1332
vn 0.4879 0.8665 0.1050
vn 0.3327 -0.3352 0.8814
vn 0.4875 -0.3850 0.7836
vn 0.6931 -0.2766 0.6656
vn 0.7167 -0.0555 0.6952
vn 0.7261 0.1173 0.6774
vn 0.7044 0.2659 0.6580
vn -0.5670 -0.8227 0.0390
vn -0.7891 -0.6051 0.1055
vn 0.7889 -0.6142 0.0210
vn 0.7092 -0.7048 0.0136
vn -0.9158 0.0016 0.4016
vn 0.8665 -0.4983 -0.0286
vn -0.5049 0.6514 0.5662
vn 0.9968 0.0350 -0.0718
vn 0.9389 -0.3406 -0.0491
vn -0.4386 0.7493 0.4962
vn 0.8854 0.4599 0.0670
vn -0.4113 0.7523 0.5146
vn -0.3036 0.8187 0.4873
vn 0.5108 -0.8585 0.0454
vn -0.1828 0.9144 0.3612
vn 0.1608 -0.9800 0.1166
vn 0.0369 0.9644 0.2619
vn -0.2308 -0.9533 0.1947
vn 0.1969 0.9637 0.1802
vn -0.5040 -0.8636 0.0079
vn 0.8731 -0.0410 0.4858
vn 0.8946 -0.1179 0.4310
vn 0.9055 -0.1556 0.3948
vn 0.9154 -0.1076 0.3879
vn -0.4614 -0.8768 0.1356
vn 0.2432 0.9681 0.0599
vn 0.5502 0.8338 -0.0457
vn 0.9804 -0.0096 -0.1968
vn -0.8582 0.5004 0.1142
vn 0.8550 0.4977 -0.1456
vn -0.6178 0.7691 0.1636
vn 0.5748 -0.8145 0.0786
vn -0.1642 0.9694 0.1823
vn -0.0672 -0.9808 0.1829
vn 0.8549 -0.5061 -0.1143
vn 0.8057 0.1440 0.5746
vn 0.6565 0.1714 0.7345
vn 0.9173 0.0244 0.3974
vn 0.9023 -0.0052 0.4311
vn -0.6891 -0.7246 -0.0062
vn 0.6312 0.4172 0.6538
vn 0.4100 0.4678 0.7829
vn -0.9953 0.0595 0.0766
vn 0.4581 0.0783 0.8854
vn 0.5695 -0.0253 0.8216
vn 0.4196 -0.0161 0.9075
vn 0.4682 -0.2299 0.8531
vn 0.3650 0.2781 0.8884
vn 0.4869 0.1692 0.8569
vn 0.7399 0.3373 0.5820
vn 0.8367 0.1533 0.5257
vn 0.6901 0.2146 0.6911
vn 0.8676 0.1577 0.4714
vn 0.8878 0.2538 0.3839
vn 0.6834 0.4669 0.5612
vn 0.6244 0.4583 0.6325
vn 0.8620 0.1739 0.4760
vn 0.5935 -0.3572 0.7212
vn 0.8672 0.2047 0.4540
vn 0.7032 -0.3747 0.6042
vn 0.8650 -0.0920 0.4933
vn 0.8046 0.1907 0.5623
vn 0.8898 0.0932 0.4466
vn 0.8075 -0.3160 0.4981
vn 0.8828 -0.1392 0.4486
vn 0.8633 -0.1678 0.4759
vn 0.8623 -0.0132 0.5062
vn 0.8075 0.0047 0.5899
vn 0.6913 -0.0681 0.7193
vn 0.5026 0.2166 0.8369
vn 0.4533 0.1804 0.8729
vn 0.5927 0.2363 0.7699
vn 0.8298 0.3414 0.4415
vn 0.6783 0.4411 0.5876
vn 0.8313 0.4248 0.3583
vn 0.8485 0.2691 0.4556
vn 0.7112 0.4889 0.5052
vn 0.7414 0.4104 0.5309
vn 0.8575 0.1353 0.4963
vn 0.3885 0.1045 0.9155
vn 0.2759 -0.0141 0.9611
vn 0.8508 0.1446 0.5052
vn 0.3338 -0.0853 0.9388
vn 0.8864 0.0523 0.4599
vn 0.5444 -0.1207 0.8301
vn 0.9074 -0.1335 0.3983
vn 0.7676 -0.0013 0.6409
vn 0.9178 -0.1263 0.3763
vn 0.7858 0.2561 0.5630
vn 0.9220 -0.0236 0.3864
vn 0.7656 0.3705 0.5259
vn 0.8857 -0.1020 0.4528
vn 0.6865 -0.1178 0.7175
vn 0.8018 -0.1797 0.5699
vn 0.5885 0.0172 0.8083
vn 0.9224 -0.0215 0.3855
vn 0.6920 0.3737 0.6176
vn 0.7334 0.4445 0.5143
vn 0.8963 -0.1254 0.4253
vn 0.6865 0.5458 0.4804
vn 0.7441 0.4640 0.4807
vn 0.7834 -0.2342 0.5756
vn 0.8420 -0.2185 0.4933
vn 0.7353 -0.1270 0.6657
vn 0.3236 0.5175 0.7921
vn 0.0851 0.4615 0.8830
vn 0.7416 0.1969 0.6413
vn 0.4547 0.4700 0.7565
vn 0.8042 0.4845 0.3443
vn 0.7400 0.5906 0.3218
vn 0.7785 0.5217 0.3489
vn 0.6366 0.6186 0.4605
vn 0.8169 0.3441 0.4628
vn -0.1418 0.2624 0.9545
vn -0.0988 0.1428 0.9848
vn 0.1815 0.1528 0.9714
vn 0.5427 0.2524 0.8010
vn 0.0000 0.2664 0.9638
vn 0.0000 -0.2828 0.9592
vn -0.0003 -0.3526 0.9358
vn 0.1291 0.1900 0.9732
vn 0.0000 -0.5954 0.8034
vn 0.0284 -0.6255 0.7797
vn 0.0000 -0.6578 0.7532
vn 0.1019 -0.6534 0.7501
vn 0.0000 -0.6771 0.7358
vn 0.0956 -0.6504 0.7535
vn 0.1064 -0.6310 0.7684
vn 0.0000 -0.6569 0.7539
vn 0.0000 -0.7467 0.6651
vn 0.1277 -0.7219 0.6801
vn 0.0000 -0.7166 0.6974
vn 0.0913 -0.6815 0.7260
vn 0.3127 -0.5747 0.7562
vn 0.3938 -0.5340 0.7481
vn 0.5131 -0.4000 0.7594
vn 0.5279 -0.3640 0.7673
vn 0.6843 -0.1860 0.7050
vn 0.6967 -0.1920 0.6912
vn 0.8015 -0.0537 0.5955
vn 0.7979 -0.2391 0.5532
vn 0.4241 -0.4556 0.7826
vn 0.5770 -0.3979 0.7133
vn 0.6688 -0.4558 0.5873
vn 0.5728 -0.6057 0.5523
vn 0.3027 -0.6431 0.7034
vn 0.1932 -0.4662 0.8633
vn 0.1900 0.6701 0.7175
vn 0.0000 0.6746 0.7381
vn 0.0000 0.8461 0.5330
vn 0.2104 0.8296 0.5171
vn 0.0000 0.8968 0.4424
vn 0.1920 0.8714 0.4515
vn 0.2261 -0.3935 0.8910
vn 0.3930 0.2726 0.8782
vn 0.3455 -0.4254 0.8365
vn 0.7021 0.0983 0.7052
vn 0.4572 0.6319 0.6258
vn 0.4722 0.7534 0.4576
vn 0.4433 0.7721 0.4552
vn 0.6802 -0.7164 0.1553
vn 0.2696 -0.9309 0.2462
vn 0.9118 -0.3588 0.1996
vn 0.9267 -0.1164 0.3572
vn 0.6228 -0.0217 0.7820
vn 0.8145 -0.0062 0.5801
vn 0.4003 -0.0404 0.9155
vn 0.3540 -0.0919 0.9307
vn -0.0489 -0.9380 0.3430
vn -0.2739 -0.8329 0.4808
vn 0.3454 -0.6569 0.6702
vn -0.4609 -0.7361 0.4957
vn 0.8328 -0.3007 0.4648
vn -0.5426 -0.7091 0.4502
vn 0.1472 -0.9005 0.4090
vn -0.4728 -0.7271 0.4978
vn -0.1161 -0.9270 0.3565
vn 0.6297 -0.7516 0.1961
vn 0.3698 -0.6348 0.6784
vn 0.7953 0.4012 0.4545
vn 0.9681 -0.0042 0.2503
vn 0.8937 -0.4476 0.0294
vn 0.6564 -0.1912 0.7298
vn 0.7994 -0.2835 0.5297
vn 0.8328 -0.5153 0.2023
vn 0.8032 -0.5417 0.2476
vn 0.1729 -0.1601 0.9718
vn 0.9597 -0.2107 0.1859
vn 0.9140 0.0305 0.4045
vn 0.7917 0.5203 0.3201
vn 0.7675 0.5263 0.3659
vn 0.9707 0.1644 0.1752
vn 0.9300 0.2250 0.2907
vn 0.1408 -0.5301 0.8361
vn 0.1743 -0.5031 0.8464
vn 0.5397 0.1778 0.8228
vn 0.7302 0.0199 0.6830
vn 0.6927 -0.7146 0.0972
vn 0.3036 -0.9491 -0.0836
vn 0.8715 -0.3855 0.3031
vn 0.8521 -0.1479 0.5020
vn -0.1358 -0.9857 -0.0994
vn -0.5196 -0.8539 0.0284
vn -0.7607 -0.6071 0.2297
vn -0.7316 -0.5079 0.4548
vn -0.4970 -0.5568 0.6655
vn 0.2758 -0.5190 0.8090
vn 0.4154 -0.6156 0.6697
vn 0.3386 -0.8502 0.4030
vn 0.0775 -0.9931 0.0883
vn -0.2601 -0.6323 0.7297
vn -0.3433 -0.7717 0.5353
vn -0.4262 -0.8789 0.2142
vn 0.0000 -0.7014 0.7127
vn 0.0009 -0.6537 0.7567
vn 0.1379 0.8711 0.4714
vn 0.0000 0.8944 0.4473
vn 0.4096 0.7765 0.4788
vn 0.7436 0.5375 0.3977
vn 0.8798 0.3038 0.3654
vn 0.8533 0.2005 0.4813
vn 0.8119 0.0508 0.5816
vn 0.6602 -0.1789 0.7295
vn 0.4489 -0.3933 0.8024
vn 0.2503 -0.5416 0.8025
vn 0.8054 0.4641 0.3687
vn 0.3327 0.7961 0.5054
vn 0.2587 0.7785 0.5719
vn 0.7792 0.4500 0.4362
vn 0.2826 -0.9016 -0.3273
vn 0.3190 -0.9063 -0.2770
vn 0.3345 -0.8915 -0.3053
vn 0.3439 -0.8869 -0.3083
vn 0.3365 -0.9208 -0.1970
vn 0.1368 -0.9148 0.3799
vn 0.1908 -0.8268 0.5291
vn 0.0000 -0.8421 0.5393
vn 0.0000 -0.9251 0.3796
vn 0.0000 -0.6879 0.7258
vn 0.2456 -0.6677 0.7027
vn 0.0000 -0.4875 0.8731
vn 0.2810 -0.4557 0.8446
vn 0.0000 -0.1475 0.9890
vn 0.3055 -0.1220 0.9443
vn 0.2372 0.4978 0.8342
vn 0.0000 0.5079 0.8614
vn 0.1593 0.5727 0.8041
vn 0.0000 0.6179 0.7862
vn -0.5244 -0.8044 -0.2790
vn -0.5976 -0.7656 -0.2381
vn 0.2507 -0.9473 0.1995
vn 0.1648 -0.9635 -0.2110
vn -0.0015 -0.9796 0.2009
vn -0.4165 -0.8510 -0.3198
vn -0.3144 -0.7949 -0.5188
vn 0.1581 -0.9803 0.1178
vn -0.2131 -0.8415 -0.4965
vn 0.0421 -0.9315 0.3613
vn 0.0000 -0.9036 -0.4283
vn 0.0000 -0.9316 0.3634
vn -0.0874 -0.8264 -0.5562
vn 0.0659 -0.9354 0.3473
vn 0.0000 -0.9318 0.3628
vn 0.0000 -0.8356 -0.5492
vn 0.4180 -0.9052 0.0770
vn 0.3009 -0.7429 -0.5979
vn -0.1614 -0.7292 -0.6649
vn -0.0399 -0.9337 -0.3559
vn 0.0000 -0.7257 -0.6880
vn -0.3876 -0.9217 -0.0152
vn -0.2659 -0.8251 -0.4985
vn 0.7933 -0.5095 -0.3331
vn -0.2161 -0.2749 -0.9368
vn -0.6325 -0.6887 -0.3543
vn -0.7799 -0.2420 -0.5771
vn -0.7533 -0.6415 0.1447
vn -0.0993 -0.8257 0.5552
vn 0.6940 -0.6198 0.3663
vn -0.8622 -0.4049 0.3042
vn -0.1133 -0.6534 0.7485
vn 0.8674 -0.1825 -0.4629
vn 0.1140 0.1120 -0.9871
vn -0.8127 -0.0176 -0.5824
vn 0.7316 -0.5601 0.3886
vn 0.0075 0.1475 -0.9890
vn -0.8176 0.0545 -0.5732
vn 0.6301 -0.7376 0.2424
vn 0.7820 -0.2677 -0.5628
vn -0.8732 -0.4278 0.2333
vn -0.1483 -0.7912 0.5933
vn 0.4377 -0.6073 -0.6630
vn -0.1075 -0.3395 -0.9344
vn -0.6478 -0.4401 -0.6218
vn -0.6613 -0.7494 -0.0308
vn -0.1455 -0.9856 0.0855
vn 0.2797 -0.9536 -0.1111
vn -0.3091 -0.6560 -0.6885
vn 0.0000 -0.7202 -0.6938
vn -0.4255 -0.6118 -0.6668
vn -0.6037 -0.5679 -0.5594
vn -0.7844 -0.4437 -0.4333
vn -0.8482 -0.4049 -0.3415
vn -0.6371 -0.7231 -0.2669
vn -0.4625 -0.8366 -0.2935
vn -0.4825 -0.8109 -0.3311
vn -0.6458 -0.6964 -0.3128
vn -0.3681 -0.8646 -0.3418
vn -0.4510 -0.8260 -0.3380
vn -0.2335 -0.9365 -0.2615
vn -0.1090 -0.9771 -0.1828
vn 0.0000 -0.8773 -0.4799
vn -0.1815 -0.8691 -0.4600
vn -0.6374 -0.7040 -0.3132
vn -0.6419 -0.7052 -0.3009
vn -0.5096 -0.7924 -0.3352
vn -0.5237 -0.7892 -0.3206
vn -0.5179 -0.8242 -0.2291
vn -0.5886 -0.7502 -0.3011
vn -0.3860 -0.8405 -0.3800
vn -0.4559 -0.7801 -0.4284
vn -0.5367 -0.7454 -0.3952
vn -0.2907 -0.8654 -0.4081
vn 0.0000 -0.8749 -0.4842
vn 0.0000 -0.9910 -0.1339
vn -0.2076 -0.9777 -0.0299
vn -0.0137 -0.9973 0.0717
vn -0.2507 -0.9120 -0.3244
vn 0.1168 -0.9786 0.1694
vn -0.2809 -0.9331 -0.2245
vn -0.4513 -0.8729 -0.1855
vn 0.0992 -0.9859 0.1347
vn -0.5429 -0.8152 -0.2015
vn 0.0804 -0.9950 0.0587
vn -0.8378 -0.4471 -0.3133
vn -0.5407 -0.7960 -0.2720
vn 0.0840 -0.9945 -0.0617
vn -0.8012 -0.5150 -0.3048
vn -0.5513 -0.7546 -0.3559
vn -0.7943 -0.5351 -0.2876
vn -0.5181 -0.7822 -0.3460
vn -0.7905 -0.5437 -0.2818
vn -0.4043 -0.8185 -0.4080
vn -0.7328 -0.5726 -0.3674
vn -0.3016 -0.8850 -0.3545
vn -0.6500 -0.6467 -0.3990
vn -0.1571 -0.9711 -0.1796
vn -0.4672 -0.8259 -0.3154
vn -0.2228 -0.9660 -0.1307
vn -0.1800 -0.9635 -0.1982
vn -0.4830 -0.8197 -0.3079
vn -0.3634 -0.8709 -0.3309
vn -0.2605 -0.8914 -0.3709
vn -0.1846 -0.8656 -0.4654
vn -0.1270 -0.8665 -0.4828
vn -0.0662 -0.9281 -0.3663
vn -0.0294 -0.9647 -0.2616
vn 0.1166 -0.9750 -0.1890
vn 0.2299 -0.9384 -0.2581
vn 0.3212 -0.8984 -0.2994
vn 0.3753 -0.8509 -0.3674
vn 0.3767 -0.8539 -0.3589
vn 0.3570 -0.9141 -0.1921
vn 0.3087 -0.9473 -0.0860
vn -0.4361 -0.8997 -0.0190
vn -0.2413 -0.9701 0.0257
vn -0.4434 -0.8769 -0.1858
vn -0.1025 -0.9922 0.0711
vn -0.0753 -0.9956 0.0554
vn 0.1827 -0.9712 0.1529
vn -0.1250 -0.9258 0.3566
vn 0.0000 -0.9679 0.2514
vn 0.1782 -0.8873 0.4254
vn 0.4369 -0.7808 0.4465
vn 0.5186 -0.7846 0.3396
vn 0.5803 -0.7741 0.2529
vn 0.6208 -0.7704 0.1447
vn 0.6377 -0.7698 0.0262
vn 0.6649 -0.7426 -0.0804
vn 0.7111 -0.6863 -0.1524
vn 0.7653 -0.6149 -0.1903
vn 0.8061 -0.5850 -0.0889
vn 0.8153 -0.5635 0.1329
vn 0.8224 -0.4988 0.2735
vn 0.8057 -0.4581 0.3754
vn -0.2107 -0.9101 -0.3567
vn -0.4536 -0.8569 -0.2446
vn -0.4108 -0.9091 -0.0683
vn -0.5668 -0.8108 -0.1459
vn -0.5042 -0.8071 -0.3072
vn -0.1876 -0.9526 -0.2394
vn -0.1043 -0.9684 -0.2263
vn -0.4744 -0.8803 0.0031
vn -0.5125 -0.7424 -0.4314
vn -0.5746 -0.7388 -0.3519
vn -0.6068 -0.7064 -0.3645
vn -0.1269 -0.9901 -0.0605
vn -0.5761 -0.7642 -0.2898
vn -0.3464 -0.9351 0.0742
vn -0.5632 -0.7258 -0.3950
vn -0.4701 -0.7671 -0.4365
vn 0.0000 -0.9741 -0.2262
vn 0.0000 -0.9973 -0.0729
vn -0.3036 -0.8022 -0.5141
vn -0.3677 -0.8336 -0.4121
vn 0.0000 -0.9825 -0.1859
vn -0.3291 -0.9110 -0.2485
vn -0.1976 -0.9769 0.0812
vn -0.2601 -0.8405 -0.4752
vn 0.6371 -0.7231 -0.2669
vn 0.4625 -0.8366 -0.2935
vn 0.4434 -0.8769 -0.1858
vn 0.5668 -0.8108 -0.1459
vn 0.0000 -0.9985 0.0547
vn 0.0000 -0.9775 -0.2109
vn 0.0000 -0.8694 -0.4942
vn 0.0000 -0.8311 -0.5560
vn 0.0287 -0.9735 -0.2266
vn 0.0000 -0.8985 -0.4390
vn 0.0000 -0.9980 0.0632
vn -0.2579 -0.9619 0.0908
vn 0.0000 -0.9231 0.3844
vn -0.3008 -0.8845 0.3565
vn 0.0000 -0.3792 0.9253
vn -0.3395 -0.3345 0.8791
vn -0.3115 -0.9422 0.1230
vn -0.3944 -0.8386 0.3756
vn -0.6016 -0.2571 0.7562
vn -0.4414 -0.8889 0.1223
vn -0.5257 -0.6988 0.4851
vn -0.3735 -0.6279 0.6828
vn -0.2760 -0.5856 0.7621
vn -0.1987 -0.6504 0.7331
vn 0.1111 -0.7812 0.6142
vn 0.7982 -0.4677 0.3796
vn -0.5435 -0.7031 0.4586
vn -0.7280 -0.0049 0.6855
vn -0.6950 -0.3010 0.6529
vn -0.6536 0.3835 0.6524
vn -0.3590 0.2552 0.8978
vn -0.3407 0.1542 0.9274
vn -0.3536 0.1361 0.9254
vn -0.1789 0.0100 0.9838
vn 0.2719 -0.4764 0.8361
vn 0.7787 -0.5408 0.3180
vn -0.1628 0.9731 0.1630
vn -0.3160 0.9335 0.1692
vn -0.3800 0.9133 0.1465
vn -0.1996 0.9695 0.1426
vn -0.4256 0.8894 0.1666
vn -0.2577 0.9557 0.1424
vn -0.4790 0.8578 0.1861
vn -0.2160 0.9365 0.2762
vn -0.3799 0.8484 0.3686
vn -0.4428 0.8902 0.1072
vn -0.1352 0.9619 0.2376
vn -0.1364 0.9887 0.0616
vn -0.2223 0.9635 0.1491
vn -0.4522 0.8384 0.3042
vn -0.0800 0.9846 0.1551
vn 0.0000 0.9862 0.1654
vn 0.0000 0.9752 0.2210
vn 0.0000 0.9912 0.1321
vn -0.2276 0.7956 0.5614
vn -0.4202 0.8867 0.1926
vn -0.1460 0.7054 0.6936
vn -0.6440 0.4700 0.6037
vn -0.5014 0.6240 0.5993
vn -0.4144 0.7390 0.5312
vn 0.6943 0.6329 0.3425
vn 0.5802 0.6976 0.4204
vn -0.1678 0.9051 0.3905
vn 0.6987 0.1422 0.7011
vn 0.8706 0.2087 0.4455
vn 0.2862 -0.1189 0.9507
vn 0.5223 0.1393 0.8413
vn -0.5192 0.2898 0.8040
vn -0.5478 0.7866 0.2848
vn 0.0750 0.9866 -0.1448
vn 0.6425 0.7596 -0.1004
vn 0.9055 -0.2322 0.3552
vn 0.1942 -0.3292 0.9240
vn -0.6503 0.1064 0.7521
vn -0.7394 0.6690 -0.0757
vn 0.0767 0.7651 -0.6393
vn 0.8700 0.3018 -0.3899
vn 0.1455 -0.2403 0.9597
vn -0.7219 0.1564 0.6740
vn -0.7387 0.6528 -0.1677
vn 0.0738 0.7381 -0.6706
vn 0.8665 0.3412 -0.3642
vn 0.9030 -0.1287 0.4097
vn 0.7941 0.3384 0.5048
vn 0.2393 0.2575 0.9362
vn -0.3391 0.6004 0.7242
vn -0.3083 0.9426 0.1282
vn 0.2346 0.9472 -0.2185
vn 0.7537 0.6542 -0.0622
vn 0.0211 0.9090 0.4162
vn 0.2524 0.9452 0.2067
vn 0.4936 0.2966 0.8175
vn 0.5170 -0.0692 0.8531
vn 0.3761 0.4549 0.8072
vn 0.2316 -0.0624 0.9708
vn 0.6046 0.3728 0.7038
vn 0.6683 0.5894 0.4538
vn -0.2411 0.6830 0.6894
vn -0.1845 0.5517 0.8133
vn 0.1460 0.7054 0.6936
vn -0.0843 0.5767 0.8126
vn -0.2626 0.4006 0.8777
vn 0.6439 0.4700 0.6037
vn 0.0745 0.6808 0.7287
vn 0.7317 0.4632 0.5000
vn 0.1963 0.7590 0.6207
vn 0.4473 0.6892 0.5700
vn 0.3504 0.6985 0.6239
vn 0.8122 0.4827 0.3275
vn 0.3818 0.8066 0.4511
vn 0.8135 0.4904 0.3125
vn 0.4372 0.7982 0.4144
vn 0.5568 0.7366 0.3838
vn 0.0000 -0.0372 0.9993
vn 0.0000 0.9999 0.0088
vn 0.4203 0.4486 0.7888
vn 0.5398 0.3321 0.7735
vn 0.6466 0.3429 0.6813
vn 0.5584 -0.0589 0.8274
vn 0.7021 -0.0660 0.7089
vn 0.8175 -0.0896 0.5689
vn 0.6774 0.5177 0.5226
vn 0.6077 0.6493 0.4572
vn 0.5643 0.6869 0.4580
vn 0.5146 0.7008 0.4940
vn 0.9437 -0.0609 0.3252
vn 0.9705 -0.0721 0.2299
vn 0.2559 0.6583 0.7078
vn 0.1773 0.5265 0.8314
vn 0.0695 0.4340 0.8982
vn 0.9193 -0.0010 0.3936
vn 0.9565 0.0342 0.2898
vn 0.9702 0.0310 0.2402
vn 0.9727 -0.0222 0.2308
vn 0.9076 -0.4190 -0.0241
vn 0.8903 -0.4523 0.0530
vn 0.8951 -0.1432 0.4221
vn 0.8455 -0.1789 0.5030
vn -0.0699 0.2903 0.9543
vn 0.7297 -0.1802 0.6596
vn 0.5360 -0.2669 0.8009
vn 0.7882 -0.5550 0.2659
vn 0.8175 -0.5091 0.2694
vn 0.8501 -0.4810 0.2142
vn 0.8643 -0.4831 0.1399
vn 0.9531 -0.2809 0.1129
vn 0.9257 -0.3257 0.1921
vn -0.6442 0.7080 0.2893
vn -0.4859 0.8036 0.3437
vn -0.4597 0.8457 0.2711
vn -0.6242 0.7411 0.2474
vn 0.9080 -0.4185 -0.0217
vn 0.9320 -0.3623 -0.0010
vn 0.9454 -0.3174 0.0736
vn 0.9309 -0.2889 0.2234
vn 0.8567 -0.2732 0.4375
vn 0.7263 -0.2866 0.6247
vn 0.5564 -0.3649 0.7465
vn -0.0572 -0.7727 0.6321
vn 0.0000 -0.8182 0.5749
vn 0.2492 -0.6967 0.6727
vn 0.4712 -0.5894 0.6562
vn 0.9001 -0.1077 0.4222
vn 0.8699 -0.2226 0.4400
vn 0.8694 -0.3819 0.3133
vn 0.8158 -0.5155 0.2621
vn 0.7933 -0.4960 0.3528
vn 0.8062 -0.4414 0.3939
vn 0.8216 -0.4283 0.3762
vn 0.8671 -0.4012 0.2953
vn 0.9184 -0.3845 0.0937
vn 0.8944 -0.4144 0.1680
vn 0.9445 -0.3243 0.0508
vn 0.9398 -0.3414 -0.0062
vn 0.9401 -0.3409 0.0083
vn 0.4782 -0.5955 0.6455
vn 0.6924 -0.4690 0.5483
vn 0.8621 -0.3763 0.3394
vn 0.9264 -0.3553 0.1244
vn 0.1158 -0.9707 0.2106
vn 0.2193 -0.9576 0.1868
vn 0.2896 -0.8995 0.3270
vn 0.0000 -0.9749 0.2224
vn 0.3777 -0.7806 0.4979
vn 0.6047 -0.7004 0.3790
vn 0.9498 -0.1118 0.2922
vn 0.9759 -0.1887 0.1098
vn 0.9708 -0.2395 -0.0144
vn 0.9498 -0.3127 0.0078
vn 0.9132 -0.3923 0.1103
vn 0.8808 -0.4297 0.1987
vn 0.8529 -0.4520 0.2610
vn 0.8087 -0.4845 0.3334
vn 0.7536 -0.5191 0.4032
vn 0.7124 -0.5210 0.4701
vn 0.7134 -0.3413 0.6120
vn 0.7821 -0.6028 0.1576
vn 0.8552 -0.5182 0.0038
vn 0.8884 -0.4553 -0.0583
vn 0.9008 -0.4342 -0.0093
vn 0.9096 -0.4100 0.0664
vn 0.6249 -0.7622 -0.1689
vn 0.6225 -0.7803 -0.0602
vn -0.8054 0.4641 0.3687
vn -0.8122 0.4827 0.3275
vn -0.6498 0.6464 0.4000
vn -0.6376 0.6398 0.4290
vn 0.8158 -0.4914 0.3048
vn 0.7681 -0.5031 0.3961
vn 0.7622 -0.4634 0.4519
vn 0.4671 -0.8737 0.1357
vn 0.5784 -0.8147 -0.0417
vn 0.6433 -0.7472 -0.1665
vn 0.6456 -0.7365 -0.2020
vn 0.6378 -0.7551 -0.1518
vn 0.6242 -0.7673 -0.1468
vn -0.2572 0.8211 0.5095
vn -0.2940 0.8586 0.4198
vn 0.4144 0.7390 0.5312
vn 0.5886 -0.7951 0.1459
vn 0.6072 -0.7284 0.3173
vn 0.1507 -0.9880 -0.0342
vn 0.2886 -0.9574 -0.0042
vn 0.0000 -0.9995 -0.0301
vn 0.5566 0.6242 0.5483
vn -0.2712 0.8072 0.5242
vn 0.2777 -0.9567 0.0876
vn 0.3490 -0.8493 0.3961
vn 0.5900 -0.6427 0.4886
vn 0.6825 -0.5343 0.4986
vn 0.6583 -0.5354 0.5291
vn 0.6431 -0.5539 0.5288
vn 0.6749 -0.5844 0.4505
vn 0.6882 -0.4653 0.5566
vn 0.5693 -0.6228 0.5367
vn 0.6916 -0.5669 0.4475
vn 0.6290 -0.6167 0.4734
vn 0.6862 -0.5622 0.4615
vn 0.7538 -0.4069 0.5159
vn 0.8426 -0.2324 0.4857
vn 0.9494 -0.0553 0.3091
vn 0.9913 0.0133 0.1311
vn 0.9976 -0.0027 0.0693
vn 0.9951 -0.0196 0.0964
vn 0.9809 -0.0814 0.1764
vn 0.9560 -0.1556 0.2488
vn 0.9309 -0.2055 0.3018
vn 0.8930 -0.2584 0.3684
vn 0.8581 -0.3017 0.4154
vn 0.8430 -0.3140 0.4366
vn 0.8426 -0.1302 0.5225
vn 0.6107 -0.5123 0.6038
vn 0.7121 -0.4711 0.5204
vn 0.8229 0.2406 0.5147
vn 0.8924 -0.0111 0.4512
vn 0.9219 0.0367 0.3857
vn 0.8311 0.1950 0.5208
vn 0.8712 0.0979 0.4811
vn 0.8706 0.2783 0.4057
vn 0.8124 0.4741 0.3395
vn 0.7317 0.6016 0.3204
vn 0.6310 0.7331 0.2538
vn 0.8939 -0.0638 0.4437
vn 0.8719 0.1642 0.4612
vn 0.8419 0.3371 0.4214
vn 0.8410 0.4338 0.3232
vn 0.7342 0.5956 0.3257
vn 0.4021 0.8014 0.4428
vn 0.0770 0.8735 0.4807
vn 0.0000 0.8847 0.4661
vn 0.0399 0.8760 0.4807
vn 0.0000 0.8808 0.4735
vn 0.4294 0.7957 0.4271
vn 0.7298 0.6109 0.3067
vn 0.8045 0.5187 0.2892
vn 0.8330 0.4387 0.3370
vn 0.8929 0.2608 0.3670
vn 0.9247 0.0062 0.3806
vn 0.5095 -0.6587 0.5536
vn 0.7452 -0.5026 0.4381
vn 0.8663 -0.3279 0.3768
vn 0.8369 -0.3364 0.4318
vn 0.9443 0.0769 0.3198
vn 0.8907 0.3297 0.3128
vn 0.8203 0.4812 0.3089
vn 0.7869 0.5285 0.3184
vn 0.7311 0.5916 0.3398
vn 0.4547 0.7831 0.4242
vn 0.0397 0.8768 0.4791
vn 0.0000 0.8733 0.4872
vn 0.0000 0.8752 0.4837
vn 0.0785 0.8806 0.4674
vn 0.0000 0.8928 0.4504
vn 0.1051 0.8910 0.4416
vn 0.1130 0.9080 0.4033
vn 0.0000 0.9178 0.3970
vn 0.0567 0.8786 0.4742
vn 0.0000 0.8835 0.4684
vn -0.0818 0.7686 0.6344
vn 0.0000 0.7858 0.6185
vn -0.2413 0.6360 0.7330
vn 0.0000 0.6674 0.7447
vn -0.3197 0.5438 0.7759
vn 0.0000 0.5775 0.8164
vn -0.3173 0.5416 0.7784
vn 0.0000 0.5709 0.8210
vn -0.3145 0.5694 0.7595
vn 0.0000 0.5942 0.8043
vn -0.3000 0.5822 0.7557
vn 0.0000 0.5899 0.8075
vn 0.0000 0.6016 0.7988
vn -0.2384 0.6069 0.7581
vn -0.1595 0.6636 0.7309
vn 0.0000 0.6484 0.7613
vn -0.0407 0.7114 0.7016
vn -0.2909 0.6603 0.6923
vn -0.1525 0.6737 0.7230
vn -0.4568 0.5419 0.7054
vn -0.3676 0.4827 0.7949
vn -0.1747 0.5046 0.8455
vn 0.0659 0.5970 0.7995
vn 0.2886 0.7008 0.6524
vn 0.4708 0.7454 0.4718
vn 0.5173 0.7743 0.3644
vn 0.4842 0.7759 0.4044
vn 0.5235 0.7704 0.3639
vn 0.1783 0.7435 0.6445
vn 0.7305 0.5222 0.4401
vn 0.8133 0.4250 0.3974
vn 0.9059 0.2188 0.3625
vn 0.9168 0.0735 0.3926
vn 0.8553 0.2062 0.4753
vn 0.8255 0.2475 0.5072
vn 0.8799 -0.0259 0.4743
vn -0.3296 0.3359 0.8823
vn -0.4501 0.4422 0.7758
vn -0.0402 0.3615 0.9315
vn 0.2835 0.4637 0.8394
vn 0.5358 0.5434 0.6462
vn -0.2935 0.6493 0.7016
vn 0.0723 0.7302 0.6794
vn 0.3695 0.6792 0.6341
vn 0.0276 0.7491 0.6618
vn 0.1032 0.7516 0.6515
vn 0.7329 0.6209 0.2780
vn 0.7460 0.5467 0.3803
vn 0.7873 0.5282 0.3182
vn 0.8237 0.4111 0.3905
vn 0.8605 0.3445 0.3752
vn 0.9108 0.1761 0.3733
vn 0.9121 0.0954 0.3986
vn 0.9254 0.0169 0.3785
vn 0.9027 -0.0486 0.4275
vn 0.8795 0.1304 0.4576
vn 0.8641 0.0364 0.5020
vn 0.8107 0.2033 0.5490
vn 0.8052 0.1229 0.5801
vn 0.8562 0.0357 0.5155
vn 0.8056 0.0170 0.5922
vn 0.7798 0.0412 0.6247
vn 0.8309 -0.0128 0.5563
vn 0.7893 -0.2177 0.5741
vn 0.7701 -0.0845 0.6323
vn 0.7993 -0.1013 0.5922
vn 0.7212 -0.2740 0.6361
vn 0.7809 -0.2190 0.5849
vn 0.6527 -0.4893 0.5784
vn 0.7441 -0.3436 0.5729
vn 0.7848 -0.2552 0.5648
vn 0.7862 -0.2944 0.5433
vn 0.8350 0.4371 0.3342
vn 0.8415 0.1802 0.5092
vn 0.7978 -0.0020 0.6029
vn 0.8583 -0.1471 0.4915
vn 0.9145 -0.1353 0.3813
vn 0.9597 0.1311 0.2487
vn 0.9648 0.1931 0.1783
vn 0.9629 0.2191 0.1574
vn 0.9693 0.1880 0.1585
vn 0.9782 0.0687 0.1958
vn 0.9292 0.1040 0.3545
vn 0.9050 0.2902 0.3111
vn 0.8895 0.3910 0.2364
vn 0.8834 0.4320 0.1817
vn 0.8802 0.4024 0.2517
vn 0.7518 0.6028 0.2672
vn 0.8266 0.5209 0.2130
vn 0.8437 0.5022 0.1896
vn 0.7322 0.5975 0.3268
vn 0.8050 0.5263 0.2737
vn 0.8320 0.5003 0.2395
vn 0.0000 0.3682 0.9297
vn -0.2925 0.3674 0.8828
vn 0.6980 0.4955 0.5170
vn 0.2136 0.1619 0.9634
vn 0.0000 0.1427 0.9897
vn 0.4663 0.2214 0.8565
vn -0.0073 0.9165 0.3999
vn 0.0000 0.9321 0.3621
vn -0.5028 0.7990 0.3298
vn -0.4724 0.8490 0.2366
vn -0.6441 0.7111 0.2820
vn -0.5102 0.7963 0.3250
vn -0.6450 0.7056 0.2933
vn -0.5661 0.7659 0.3048
vn -0.6069 0.7083 0.3604
vn -0.6028 0.7083 0.3672
vn -0.5615 0.7283 0.3927
vn -0.5864 0.7067 0.3958
vn -0.6002 0.6747 0.4294
vn -0.6058 0.4020 0.6866
vn -0.7194 0.4711 0.5104
vn -0.5837 0.6195 0.5249
vn -0.7317 0.4632 0.5000
vn -0.5674 0.6342 0.5252
vn -0.2740 0.6902 0.6697
vn 0.0000 0.7231 0.6907
vn 0.0000 0.8143 0.5804
vn -0.2702 0.7863 0.5555
vn 0.0000 0.9911 0.1333
vn -0.2248 0.8950 0.3852
vn -0.2513 0.9301 0.2677
vn 0.6442 0.7080 0.2893
vn 0.6441 0.7111 0.2820
vn 0.4279 0.8206 0.3788
vn 0.4023 0.8308 0.3845
vn -0.5205 0.7980 0.3037
vn -0.5318 0.8038 0.2666
vn -0.5822 0.7479 0.3187
vn -0.6167 0.6959 0.3680
vn -0.6026 0.6664 0.4389
vn 0.0000 0.9149 0.4037
vn 0.0000 0.9587 0.2843
vn -0.2035 0.9068 0.3691
vn -0.1900 0.9229 0.3349
vn -0.2198 0.8950 0.3880
vn -0.2616 0.8324 0.4885
vn -0.5709 0.6182 0.5401
vn -0.3513 0.8551 0.3812
vn 0.0000 0.9225 0.3858
vn 0.0000 0.9362 0.3514
vn 0.0000 0.9216 0.3882
vn 0.0000 0.8617 0.5075
vn 0.1808 0.9600 -0.2137
vn 0.4626 0.8604 -0.2138
vn 0.0000 0.9929 -0.1187
vn 0.1356 0.9829 -0.1246
vn 0.1559 0.9613 -0.2270
vn 0.0000 0.9740 -0.2263
vn 0.0000 0.9992 -0.0390
vn 0.1165 0.9929 -0.0254
vn 0.1115 0.9935 -0.0230
vn 0.0000 1.0000 -0.0069
vn 0.0000 0.9987 -0.0501
vn 0.1483 0.9889 0.0004
vn 0.0000 0.9999 0.0132
vn 0.1792 0.9836 0.0208
vn 0.8114 0.5455 0.2096
vn 0.8729 0.4370 0.2172
vn 0.7702 0.4815 0.4181
vn 0.7091 0.5745 0.4087
vn 0.9912 -0.0176 0.1310
vn 0.9404 0.1721 -0.2934
vn 0.9716 0.1583 -0.1755
vn 0.9540 0.0023 0.2997
vn 0.2518 0.7206 -0.6460
vn 0.0000 0.7327 -0.6806
vn 0.0000 0.7087 -0.7054
vn 0.2506 0.6748 -0.6941
vn 0.4974 -0.2185 0.8395
vn 0.5714 -0.1366 0.8092
vn 0.6127 -0.3698 0.6985
vn 0.4996 -0.3025 0.8117
vn 0.8413 0.5238 -0.1337
vn 0.3526 0.9212 -0.1645
vn 0.3917 0.8861 -0.2475
vn 0.3149 0.9483 0.0384
vn 0.3160 0.9471 -0.0561
vn 0.3612 0.9233 0.1301
vn 0.4509 0.8872 0.0973
vn 0.0000 0.9918 -0.1276
vn 0.1740 0.9738 -0.1462
vn 0.9843 0.1535 -0.0870
vn 0.9416 -0.0313 0.3352
vn 0.9987 -0.0255 -0.0428
vn 0.9231 0.1919 -0.3331
vn 0.5678 -0.3988 0.7201
vn 0.6999 -0.3089 0.6439
vn 0.6102 -0.1316 0.7812
vn 0.5383 -0.1993 0.8188
vn 0.8797 0.4618 -0.1129
vn 0.9348 0.3485 -0.0682
vn 0.9156 0.3305 -0.2288
vn 0.8478 0.4572 -0.2686
vn 0.8520 0.5095 0.1201
vn 0.9180 0.3853 0.0933
vn 0.9304 0.3653 0.0293
vn 0.8812 0.4720 0.0255
vn 0.7725 0.5616 0.2962
vn 0.8581 0.4375 0.2685
vn 0.9181 0.2810 0.2793
vn 0.8513 0.3242 0.4124
vn 0.2181 0.7617 -0.6101
vn 0.0000 0.7614 -0.6483
vn 0.1845 0.8265 -0.5318
vn 0.0000 0.8283 -0.5602
vn 0.4364 -0.3201 0.8408
vn 0.9631 0.2563 -0.0823
vn 0.9481 0.2239 -0.2254
vn 0.9476 0.2942 0.1243
vn 0.9565 0.2909 0.0197
vn 0.9109 0.3756 -0.1708
vn 0.9668 0.2329 -0.1053
vn 0.8400 0.4954 -0.2212
vn 0.1584 0.9516 -0.2633
vn 0.4441 0.8576 -0.2591
vn 0.0000 0.9656 -0.2599
vn 0.0000 0.9787 -0.2050
vn 0.9714 -0.2272 0.0691
vn 0.9288 -0.3686 0.0387
vn 0.9082 -0.2520 0.3341
vn 0.9365 -0.1861 0.2971
vn 0.8123 -0.3096 0.4942
vn 0.7746 -0.3582 0.5212
vn 0.8918 -0.2644 0.3672
vn 0.9006 -0.2098 0.3805
vn 0.9639 -0.2192 0.1509
vn 0.9506 -0.2501 0.1837
vn 0.8384 -0.5447 -0.0170
vn 0.6889 -0.7241 -0.0328
vn 0.9947 0.0947 -0.0402
vn 0.9972 -0.0683 0.0311
vn 0.0000 -0.6216 0.7833
vn 0.3959 -0.5640 0.7247
vn 0.4035 -0.5459 0.7342
vn 0.0000 -0.5946 0.8040
vn 0.7299 -0.4200 0.5393
vn 0.6049 -0.5000 0.6198
vn 0.6365 -0.4937 0.5925
vn 0.6791 -0.4376 0.5893
vn 0.9145 0.2962 0.2753
vn 0.0000 -0.9987 -0.0506
vn 0.2073 -0.9774 -0.0412
vn 0.0000 -0.9966 0.0815
vn 0.0000 -0.9949 0.1004
vn 0.0253 -0.9949 0.0976
vn -0.0396 -0.9949 0.0927
vn 0.0000 -0.9971 0.0763
vn -0.0168 -0.9953 0.0949
vn 0.0000 -0.9887 0.1499
vn 0.0000 -0.9961 0.0883
vn 0.0541 -0.9924 0.1101
vn 0.1108 -0.9835 0.1429
vn 0.0000 -0.9554 0.2953
vn 0.1486 -0.9429 0.2982
vn 0.7497 -0.3205 0.5789
vn 0.7471 -0.2377 0.6207
vn 0.5507 -0.4054 0.7296
vn 0.4841 -0.3218 0.8137
vn 0.8884 -0.2983 -0.3489
vn 0.9143 -0.2393 -0.3266
vn 0.9675 -0.1742 -0.1834
vn 0.9258 -0.2190 -0.3080
vn 0.9779 -0.1092 -0.1781
vn 0.9723 0.0721 -0.2224
vn 0.9599 0.0999 -0.2618
vn 0.9496 -0.0852 -0.3017
vn 0.9851 0.1372 -0.1033
vn 0.9880 0.1527 0.0226
vn 0.9990 -0.0113 0.0424
vn 0.9923 -0.0324 -0.1195
vn 0.9376 -0.3381 -0.0812
vn 0.9607 -0.2541 -0.1118
vn -0.5866 -0.6399 0.4964
vn -0.3961 -0.4917 0.7755
vn 0.2427 -0.4628 0.8526
vn 0.4645 -0.6454 0.6064
vn 0.9780 0.0008 0.2085
vn 0.9711 0.1494 0.1859
vn 0.9427 0.1302 0.3072
vn 0.9523 0.0244 0.3041
vn 0.4927 -0.8699 0.0220
vn 0.3421 -0.9362 0.0800
vn 0.1946 -0.9763 0.0942
vn -0.9640 -0.2577 -0.0653
vn -0.3645 -0.9296 0.0550
vn -0.0871 -0.9958 -0.0254
vn -0.8338 -0.4351 -0.3397
vn -0.9232 -0.3270 0.2021
vn -0.7157 -0.5435 0.4385
vn -0.3921 -0.8811 0.2644
vn -0.4191 -0.8941 0.1581
vn 0.9823 -0.1723 -0.0736
vn 0.8853 -0.2107 -0.4146
vn 0.9891 -0.1415 -0.0399
vn 0.9941 -0.1059 0.0226
vn 0.9787 -0.0797 0.1892
vn 0.9738 -0.1390 0.1798
vn 0.9008 0.0119 0.4341
vn 0.8999 0.1588 0.4061
vn 0.6171 -0.4809 0.6227
vn 0.3320 -0.6594 0.6745
vn 0.2178 -0.8164 0.5348
vn 0.5155 -0.6138 0.5979
vn 0.3477 -0.5717 0.7431
vn -0.0562 -0.8390 0.5413
vn -0.2934 -0.6471 0.7037
vn 0.1651 -0.4816 0.8607
vn 0.4013 -0.4849 0.7770
vn 0.0000 -0.5529 0.8332
vn 0.9526 -0.0813 0.2930
vn 0.8633 -0.1717 0.4746
vn 0.9170 0.1037 0.3852
vn 0.8680 0.3070 -0.3902
vn 0.7066 0.4133 -0.5743
vn 0.7565 0.4653 -0.4596
vn 0.8686 0.3637 -0.3366
vn 0.0000 -0.2874 0.9578
vn 0.3730 -0.3595 0.8553
vn 0.0000 -0.2737 0.9618
vn 0.6255 -0.4055 0.6665
vn 0.6987 -0.3402 0.6293
vn 0.7614 -0.4547 0.4620
vn 0.6237 -0.5254 0.5788
vn 0.5630 0.4911 -0.6646
vn 0.4542 0.5787 -0.6774
vn 0.4264 0.5447 -0.7222
vn 0.5867 0.5137 -0.6260
vn 0.5715 -0.1209 0.8116
vn 0.2115 0.6163 -0.7586
vn 0.9613 0.1434 -0.2352
vn 0.9909 -0.1154 0.0688
vn 0.0000 0.6537 -0.7567
vn 0.8157 -0.1713 0.5526
vn 0.6627 -0.3293 0.6725
vn 0.5559 -0.4749 0.6822
vn 0.0000 -0.9936 0.1133
vn 0.8473 -0.1515 0.5089
vn 0.7667 -0.1299 0.6287
vn 0.7967 -0.1972 0.5712
vn 0.7043 -0.1353 0.6969
vn 0.6290 -0.1488 0.7630
vn 0.8204 0.2505 -0.5139
vn 0.8018 0.2706 -0.5329
vn 0.8319 0.3424 -0.4367
vn 0.9367 -0.1702 0.3059
vn 0.8260 -0.2282 0.5154
vn 0.5989 -0.4154 0.6847
vn 0.5790 -0.4513 0.6790
vn 0.4158 -0.5499 -0.7244
vn 0.3338 -0.8600 -0.3859
vn 0.6351 -0.7409 -0.2185
vn 0.1937 -0.9725 -0.1291
vn 0.6759 -0.7367 0.0180
vn 0.5243 -0.8498 0.0530
vn 0.5175 -0.8552 -0.0283
vn 0.5394 0.8332 -0.1215
vn -0.5327 -0.6138 -0.5826
vn -0.2246 -0.5119 -0.8291
vn 0.0000 -0.7295 0.6840
vn 0.0000 -0.8641 0.5033
vn 0.6016 -0.4227 0.6778
vn 0.5541 -0.4706 0.6866
vn 0.8098 -0.4128 -0.4168
vn 0.9619 -0.1945 0.1923
vn 0.8982 -0.2897 0.3307
vn 0.2293 -0.9719 0.0536
vn 0.9475 0.2092 -0.2417
vn 0.0000 -0.9987 0.0501
vn 0.8460 -0.5312 -0.0459
vn 0.0000 0.9629 -0.2698
vn 0.1562 0.9506 -0.2683
vn 0.4229 0.8657 -0.2675
vn 0.8329 0.4687 -0.2942
vn 0.9044 0.3364 -0.2623
vn 0.2852 0.7503 -0.5964
vn 0.9399 -0.2122 -0.2675
vn 0.9605 -0.2654 -0.0834
vn 0.8928 -0.4189 0.1658
vn 0.9279 -0.3596 0.0986
vn 0.9689 0.1477 -0.1984
vn 0.8518 0.1512 -0.5015
vn 0.8154 0.2246 -0.5336
vn 0.5980 -0.5178 0.6117
vn 0.5805 -0.5611 0.5900
vn 0.4129 -0.6113 0.6751
vn 0.4724 -0.4841 0.7365
vn 0.7895 -0.4675 0.3976
vn 0.7561 -0.4804 0.4444
vn 0.7832 0.3175 -0.5346
vn 0.7542 0.1199 -0.6456
vn 0.6074 0.4692 -0.6409
vn 0.6076 0.3924 -0.6905
vn 0.4216 0.5809 -0.6963
vn 0.4862 0.5939 -0.6410
vn 0.0000 -0.3914 0.9202
vn 0.2651 -0.4173 0.8692
vn 0.1020 0.7667 -0.6338
vn 0.1675 0.6413 -0.7487
vn 0.0000 0.6632 -0.7484
vn 0.0000 0.7653 -0.6436
vn 0.0000 -0.7721 0.6355
vn 0.2107 -0.7344 0.6451
vn 0.6286 0.7241 -0.2837
vn 0.6636 0.7067 -0.2453
vn 0.6732 0.7136 -0.1935
vn 0.5764 0.7830 0.2339
vn 0.5191 0.8154 0.2563
vn 0.5257 0.8415 0.1242
vn 0.5394 0.8408 -0.0463
vn 0.5523 0.8069 -0.2095
vn 0.5859 0.7549 -0.2946
vn 0.7111 0.7030 0.0110
vn 0.7465 0.5914 -0.3047
vn 0.7723 0.5889 -0.2382
vn 0.4654 -0.5719 0.6754
vn 0.7845 0.5977 -0.1650
vn 0.6395 0.6859 0.3472
vn 0.6534 0.6953 0.2994
vn 0.7180 0.6787 0.1541
vn 0.7589 0.6511 -0.0021
vn 0.7562 0.6281 -0.1833
vn 0.7344 0.6034 -0.3105
vn 0.7612 0.6304 0.1520
vn -0.6088 0.2136 0.7640
vn 0.3953 0.2127 0.8936
vn 0.1534 0.2712 0.9502
vn -0.2362 0.2793 0.9307
vn 0.7451 0.1665 0.6458
vn -0.2644 0.1132 0.9577
vn -0.3413 -0.7409 0.5784
vn 0.6913 -0.6696 0.2714
vn -0.0593 0.1873 0.9805
vn 0.4087 0.2133 0.8874
vn -0.2282 -0.4620 0.8570
vn 0.5006 -0.5017 0.7055
vn 0.6131 0.1192 0.7809
vn -0.4551 0.1547 0.8769
vn -0.5416 -0.6464 0.5374
vn 0.5175 -0.7364 0.4357
vn -0.3534 -0.4645 0.8120
vn -0.3477 0.2292 0.9091
vn 0.4697 -0.4300 0.7710
vn 0.4326 0.2697 0.8603
vn -0.0012 0.3414 0.9399
vn 0.0469 -0.4759 0.8782
vn 0.2949 0.5286 0.7960
vn -0.3871 0.5177 0.7630
vn 0.0327 0.5417 0.8399
vn 0.1767 0.8012 0.5716
vn -0.4593 0.7367 0.4962
vn -0.4549 0.5812 0.6747
vn 0.2128 0.5990 0.7719
vn -0.6875 -0.6735 -0.2716
vn -0.2312 -0.9650 0.1233
vn 0.0882 -0.9749 -0.2043
vn -0.6283 -0.6803 -0.3772
vn 0.0622 0.5982 0.7989
vn -0.8069 0.4876 0.3333
vn -0.8453 0.3523 0.4016
vn -0.1328 -0.9837 0.1206
vn -0.0248 -0.9861 0.1646
vn -0.0164 -0.9971 -0.0738
vn 0.1199 -0.9896 -0.0794
vn -0.8687 0.1498 0.4721
vn -0.8238 -0.3369 0.4557
vn -0.8582 0.3156 0.4047
vn -0.7093 0.6325 0.3113
vn -0.9047 0.3706 0.2102
vn -0.8325 0.3518 0.4280
vn -0.5884 0.6106 0.5301
vn -0.6204 0.2709 0.7360
vn -0.4357 -0.6580 0.6142
vn -0.6343 0.3675 0.6802
vn -0.6545 0.4173 0.6305
vn -0.6450 0.6909 0.3264
vn -0.6770 0.5832 0.4489
vn -0.7289 0.6423 0.2369
vn 0.2824 -0.9016 0.3276
vn 0.0117 -0.9333 0.3588
vn 0.0938 0.7867 0.6101
vn 0.1464 0.9194 0.3651
vn 0.1375 0.9369 0.3213
vn 0.1123 0.9708 0.2121
vn 0.0666 0.9958 0.0622
vn -0.4437 0.8525 0.2763
vn -0.3510 0.9362 0.0172
vn -0.5168 0.8052 0.2907
vn -0.3676 -0.9167 0.1565
vn -0.3859 -0.8845 0.2620
vn -0.2017 -0.8585 0.4715
vn 0.2521 -0.9665 0.0491
vn 0.0214 -0.9977 0.0642
vn 0.2741 -0.9595 0.0647
vn -0.0004 -0.9968 0.0801
vn -0.3733 -0.3955 0.8392
vn 0.3299 -0.4672 0.8203
vn -0.1950 0.2484 0.9488
vn 0.3071 0.1787 0.9347
vn -0.4348 0.2254 0.8718
vn -0.4332 -0.4021 0.8066
vn -0.8703 0.2011 0.4495
vn -0.8487 -0.2862 0.4447
vn 0.2846 -0.9561 0.0702
vn -0.2419 -0.9702 0.0150
vn -0.0625 -0.9836 -0.1692
vn 0.2046 -0.9752 -0.0846
vn 0.0175 -0.9939 0.1086
vn -0.0068 -0.9973 0.0721
vn -0.2973 -0.8155 0.4966
vn 0.0946 -0.9032 0.4186
vn 0.1963 -0.9606 0.1967
vn 0.2264 -0.9739 0.0124
vn -0.4346 -0.8625 0.2590
vn -0.4708 -0.8821 0.0093
vn -0.2600 -0.9108 -0.3207
vn 0.2155 -0.9396 -0.2657
vn -0.9372 -0.3456 0.0474
vn -0.9808 0.1404 0.1349
vn -0.9802 -0.0115 -0.1979
vn -0.4077 0.4048 0.8185
vn -0.3680 0.4912 0.7894
vn -0.9329 0.3592 0.0265
vn -0.0414 -0.9716 0.2331
vn -0.2150 -0.9525 0.2157
vn -0.2375 -0.9692 0.0645
vn -0.5343 -0.8448 -0.0266
vn -0.0187 -0.9977 -0.0642
vn -0.3082 -0.8307 -0.4636
vn -0.0037 -0.8778 -0.4790
vn -0.9390 -0.1137 -0.3246
vn -0.7668 -0.3548 -0.5348
vn -0.5882 -0.7069 -0.3927
vn -0.9343 -0.1037 -0.3412
vn -0.9525 0.2922 -0.0850
vn -0.9750 0.2090 -0.0746
vn -0.4157 -0.4950 -0.7629
vn -0.0389 -0.5682 -0.8220
vn -0.0430 -0.3325 -0.9421
vn -0.4239 -0.3110 -0.8506
vn -0.7295 -0.1923 -0.6564
vn -0.9215 -0.0050 -0.3883
vn -0.9748 0.2093 -0.0769
vn -0.7581 0.6035 0.2469
vn -0.6311 0.6884 0.3575
vn -0.8317 0.5193 0.1962
vn -0.6548 0.6234 0.4274
vn -0.3814 0.7516 0.5382
vn -0.8653 0.4464 0.2280
vn -0.6885 0.5582 0.4630
vn -0.3793 0.6455 0.6629
vn 0.1043 0.8612 0.4973
vn 0.0998 0.6680 0.7374
vn -0.8832 0.4024 0.2409
vn -0.7156 0.5160 0.4707
vn -0.4039 0.6003 0.6902
vn 0.0501 0.5842 0.8101
vn -0.4636 -0.0266 0.8856
vn -0.4722 -0.7925 0.3859
vn 0.5762 -0.7481 0.3290
vn 0.5602 -0.0507 0.8268
vn 0.4596 -0.4005 0.7927
vn 0.5297 0.2228 0.8184
vn -0.4117 -0.3360 0.8471
vn -0.3446 0.3099 0.8861
vn 0.5488 0.4900 0.6772
vn -0.1906 0.5357 0.8226
vn -0.1270 0.8097 0.5728
vn -0.1468 0.6097 0.7789
vn 0.5271 0.5677 0.6323
vn 0.4563 0.7653 0.4540
vn 0.6967 -0.6686 -0.2599
vn 0.6196 -0.6524 -0.4365
vn 0.0383 -0.9848 -0.1695
vn 0.3117 -0.9478 0.0673
vn 0.9006 0.3453 0.2638
vn 0.8631 0.4701 0.1845
vn 0.1385 -0.9758 0.1691
vn -0.0953 -0.9946 -0.0416
vn 0.9387 0.0928 0.3320
vn 0.8567 -0.3910 0.3364
vn 0.9131 0.2989 0.2771
vn 0.6352 0.7374 0.2296
vn 0.5882 0.6612 0.4656
vn 0.8681 0.3724 0.3282
vn 0.9156 0.3983 0.0551
vn 0.7219 0.1894 0.6655
vn 0.4696 -0.7251 0.5036
vn 0.6716 0.4219 0.6090
vn 0.7049 0.4789 0.5231
vn 0.6655 0.7203 0.1956
vn 0.8043 0.5914 0.0574
vn 0.7103 0.6173 0.3382
vn -0.2137 -0.8545 0.4734
vn -0.0546 0.9432 0.3277
vn 0.0755 0.9883 0.1323
vn 0.3981 0.8972 0.1910
vn 0.3684 0.9294 0.0194
vn 0.6234 0.7734 0.1147
vn 0.4054 -0.8825 0.2382
vn 0.3575 -0.9276 0.1083
vn 0.2317 -0.8423 0.4867
vn -0.2624 -0.9555 0.1347
vn -0.2925 -0.9518 0.0927
vn 0.5450 -0.7280 0.4158
vn -0.1387 -0.8437 0.5185
vn 0.4290 0.0685 0.9007
vn -0.0410 0.0909 0.9950
vn 0.5884 0.2181 0.7786
vn 0.7006 -0.3582 0.6171
vn 0.9286 -0.2791 0.2443
vn 0.9356 0.1818 0.3026
vn -0.2809 -0.9593 0.0291
vn -0.2032 -0.9707 -0.1281
vn 0.1297 -0.9704 -0.2037
vn 0.2489 -0.9674 -0.0460
vn 0.0365 -0.9972 0.0656
vn -0.0219 -0.8535 0.5207
vn 0.4099 -0.7881 0.4592
vn -0.1872 -0.9741 0.1270
vn -0.1903 -0.9809 -0.0402
vn 0.4917 -0.8651 0.0994
vn 0.5137 -0.8460 -0.1427
vn -0.1191 -0.9375 -0.3269
vn 0.2789 -0.8468 -0.4529
vn 0.9157 -0.3598 -0.1790
vn 0.9938 0.0690 -0.0875
vn 0.9316 -0.0897 -0.3522
vn 0.5239 0.4470 0.7250
vn 0.4728 0.5291 0.7046
vn 0.9111 0.3935 -0.1226
vn 0.1552 -0.9737 0.1668
vn 0.2119 -0.9759 -0.0516
vn 0.5019 -0.8600 -0.0916
vn 0.2694 -0.8073 -0.5251
vn 0.9210 -0.1638 -0.3533
vn 0.4982 -0.7642 -0.4095
vn 0.6971 -0.4164 -0.5836
vn 0.8857 -0.1199 -0.4485
vn 0.9293 0.3388 -0.1472
vn 0.9571 0.2423 -0.1591
vn 0.3318 -0.5008 -0.7994
vn 0.3099 -0.2840 -0.9073
vn 0.5826 -0.1858 -0.7913
vn 0.8396 0.0303 -0.5424
vn 0.9590 0.2359 -0.1569
vn 0.6880 0.7094 0.1530
vn 0.6706 0.7111 0.2113
vn 0.7732 0.5931 0.2244
vn 0.6966 0.6075 0.3817
vn 0.5777 0.7175 0.3890
vn 0.8625 0.4349 0.2589
vn 0.7108 0.4808 0.5133
vn 0.5099 0.5803 0.6350
vn 0.9003 0.3841 0.2047
vn 0.7196 0.4504 0.5285
vn 0.4569 0.5144 0.7257
vn 0.9701 0.1981 -0.1404
vn 0.9121 0.3209 0.2551
vn 0.8582 0.0312 -0.5123
vn 0.4323 0.4375 0.7884
vn -0.0117 0.5000 0.8659
vn 0.7357 0.3746 0.5643
vn -0.8931 0.3174 0.3187
vn -0.9837 0.1779 -0.0258
vn -0.9240 -0.0101 -0.3823
vn -0.7292 0.4149 0.5441
vn -0.7163 -0.1793 -0.6743
vn 0.5905 -0.1251 -0.7972
vn -0.4418 0.4983 0.7459
vn 0.3057 -0.2154 -0.9274
vn -0.3733 -0.2748 -0.8860
vn -0.0086 -0.2746 -0.9615
vn -0.4738 0.2849 0.8332
vn -0.7255 0.2479 0.6420
vn 0.7347 0.2308 0.6379
vn 0.4021 0.2640 0.8767
vn -0.0659 0.2896 0.9549
vn 0.9651 -0.0639 -0.2537
vn 0.9901 0.0297 0.1370
vn 0.9926 0.0366 0.1152
vn 0.9574 -0.0807 -0.2772
vn 0.6274 -0.1556 -0.7630
vn 0.8973 -0.0301 -0.4404
vn -0.7230 -0.2111 -0.6577
vn -0.3435 -0.2838 -0.8952
vn 0.3295 -0.2323 -0.9151
vn 0.0327 -0.2777 -0.9601
vn -0.9574 -0.0807 -0.2772
vn -0.7233 -0.1924 -0.6631
vn -0.9483 -0.0739 -0.3085
vn 0.9943 0.1014 -0.0314
vn 0.9217 0.1885 0.3390
vn -0.8928 0.1825 0.4118
vn 0.9159 -0.0618 -0.3965
vn 0.9987 0.0450 0.0255
vn 0.9177 0.1158 0.3799
vn -0.7384 0.1440 0.6588
vn -0.8922 0.1150 0.4367
vn 0.7299 0.1524 0.6662
vn -0.5073 0.1539 0.8479
vn 0.3802 0.1697 0.9092
vn -0.1076 0.1667 0.9801
vn -0.9945 0.0725 0.0754
vn -0.9926 0.0366 0.1152
vn 0.6482 -0.1647 -0.7434
vn -0.3233 -0.2501 -0.9127
vn 0.3455 -0.2245 -0.9112
vn 0.0533 -0.2513 -0.9664
vn 0.3551 -0.2208 -0.9084
vn 0.6653 -0.1784 -0.7249
vn -0.3309 -0.2182 -0.9181
vn 0.0521 -0.2340 -0.9708
vn -0.9651 -0.0639 -0.2537
vn -0.9901 0.0297 0.1370
vn -0.9893 0.0236 0.1437
vn -0.9711 -0.0320 -0.2364
vn 0.9274 -0.1015 -0.3601
vn 0.9974 -0.0218 0.0680
vn -0.9007 0.0823 0.4265
vn 0.9097 0.0302 0.4140
vn -0.7702 0.0859 0.6319
vn 0.7201 0.0588 0.6913
vn -0.5473 0.0759 0.8335
vn 0.3593 0.0727 0.9304
vn -0.1429 0.0747 0.9869
vn -0.7339 -0.1587 -0.6604
vn 0.7050 -0.0032 0.7091
vn 0.3284 0.0295 0.9440
vn -0.1774 0.0511 0.9828
vn -0.5819 0.0521 0.8115
vn -0.7567 -0.1015 -0.6458
vn 0.6817 -0.1829 -0.7084
vn 0.9330 -0.1164 -0.3404
vn -0.3705 -0.1679 -0.9135
vn 0.3577 -0.2194 -0.9077
vn 0.0268 -0.2119 -0.9769
vn 0.9950 -0.0594 0.0802
vn -0.9138 0.0486 0.4031
vn 0.9046 -0.0286 0.4252
vn -0.8002 0.0500 0.5976
vn -0.9229 -0.0188 0.3846
vn -0.9917 -0.0245 0.1259
vn 0.9931 -0.0916 0.0728
vn 0.9071 -0.0683 0.4153
vn -0.8078 -0.0121 0.5893
vn 0.6934 -0.0439 0.7192
vn -0.5864 0.0065 0.8100
vn 0.3011 -0.0047 0.9536
vn -0.1942 0.0175 0.9808
vn -0.9687 -0.0493 -0.2434
vn -0.7662 -0.0965 -0.6353
vn 0.6998 -0.2322 -0.6755
vn 0.9350 -0.1460 -0.3232
vn -0.4076 -0.1624 -0.8986
vn 0.3510 -0.2808 -0.8932
vn -0.0212 -0.2404 -0.9704
vn -0.1659 -0.0207 0.9859
vn 0.3015 -0.0045 0.9535
vn 0.3324 -0.0056 0.9431
vn -0.1391 -0.0257 0.9899
vn 0.9527 -0.1249 -0.2770
vn 0.7464 -0.1890 -0.6381
vn 0.7608 -0.0936 -0.6422
vn 0.9641 -0.0558 -0.2593
vn -0.4561 -0.1273 -0.8808
vn -0.7590 -0.0860 -0.6453
vn -0.7439 -0.0233 -0.6679
vn -0.4563 -0.0427 -0.8888
vn 0.3266 -0.1961 -0.9246
vn 0.3221 -0.0941 -0.9420
vn -0.1207 -0.1682 -0.9783
vn -0.1340 -0.0667 -0.9887
vn -0.9528 -0.0623 -0.2972
vn -0.9968 -0.0588 0.0541
vn -0.9998 -0.0058 0.0164
vn -0.9431 -0.0095 -0.3324
vn 0.9967 -0.0536 0.0612
vn 0.9979 -0.0134 0.0627
vn -0.9372 -0.0650 0.3427
vn -0.9479 -0.0111 0.3184
vn 0.9263 -0.0211 0.3761
vn 0.9335 0.0093 0.3585
vn -0.8029 -0.0634 0.5927
vn -0.8102 -0.0202 0.5858
vn 0.7053 -0.0077 0.7089
vn 0.7254 0.0114 0.6882
vn -0.5543 -0.0468 0.8310
vn -0.5476 -0.0290 0.8362
vn -0.9600 -0.0898 -0.2651
vn -0.7643 -0.1261 -0.6323
vn -0.1874 -0.0253 0.9819
vn -0.5695 -0.0483 0.8206
vn 0.6910 -0.0530 0.7208
vn 0.2880 -0.0288 0.9572
vn -0.8021 -0.0710 0.5930
vn 0.9146 -0.0741 0.3974
vn -0.9275 -0.0775 0.3655
vn 0.9922 -0.1061 0.0648
vn -0.9927 -0.0771 0.0929
vn 0.9355 -0.1814 -0.3032
vn 0.3332 -0.3074 -0.8914
vn -0.0561 -0.2647 -0.9627
vn -0.4331 -0.1869 -0.8817
vn 0.6976 -0.2740 -0.6620
vn 0.9378 -0.0099 0.3470
vn 0.7497 -0.0131 0.6616
vn -0.5534 -0.0169 0.8328
vn -0.8194 0.0082 0.5731
vn 0.3729 -0.0330 0.9273
vn -0.1195 -0.0386 0.9921
vn -0.9297 0.0206 -0.3676
vn -0.7186 0.0099 -0.6954
vn 0.7615 -0.0705 -0.6443
vn 0.9670 -0.0518 -0.2494
vn -0.4411 -0.0062 -0.8974
vn 0.3145 -0.0605 -0.9473
vn -0.1355 -0.0301 -0.9903
vn -0.9996 0.0248 -0.0129
vn 0.9974 -0.0265 0.0673
vn -0.9541 0.0215 0.2986
vn 0.9393 -0.0525 0.3390
vn 0.7730 -0.0541 0.6321
vn -0.5659 -0.0117 0.8244
vn -0.8275 0.0147 0.5612
vn 0.4107 -0.0616 0.9096
vn -0.1112 -0.0465 0.9927
vn -0.9179 0.0172 -0.3964
vn -0.6952 0.0018 -0.7188
vn 0.7557 -0.0936 -0.6481
vn 0.9658 -0.0845 -0.2449
vn -0.4285 -0.0170 -0.9033
vn 0.3045 -0.0750 -0.9495
vn -0.1380 -0.0417 -0.9895
vn -0.9992 0.0258 -0.0311
vn 0.9951 -0.0657 0.0732
vn -0.9577 0.0258 0.2865
vn 0.9250 -0.1825 0.3332
vn 0.9752 -0.1983 0.0981
vn 0.9649 -0.2374 0.1117
vn 0.9077 -0.2297 0.3512
vn -0.9509 -0.0156 0.3090
vn -0.8308 0.0004 0.5565
vn -0.8026 -0.0288 0.5958
vn -0.9365 -0.0467 0.3476
vn 0.7894 -0.1590 0.5929
vn 0.7602 -0.2026 0.6172
vn -0.5911 -0.0088 0.8065
vn -0.5741 -0.0269 0.8183
vn 0.4396 -0.1167 0.8906
vn 0.4084 -0.1475 0.9008
vn -0.1240 -0.0554 0.9907
vn -0.1331 -0.0738 0.9883
vn -0.6917 -0.0829 -0.7174
vn -0.9186 -0.0539 -0.3914
vn -0.9179 -0.0256 -0.3959
vn -0.7009 -0.0415 -0.7120
vn 0.9528 -0.2089 -0.2202
vn 0.7592 -0.2053 -0.6175
vn 0.7811 -0.2383 -0.5771
vn 0.9512 -0.2392 -0.1948
vn -0.4021 -0.1187 -0.9078
vn -0.4111 -0.0972 -0.9063
vn 0.3667 -0.1833 -0.9121
vn 0.4097 -0.2178 -0.8858
vn -0.0603 -0.1525 -0.9864
vn -0.0370 -0.1661 -0.9854
vn -0.9994 -0.0347 -0.0073
vn -0.9991 -0.0417 -0.0008
vn -0.9588 0.0328 0.2820
vn -0.9992 0.0240 -0.0326
vn -0.9575 0.0244 0.2874
vn -0.9998 0.0032 -0.0204
vn 0.9630 -0.1212 -0.2407
vn 0.9915 -0.1028 0.0795
vn 0.9586 -0.1621 -0.2343
vn 0.9858 -0.1438 0.0868
vn -0.9143 -0.0020 -0.4049
vn -0.9172 -0.0355 -0.3969
vn -0.1314 -0.0887 -0.9873
vn 0.3034 -0.1161 -0.9458
vn -0.1012 -0.1397 -0.9850
vn 0.3258 -0.1595 -0.9319
vn -0.4217 -0.0651 -0.9044
vn -0.4123 -0.1167 -0.9035
vn 0.7496 -0.1310 -0.6487
vn 0.7490 -0.1705 -0.6402
vn -0.6861 -0.0363 -0.7266
vn -0.6878 -0.0810 -0.7214
vn 0.4383 -0.0829 0.8950
vn -0.1109 -0.0498 0.9926
vn 0.4497 -0.0971 0.8879
vn -0.1152 -0.0499 0.9921
vn -0.5788 -0.0054 0.8155
vn -0.5891 -0.0007 0.8080
vn 0.7913 -0.0892 0.6048
vn 0.7996 -0.1186 0.5887
vn -0.8340 0.0233 0.5513
vn -0.8379 0.0245 0.5452
vn 0.9391 -0.0909 0.3313
vn 0.9363 -0.1290 0.3266
vn 0.9610 -0.2167 -0.1716
vn 0.8083 -0.2293 -0.5422
vn 0.8340 -0.1778 -0.5222
vn 0.9749 -0.1588 -0.1560
vn -0.4501 -0.0655 -0.8906
vn -0.7219 0.0156 -0.6918
vn -0.7546 0.0669 -0.6527
vn -0.5051 -0.0170 -0.8629
vn 0.4369 -0.2222 -0.8716
vn 0.4464 -0.1752 -0.8775
vn -0.0476 -0.1600 -0.9860
vn -0.0849 -0.1106 -0.9902
vn -0.9146 0.0392 -0.4023
vn -0.9999 0.0003 -0.0110
vn -0.9977 0.0625 -0.0279
vn -0.9142 0.1042 -0.3916
vn 0.9679 -0.2213 0.1191
vn 0.9794 -0.1616 0.1209
vn -0.9250 -0.0450 0.3773
vn -0.9279 -0.0295 0.3716
vn 0.9008 -0.2301 0.3681
vn 0.9089 -0.1792 0.3764
vn -0.7675 -0.0549 0.6386
vn -0.7538 -0.1073 0.6482
vn 0.7345 -0.2197 0.6420
vn 0.7310 -0.1951 0.6538
vn -0.5452 -0.0635 0.8358
vn -0.5146 -0.1538 0.8435
vn 0.3802 -0.1789 0.9074
vn 0.3799 -0.2002 0.9031
vn -0.1327 -0.1127 0.9847
vn -0.1066 -0.1860 0.9767
vn -0.9222 0.0620 -0.3816
vn -0.7762 -0.0032 -0.6305
vn 0.4162 -0.2288 0.8800
vn -0.0232 -0.3063 0.9516
vn 0.8470 -0.1301 -0.5154
vn 0.9797 -0.1386 -0.1448
vn -0.5216 -0.0629 -0.8509
vn 0.4458 -0.1031 -0.8891
vn -0.0982 -0.0834 -0.9916
vn -0.9971 0.0491 -0.0582
vn 0.9825 -0.1377 0.1249
vn -0.9479 -0.0774 0.3090
vn 0.9142 -0.1446 0.3786
vn -0.7646 -0.2451 0.5960
vn 0.7410 -0.1721 0.6491
vn -0.4603 -0.3369 0.8213
vn 0.0668 -0.2561 -0.9643
vn 0.4873 -0.1568 -0.8590
vn 0.9644 -0.2361 -0.1194
vn 0.8482 -0.2075 -0.4873
vn 0.9637 -0.2501 -0.0930
vn 0.8631 -0.2422 -0.4431
vn 0.6232 -0.3155 -0.7155
vn 0.2873 -0.8308 0.4766
vn 0.2213 -0.9676 0.1217
vn 0.1616 -0.9798 0.1173
vn 0.1215 -0.9841 0.1296
vn 0.0479 -0.9841 0.1710
vn 0.8559 -0.2504 0.4524
vn 0.9654 -0.0758 0.2496
vn 0.9956 0.0879 -0.0322
vn 0.9382 0.2927 -0.1848
vn 0.8757 0.4454 -0.1862
vn 0.0000 0.9230 -0.3848
vn 0.1717 0.9087 -0.3804
vn 0.5725 0.7541 -0.3220
vn 0.7862 0.5790 -0.2160
vn 0.8425 0.5139 -0.1615
vn 0.5693 0.7051 -0.4228
vn 0.7792 0.5145 -0.3580
vn 0.8171 0.4114 -0.4039
vn 0.5517 0.6618 -0.5075
vn 0.5108 0.6227 -0.5926
vn 0.7168 0.4834 -0.5024
vn 0.7484 0.3488 -0.5641
vn 0.6225 0.4788 -0.6190
vn 0.6931 0.3434 -0.6337
vn 0.0000 -0.4118 0.9113
vn 0.0000 -0.3022 0.9532
vn 0.8913 -0.2909 0.3476
vn 0.8208 -0.4195 0.3877
vn -0.1427 -0.9250 -0.3521
vn -0.0757 -0.9227 -0.3779
vn 0.0144 -0.9440 -0.3297
vn -0.5018 -0.7969 -0.3363
vn 0.1815 -0.8691 -0.4600
vn 0.2273 -0.8492 -0.4765
vn 0.0000 -0.8690 -0.4947
vn -0.2273 -0.8492 -0.4765
vn -0.2317 0.9706 -0.0646
vn -0.2217 0.9748 0.0238
vn -0.2112 0.9730 0.0927
vn -0.2034 0.9741 0.0983
vn -0.1944 0.9791 0.0591
vn -0.1909 0.9813 0.0247
vn -0.1791 0.9716 -0.1542
vn -0.1862 0.9821 -0.0279
vn -0.1827 0.9455 -0.2695
vn -0.4377 0.8463 -0.3036
vn -0.4721 0.8146 -0.3368
vn -0.6084 0.7110 -0.3524
vn -0.5906 0.7333 -0.3369
vn -0.3811 0.8945 -0.2335
vn -0.3345 0.8857 -0.3218
vn -0.3733 0.9271 0.0324
vn -0.8095 0.5847 0.0524
vn -0.8052 0.5917 0.0391
vn -0.3738 0.9275 0.0050
vn -0.3703 0.9168 -0.1493
vn -0.7561 0.6467 -0.1005
vn -0.7530 0.6413 -0.1471
vn -0.3743 0.9083 -0.1864
vn -0.3884 0.9190 -0.0676
vn -0.3757 0.9198 -0.1131
vn -0.5324 -0.5885 -0.6084
vn -0.5103 -0.4344 -0.7422
vn -0.3707 0.9287 -0.0060
vn -0.7982 0.6012 0.0389
vn -0.3536 0.9313 0.0874
vn -0.3493 0.9320 0.0970
vn -0.8019 0.5959 0.0428
vn -0.7948 0.6048 0.0491
vn -0.3591 0.9294 0.0853
vn -0.3421 0.9299 0.1350
vn -0.3427 0.9289 0.1404
vn -0.7786 0.6260 0.0419
vn -0.7942 0.6053 0.0528
vn -0.9951 0.0415 -0.0898
vn -0.8847 -0.4199 -0.2022
vn -0.8873 -0.4365 -0.1489
vn -0.9983 0.0275 -0.0510
vn -0.8435 -0.1353 -0.5198
vn -0.7887 -0.0148 -0.6146
vn -0.4671 -0.2842 -0.8372
vn -0.4718 -0.8816 0.0039
vn -0.9399 -0.3154 -0.1310
vn -0.9217 -0.3833 0.0593
vn -0.4972 -0.8491 0.1786
vn -0.3783 0.9253 -0.0277
vn -0.7988 0.6010 0.0254
vn -0.7925 0.6097 -0.0129
vn -0.9158 -0.3708 0.1540
vn -0.9170 -0.3864 0.0993
vn -0.6076 -0.7853 0.1189
vn -0.6116 -0.7640 0.2054
vn -0.9969 0.0292 0.0722
vn -0.9989 0.0235 0.0411
vn -0.8999 -0.4360 0.0038
vn -0.9052 -0.4209 0.0576
vn -0.3466 0.9301 0.1213
vn -0.3501 0.9179 0.1866
vn -0.3355 0.9265 0.1701
vn -0.3592 0.9221 0.1438
vn -0.3722 0.9149 0.1562
vn -0.7292 0.6822 -0.0536
vn -0.7484 0.6632 -0.0042
vn -0.5307 0.8377 -0.1289
vn -0.6357 0.5777 -0.5119
vn -0.8826 0.3230 -0.3415
vn -0.7713 0.6335 -0.0616
vn -0.9849 0.1712 -0.0244
vn -0.9927 0.1163 0.0306
vn -0.8983 -0.4143 0.1466
vn -0.5689 -0.8216 -0.0352
vn -0.5820 -0.8126 0.0302
vn -0.8006 0.5947 0.0728
vn -0.8932 -0.4421 -0.0822
vn -0.8873 -0.4436 -0.1258
vn -0.5618 -0.8065 -0.1844
vn -0.5566 -0.8206 -0.1297
vn -0.8830 -0.3931 -0.2565
vn -0.5500 -0.7483 -0.3707
vn -0.5629 -0.7741 -0.2894
vn -0.9931 0.0885 0.0772
vn -0.8950 -0.4069 0.1829
vn -0.2263 0.9665 -0.1209
vn -0.2008 0.9666 -0.1593
vn -0.9657 0.2318 -0.1169
vn -0.5286 -0.8058 0.2670
vn -0.5606 -0.7773 0.2854
vn -0.3166 0.9426 0.1058
vn -0.9330 0.2493 -0.2593
vn -0.8740 -0.2509 -0.4162
vn -0.9641 0.1782 -0.1968
vn -0.2052 0.9255 -0.3182
vn -0.4231 0.8900 -0.1696
vn -0.4220 0.9063 -0.0231
vn -0.4433 0.8956 0.0359
vn -0.4751 0.8772 0.0688
vn -0.4934 0.8637 0.1026
vn -0.4962 0.8623 0.1011
vn -0.4937 0.8683 0.0480
vn -0.5018 0.8641 -0.0394
vn -0.5025 0.8569 -0.1150
vn -0.4880 0.8581 -0.1598
vn -0.4940 0.7002 -0.5155
vn -0.2622 0.8760 -0.4047
vn -0.6096 0.6557 -0.4454
vn 0.3607 -0.1814 -0.9149
vn 0.3300 0.2081 -0.9207
vn -0.9313 -0.0839 0.3543
vn -0.9326 -0.0744 0.3531
vn -0.9997 -0.0096 0.0210
vn -1.0000 -0.0030 0.0011
vn -0.7210 0.6868 0.0912
vn -0.7240 0.6826 0.0991
vn -0.9332 0.3577 0.0346
vn -0.8737 0.4430 -0.2006
vn -0.9583 0.2629 -0.1118
vn -0.9745 0.2049 0.0915
vn -0.9384 0.2369 0.2516
vn -0.9471 0.1768 0.2677
vn -0.9657 0.2594 0.0093
vn -0.9644 0.2023 0.1704
vn -0.9615 0.2145 0.1719
vn -0.9581 0.2836 -0.0387
vn -0.8830 0.4660 -0.0566
vn -0.9278 0.3681 -0.0601
vn -0.9266 0.3517 -0.1329
vn -0.9060 0.4048 -0.1234
vn -0.8421 0.5361 -0.0590
vn -0.8878 0.4475 -0.1070
vn -0.8315 0.5485 -0.0878
vn -0.8239 0.5602 -0.0856
vn -0.8811 0.4652 -0.0851
vn -0.8885 0.4540 -0.0656
vn -0.8990 0.4271 -0.0961
vn -0.9493 0.3092 -0.0567
vn -0.9585 0.2803 -0.0517
vn -0.8092 0.5177 -0.2778
vn -0.9244 0.3381 -0.1761
vn -0.5752 -0.1373 0.8064
vn -0.6134 -0.2763 0.7399
vn -0.9242 -0.1252 0.3607
vn 0.9449 -0.2973 0.1368
vn 0.9554 -0.2252 0.1910
vn 0.8759 -0.2801 0.3929
vn 0.8652 -0.3738 0.3341
vn 0.7213 0.1917 -0.6655
vn 0.7782 0.0602 -0.6251
vn 0.9401 -0.0275 -0.3398
vn 0.9288 0.0260 -0.3695
vn -0.9826 -0.1710 -0.0721
vn -0.9904 -0.1305 -0.0445
vn -0.9597 0.0212 -0.2803
vn -0.9421 0.0106 -0.3350
vn 0.9657 -0.2392 0.1009
vn 0.9531 -0.2815 0.1108
vn 0.8661 -0.4030 0.2957
vn 0.8752 -0.3846 0.2933
vn 0.5585 -0.5997 0.5730
vn 0.5622 -0.6132 0.5548
vn -0.9782 -0.0023 -0.2076
vn -0.9855 -0.1135 -0.1260
vn -0.9153 0.0452 -0.4003
vn -0.8886 0.1319 -0.4393
vn 0.9758 -0.2185 0.0053
vn 0.9716 -0.2320 0.0457
vn 0.8733 -0.3924 0.2888
vn 0.8742 -0.4037 0.2699
vn 0.4359 0.2945 -0.8504
vn 0.4610 0.1014 -0.8816
vn 0.5568 -0.6103 0.5634
vn 0.5653 -0.6054 0.5602
vn -0.4976 0.3118 -0.8094
vn -0.5048 0.1595 -0.8484
vn -0.0161 0.1598 -0.9870
vn 0.0047 0.3606 -0.9327
vn 0.7924 -0.1387 -0.5940
vn 0.7858 -0.2027 -0.5842
vn 0.9258 -0.2267 -0.3024
vn 0.9261 -0.1680 -0.3376
vn 0.9817 -0.1671 -0.0913
vn 0.9874 -0.1314 -0.0877
vn -0.8931 0.0589 -0.4459
vn -0.9106 0.0568 -0.4095
vn -0.7974 0.0976 -0.5954
vn -0.7905 0.1636 -0.5902
vn 0.5363 -0.5397 0.6489
vn 0.5709 -0.4360 0.6956
vn 0.0220 -0.5478 0.8363
vn -0.0172 -0.6161 0.7875
vn -0.8936 -0.3716 0.2519
vn -0.8636 -0.4272 0.2678
vn -0.9001 0.0457 -0.4333
vn -0.9223 0.0853 -0.3768
vn -0.8500 0.1471 -0.5058
vn -0.5549 0.3830 -0.7384
vn 0.5631 0.3940 -0.7264
vn 0.4680 0.3823 -0.7967
vn 0.7099 0.2121 -0.6716
vn 0.7891 0.1914 -0.5836
vn 0.9118 -0.0012 -0.4106
vn 0.9786 -0.1420 -0.1490
vn -0.0607 -0.7176 0.6938
vn -0.0890 -0.6912 0.7171
vn -0.8766 -0.3373 0.3433
vn -0.8936 -0.2858 0.3460
vn -0.9974 -0.0618 -0.0353
vn -0.9962 -0.0829 -0.0243
vn -0.9370 -0.2751 0.2153
vn -0.9292 0.1228 -0.3485
vn -0.6323 0.3957 -0.6660
vn 0.9041 0.0291 -0.4263
vn -0.8723 -0.3837 0.3030
vn 0.9734 -0.0967 -0.2078
vn -0.0167 -0.6843 0.7289
vn -0.0218 -0.7293 0.6838
vn -0.5346 -0.5898 0.6052
vn -0.5494 -0.6326 0.5459
vn -0.6163 -0.5832 0.5292
vn 0.8853 -0.2788 0.3721
vn 0.8043 -0.4640 0.3711
vn 0.6257 -0.3472 0.6985
vn 0.6743 -0.3140 0.6683
vn 0.0267 0.4938 -0.8692
vn -0.6694 -0.5102 0.5401
vn 0.0262 0.5360 -0.8438
vn 0.9618 -0.0563 -0.2678
vn 0.9763 0.0460 -0.2116
vn 0.9421 0.0085 0.3352
vn 0.9386 -0.0662 0.3385
vn 0.8618 -0.0670 -0.5028
vn 0.8953 -0.0871 -0.4368
vn 0.8741 -0.0118 -0.4856
vn 0.8217 -0.0556 -0.5672
vn -0.9875 -0.0403 0.1520
vn -0.9970 0.0629 0.0448
vn -0.9082 0.1257 -0.3991
vn -0.9103 -0.0106 -0.4138
vn -0.1462 -0.3318 0.9319
vn -0.1432 -0.5007 0.8537
vn -0.6763 -0.3882 0.6261
vn -0.6778 -0.2515 0.6909
vn 0.7480 -0.0964 0.6566
vn 0.7908 -0.1050 0.6030
vn 0.4848 -0.2698 0.8319
vn 0.4572 -0.1352 0.8790
vn 0.6605 -0.1025 -0.7438
vn 0.6634 -0.1163 -0.7392
vn -0.0325 -0.1047 -0.9940
vn -0.0118 -0.1012 -0.9948
vn 0.9352 0.1921 -0.2973
vn 0.9812 0.1609 -0.1066
vn -0.9515 -0.1357 0.2761
vn -0.9135 -0.1073 0.3924
vn 0.6010 0.0373 -0.7984
vn 0.9258 0.1746 -0.3353
vn -0.9898 0.1314 -0.0550
vn -0.9134 0.2635 -0.3101
vn -0.9095 0.2150 -0.3557
vn -0.8270 0.0517 -0.5599
vn -0.7606 -0.0054 -0.6492
vn -0.9004 -0.0485 -0.4324
vn -0.9521 0.1330 -0.2754
vn -0.6990 0.0298 -0.7145
vn -0.6972 -0.0939 -0.7107
vn -0.1240 -0.1503 0.9808
vn 0.9527 0.0056 0.3037
vn 0.5316 -0.3720 0.7609
vn -0.8493 -0.0129 -0.5277
vn -0.7008 -0.0577 -0.7110
vn -0.0327 0.0476 -0.9983
vn -0.9095 0.2913 -0.2964
vn -0.8131 0.3198 -0.4863
vn -0.8672 0.1458 -0.4761
vn -0.9476 0.1222 -0.2950
vn -0.8717 -0.0833 0.4829
vn 0.9958 0.0512 -0.0754
vn 0.9944 0.0004 -0.1058
vn 0.9409 0.0102 0.3386
vn 0.9398 0.1051 0.3250
vn -0.8731 0.0327 -0.4863
vn -0.8671 0.0216 -0.4977
vn -0.8035 0.0177 -0.5950
vn -0.7482 -0.0437 -0.6620
vn -0.5505 -0.0376 -0.8340
vn -0.8222 0.0203 -0.5688
vn -0.6441 -0.0255 -0.7645
vn 0.5246 -0.0688 -0.8485
vn -0.0034 -0.0901 -0.9959
vn -0.0216 -0.0847 -0.9962
vn 0.6088 -0.0648 -0.7907
vn -0.4512 -0.1383 -0.8816
vn -0.9790 0.0894 -0.1830
vn -0.9764 0.0244 -0.2145
vn 0.9769 -0.0568 -0.2060
vn 0.9396 -0.0538 0.3381
vn -0.8061 -0.0026 -0.5918
vn -0.5300 0.1458 0.8353
vn -0.5999 0.0411 0.7990
vn -0.8409 0.0467 0.5391
vn -0.8240 0.1515 0.5459
vn -0.9695 0.0419 0.2415
vn -0.9634 0.1266 0.2363
vn -0.0122 -0.1870 -0.9823
vn 0.4297 -0.1541 -0.8897
vn 0.7322 -0.0806 -0.6763
vn 0.8924 -0.0122 -0.4511
vn -0.9472 -0.0348 -0.3188
vn -0.9749 -0.0331 0.2198
vn 0.7671 0.0208 0.6411
vn 0.7880 0.1379 0.6000
vn 0.7895 -0.0223 -0.6133
vn 0.8892 -0.0051 -0.4575
vn 0.8528 -0.0278 -0.5215
vn -0.8579 -0.0212 0.5133
vn -0.9540 0.1620 0.2523
vn -0.9691 0.2089 0.1306
vn -0.9719 0.1730 0.1593
vn -0.9613 0.1416 0.2361
vn -0.9549 0.0929 0.2819
vn -0.8306 -0.4501 0.3278
vn -0.8362 -0.5468 -0.0403
vn -0.9099 -0.4035 -0.0956
vn -0.9181 -0.2941 0.2654
vn -0.9474 0.0542 0.3153
vn -0.9178 -0.0128 0.3968
vn 0.9116 -0.4110 0.0090
vn 0.8845 -0.4647 -0.0410
vn 0.7663 -0.6319 0.1159
vn 0.8632 -0.4681 0.1892
vn -0.2090 -0.9762 0.0583
vn -0.2671 -0.9523 -0.1472
vn -0.4917 -0.8635 -0.1117
vn -0.3623 -0.9197 0.1508
vn 0.9459 -0.2218 -0.2366
vn 0.8966 -0.3505 -0.2706
vn 0.9686 -0.2442 0.0472
vn -0.9980 -0.0634 -0.0036
vn -0.9790 -0.0412 -0.1997
vn -0.9748 0.0151 -0.2227
vn -0.6767 -0.0855 -0.7313
vn -0.7104 -0.0808 -0.6991
vn -0.1991 -0.1476 -0.9688
vn -0.1483 -0.1875 -0.9710
vn 0.7280 -0.3051 -0.6139
vn 0.6833 -0.3053 -0.6632
vn 0.8744 -0.3616 -0.3233
vn -0.9960 0.0379 -0.0808
vn -0.9955 0.0511 0.0793
vn -0.9861 0.1628 0.0341
vn -0.9807 0.1758 -0.0847
vn 0.5313 -0.7967 -0.2881
vn 0.6658 -0.6081 -0.4323
vn 0.3205 -0.9377 -0.1335
vn 0.1037 -0.9929 0.0582
vn -0.0825 -0.9844 0.1552
vn 0.3617 0.0544 -0.9307
vn 0.3427 0.1993 -0.9181
vn 0.3444 0.1652 -0.9242
vn 0.4300 0.0042 -0.9028
vn -0.0320 -0.9192 0.3923
vn -0.9661 -0.2250 -0.1269
vn -0.9409 -0.2121 -0.2640
vn -0.9733 0.0631 -0.2206
vn -0.9944 0.0267 -0.1017
vn 0.5426 -0.1514 -0.8262
vn 0.4434 -0.0708 -0.8935
vn -0.6873 0.0797 -0.7220
vn -0.8938 0.0438 -0.4463
vn -0.6548 0.1988 -0.7291
vn -0.2304 0.8905 -0.3922
vn -0.2210 0.9118 -0.3461
vn -0.9583 0.0271 -0.2846
vn -0.9763 0.2132 -0.0361
vn -0.9618 0.2539 -0.1025
vn -0.9953 -0.0858 -0.0446
vn -0.9514 -0.1593 0.2636
vn -0.9856 -0.0809 0.1487
vn -0.9960 -0.0537 -0.0713
vn 0.2908 0.2391 -0.9264
vn 0.3161 0.2595 -0.9125
vn 0.2521 0.2000 -0.9468
vn -0.5938 0.3601 -0.7195
vn -0.9490 0.2774 -0.1498
vn -0.9744 0.1485 -0.1688
vn -0.4847 0.7726 -0.4101
vn -0.4917 0.7924 -0.3609
vn -0.7170 0.5248 -0.4588
vn -0.8125 0.5033 -0.2940
vn -0.9189 -0.0563 -0.3904
vn -0.9639 -0.0753 -0.2553
vn -0.9622 -0.0390 -0.2696
vn -0.9072 -0.0201 -0.4202
vn -0.5132 0.5271 -0.6773
vn -0.9804 0.0265 -0.1951
vn -0.5070 -0.8521 -0.1295
vn -0.6901 -0.7114 -0.1328
vn -0.6979 -0.6842 -0.2116
vn -0.4975 -0.8424 -0.2068
vn -0.9794 -0.0741 -0.1877
vn -0.9803 -0.0511 -0.1907
vn -0.8789 0.4301 -0.2060
vn -0.9630 0.2618 -0.0641
vn -0.9415 0.2895 -0.1725
vn -0.9355 0.3127 -0.1645
vn -0.9375 0.3207 -0.1346
vn -0.9444 0.3170 -0.0870
vn -0.9878 0.1403 -0.0681
vn -0.9904 0.1356 -0.0240
vn -0.9947 0.0341 0.0970
vn -0.8424 -0.1751 0.5095
vn -0.9012 -0.1202 0.4164
vn -0.8038 -0.2525 0.5386
vn -0.7507 -0.3302 0.5722
vn -0.9659 -0.0587 -0.2521
vn -0.9669 -0.0005 -0.2552
vn -0.8147 -0.5653 -0.1287
vn -0.9080 -0.4082 -0.0942
vn -0.8788 -0.4291 -0.2086
vn -0.8017 -0.5530 -0.2268
vn -0.1753 -0.9748 -0.1378
vn -0.1611 -0.9642 -0.2104
vn -0.9991 -0.0339 -0.0246
vn -0.9931 -0.0483 -0.1065
vn -0.9874 0.1213 -0.1014
vn -0.9826 0.1073 -0.1517
vn -0.9733 0.0982 -0.2073
vn -0.8221 -0.4746 -0.3144
vn -0.8508 -0.4480 -0.2745
vn -0.9307 -0.2934 -0.2183
vn -0.9013 -0.3540 -0.2494
vn -0.7881 -0.5579 -0.2601
vn -0.7898 -0.5205 -0.3245
vn -0.8702 -0.4066 -0.2782
vn -0.8619 -0.4303 -0.2683
vn -0.9539 -0.2538 -0.1598
vn -0.9723 -0.1399 -0.1870
vn -0.9849 -0.0898 -0.1478
vn -0.9523 -0.1794 -0.2466
vn -0.7707 -0.5237 -0.3630
vn -0.7968 -0.5304 -0.2893
vn -0.2683 -0.9032 -0.3350
vn -0.2266 -0.8739 -0.4300
vn -0.1462 -0.9481 -0.2822
vn -0.1691 -0.9032 -0.3945
vn -0.5095 -0.7957 -0.3275
vn -0.4905 -0.7439 -0.4538
vn -0.4894 -0.8230 -0.2882
vn -0.4861 -0.7657 -0.4212
vn -0.7367 -0.6171 -0.2764
vn -0.7352 -0.5582 -0.3845
vn -0.6804 -0.6111 -0.4045
vn -0.7031 -0.6502 -0.2878
vn -0.6638 -0.6828 -0.3051
vn -0.6528 -0.6226 -0.4315
vn -0.7536 -0.6570 -0.0194
vn -0.6546 -0.7540 -0.0548
vn 0.6743 -0.3566 -0.6466
vn -0.0314 -0.4538 0.8905
vn 0.3946 -0.6304 0.6684
vn -0.3040 -0.7575 0.5777
vn -0.9968 0.0353 0.0720
vn -0.9116 -0.4041 0.0752
vn -0.9954 0.0565 0.0768
vn -0.9909 0.0809 0.1072
vn -0.9040 -0.3819 0.1923
vn -0.7592 0.6501 0.0304
vn -0.3552 0.9185 0.1733
vn -0.5935 -0.7588 0.2683
vn -0.9994 0.0261 -0.0217
vn -0.9926 0.0696 0.0994
vn -0.3700 0.9264 0.0695
vn -0.8042 0.5897 0.0741
vn -0.5937 -0.8019 0.0663
vn -0.9897 0.0655 -0.1269
vn -0.7652 0.6415 0.0539
vn -0.5666 -0.7938 -0.2207
vn -0.7207 0.6438 -0.2573
vn -0.7690 0.6370 0.0521
vn -0.5339 -0.7114 -0.4569
vn -0.5264 -0.6692 -0.5244
vn -0.8775 -0.3179 -0.3590
vn -0.8828 -0.3522 -0.3106
vn -0.9771 0.1320 -0.1666
vn -0.9836 0.1049 -0.1466
vn -0.7156 -0.0511 -0.6966
vn -0.7024 0.0036 -0.7118
vn 0.6006 -0.2274 -0.7665
vn 0.1188 -0.2227 0.9676
vn -0.8871 0.3148 -0.3374
vn -0.7965 -0.0026 -0.6045
vn -0.2946 -0.6229 -0.7247
vn 0.3641 -0.3450 -0.8651
vn 0.9901 0.0772 -0.1171
vn 0.4481 0.3592 0.8186
vn -0.0218 0.3471 0.9376
vn -0.9662 0.1495 -0.2101
vn -0.8527 -0.0170 -0.5221
vn -0.3645 -0.3208 -0.8742
vn -0.0176 -0.3865 -0.9221
vn 0.7782 0.3245 0.5377
vn 0.7370 0.4881 0.4675
vn 0.9223 0.3322 0.1975
vn 0.9393 0.2325 0.2521
vn -0.9727 -0.2264 -0.0511
vn -0.6349 0.6808 -0.3652
vn -0.6167 0.6943 -0.3708
vn -0.6006 0.6821 -0.4171
vn -0.5964 0.6870 -0.4151
vn -0.7500 0.5863 -0.3061
vn -0.5921 0.7772 -0.2130
vn -0.6845 0.7219 -0.1008
vn -0.6798 0.7183 -0.1475
vn -0.7085 0.7033 0.0578
vn -0.6953 0.7186 -0.0157
vn -0.6938 0.7127 0.1034
vn -0.6017 0.7985 -0.0191
vn -0.6385 0.7645 0.0887
vn -0.8693 0.4931 0.0348
vn -0.8921 0.4460 0.0719
vn -0.9987 0.0227 -0.0460
vn -0.7973 0.6006 0.0600
vn -0.5388 -0.4871 0.6873
vn -0.5834 -0.3600 0.7280
vn -0.9191 -0.1775 0.3517
vn -0.9596 0.0414 -0.2784
vn -0.9685 0.0391 -0.2459
vn -0.8995 0.0130 -0.4367
vn -0.8737 0.0145 -0.4861
vn -0.9681 0.0285 -0.2488
vn -0.9325 -0.0164 -0.3608
vn -0.9203 0.0141 -0.3909
vn -0.9729 0.0547 -0.2247
vn -0.9702 0.0336 -0.2398
vn -0.5865 -0.0348 -0.8092
vn -0.5606 -0.0091 -0.8280
vn 0.9686 -0.2336 -0.0855
vn -0.9702 0.0240 -0.2409
vn 0.4087 -0.2066 -0.8890
vn 0.3692 -0.2584 -0.8927
vn 0.7791 -0.2089 -0.5910
vn -0.0714 -0.0820 -0.9940
vn -0.0743 -0.0331 -0.9967
vn 0.4148 -0.1347 -0.8998
vn 0.4350 -0.1063 -0.8941
vn 0.2286 -0.1437 -0.9629
vn 0.3017 -0.2377 -0.9233
vn 0.0672 -0.4605 0.8851
vn 0.7841 -0.1813 -0.5935
vn 0.9487 -0.1864 -0.2554
vn -0.6084 -0.2326 0.7587
vn 0.9851 -0.1679 0.0366
vn 0.9752 -0.2196 -0.0287
vn -0.9362 0.0258 -0.3504
vn -0.8361 0.0138 -0.5483
vn -0.5261 -0.5384 0.6583
vn 0.4478 -0.0688 -0.8914
vn -0.0573 0.0112 -0.9983
vn -0.9692 0.0455 -0.2420
vn -0.5425 0.0351 -0.8393
vn 0.6412 -0.3543 0.6806
vn 0.9607 -0.1638 0.2241
vn 0.8948 -0.2123 0.3926
vn 0.1182 0.0469 -0.9919
vn -0.9760 -0.1446 0.1629
vn -0.6638 -0.1205 0.7381
vn -0.6535 0.6680 -0.3558
vn -0.2264 0.8753 -0.4272
vn -0.5759 0.1356 -0.8061
vn -0.4111 -0.1867 -0.8922
vn -0.2008 0.2608 -0.9443
vn 0.0625 0.3501 -0.9346
vn -0.6711 0.4352 -0.6001
vn 0.8678 -0.3519 -0.3508
vn 0.8357 -0.5334 -0.1306
vn 0.5999 -0.8000 -0.0129
vn 0.3003 -0.9314 0.2058
vn 0.4905 -0.6575 0.5719
vn -0.5441 -0.5978 0.5887
vn -0.3523 -0.3208 0.8792
vn 0.2944 -0.3369 0.8943
vn -0.8313 0.2960 0.4705
vn -0.9469 0.2549 0.1961
vn -0.9049 0.4012 0.1421
vn -0.8211 0.4441 0.3585
vn 0.5804 0.1994 0.7895
vn -0.4862 0.2237 0.8447
vn -0.1156 0.3668 0.9231
vn 0.2065 0.3481 0.9144
vn -0.6590 0.2746 0.7002
vn -0.6229 -0.5360 0.5698
vn 0.4014 -0.5701 0.7168
vn 0.3947 0.2712 0.8778
vn -0.0243 0.4601 0.8875
vn -0.5000 0.4343 0.7493
vn -0.6148 -0.4731 0.6310
vn 0.1246 -0.5629 0.8170
vn -0.4903 0.3433 0.8010
vn -0.6745 -0.1711 -0.7182
vn -0.6202 0.1910 0.7608
vn -0.6541 -0.5818 0.4834
vn 0.3823 -0.6601 0.6466
vn 0.3867 0.1298 0.9130
vn 0.3276 -0.4078 0.8522
vn 0.3530 0.2636 0.8977
vn -0.6480 -0.4155 0.6382
vn -0.5810 0.3134 0.7512
vn -0.0682 0.3299 0.9415
vn -0.0186 -0.3865 0.9221
vn 0.3461 0.4608 0.8172
vn -0.3738 0.4517 0.8101
vn -0.0698 0.4585 0.8859
vn -0.2202 0.8688 0.4435
vn -0.2845 0.6241 0.7277
vn 0.3453 0.5918 0.7284
vn 0.3791 0.8044 0.4573
vn 0.7096 -0.6997 -0.0826
vn 0.6819 -0.7030 -0.2018
vn -0.0520 -0.9827 -0.1777
vn 0.2428 -0.9597 0.1414
vn -0.0641 0.6459 0.7607
vn 0.7989 0.3568 0.4841
vn 0.7754 0.5309 0.3418
vn 0.0042 -0.9934 0.1141
vn -0.2015 -0.9793 -0.0165
vn -0.0129 -0.9892 -0.1457
vn -0.0831 -0.9911 0.1039
vn 0.8506 0.0918 0.5177
vn 0.7886 -0.3906 0.4748
vn 0.8180 0.2784 0.5034
vn 0.7711 0.5983 0.2175
vn 0.6740 0.5959 0.4366
vn 0.9369 0.2259 0.2667
vn 0.9803 0.1973 0.0082
vn 0.6098 0.1525 0.7777
vn 0.3333 -0.7222 0.6061
vn 0.6282 0.3545 0.6925
vn 0.6500 0.4495 0.6128
vn 0.6033 0.7206 0.3417
vn 0.6984 0.6595 0.2780
vn 0.6399 0.6325 0.4365
vn -0.0211 -0.9109 0.4122
vn -0.3347 -0.8500 0.4068
vn -0.1790 0.9622 0.2052
vn -0.1099 0.9638 0.2427
vn -0.0848 0.8884 0.4511
vn -0.0962 0.9460 0.3095
vn -0.0899 0.9952 0.0372
vn 0.3619 0.8999 0.2432
vn 0.2691 0.9571 0.1072
vn 0.4385 0.8131 0.3827
vn 0.3891 -0.8829 0.2627
vn 0.4260 -0.8982 0.1082
vn 0.2270 -0.8422 0.4890
vn -0.2728 -0.9550 0.1160
vn 0.0272 -0.9839 0.1768
vn -0.2176 -0.9757 -0.0240
vn 0.0607 -0.9978 -0.0275
vn 0.2652 -0.5654 0.7810
vn -0.3395 -0.5562 0.7585
vn 0.2943 0.2036 0.9337
vn -0.2326 0.2884 0.9288
vn 0.6008 0.1347 0.7879
vn 0.4860 -0.4698 0.7369
vn 0.8698 -0.4241 0.2521
vn 0.9702 -0.0071 0.2420
vn -0.1964 -0.9780 -0.0708
vn -0.1432 -0.9830 -0.1147
vn 0.1357 -0.9832 -0.1216
vn 0.3110 -0.9498 -0.0342
vn -0.0713 -0.9870 0.1440
vn 0.0768 -0.9963 -0.0384
vn -0.3613 -0.8286 0.4275
vn 0.1880 -0.8584 0.4772
vn -0.3381 -0.9243 0.1766
vn -0.2936 -0.9556 0.0239
vn 0.4080 -0.9001 0.1526
vn 0.4614 -0.8802 -0.1111
vn -0.2177 -0.9421 -0.2550
vn 0.2654 -0.8806 -0.3926
vn 0.8658 -0.4745 -0.1587
vn 0.9944 -0.0704 -0.0788
vn 0.9764 -0.1527 -0.1525
vn 0.5881 0.3655 0.7215
vn 0.4833 0.5072 0.7135
vn 0.9855 0.1622 -0.0492
vn -0.0877 -0.9557 0.2810
vn 0.1081 -0.9583 0.2647
vn 0.1751 -0.9808 0.0854
vn 0.4494 -0.8929 -0.0275
vn -0.0566 -0.9978 0.0337
vn -0.0266 -0.9673 -0.2520
vn 0.2087 -0.9430 -0.2590
vn 0.9664 -0.2006 -0.1606
vn 0.4886 -0.8384 -0.2414
vn 0.9911 0.1233 -0.0488
vn 0.9914 0.1064 -0.0759
vn 0.3176 -0.6814 -0.6594
vn -0.0143 -0.7232 -0.6905
vn 0.8311 0.5302 0.1674
vn 0.6303 0.6838 0.3676
vn 0.8969 0.4092 0.1673
vn 0.6870 0.6001 0.4097
vn 0.3717 0.7138 0.5936
vn 0.3696 0.5857 0.7213
vn -0.0492 0.7703 0.6357
vn -0.0453 0.5894 0.8065
vn -0.6885 -0.3918 -0.6102
vn -0.8687 -0.1535 -0.4709
vn 0.2952 0.0356 0.9547
vn -0.6763 0.0591 0.7342
vn -0.5165 -0.7044 0.4869
vn 0.4779 -0.6683 0.5700
vn -0.5130 -0.3038 0.8028
vn -0.4759 0.3031 0.8256
vn 0.4224 -0.3824 0.8218
vn 0.3952 0.2956 0.8697
vn 0.2428 0.4759 0.8453
vn -0.5008 0.4796 0.7205
vn 0.1003 0.8810 0.4624
vn -0.4379 0.8267 0.3533
vn -0.4875 0.6108 0.6239
vn 0.1310 0.6376 0.7591
vn -0.6642 -0.6909 -0.2853
vn -0.2819 -0.9493 0.1388
vn 0.1336 -0.9770 -0.1659
vn -0.5878 -0.6178 -0.5223
vn -0.8214 0.5436 0.1726
vn -0.8587 0.3932 0.3285
vn -0.1301 -0.9858 0.1057
vn 0.1993 -0.9776 -0.0679
vn -0.9251 0.1257 0.3583
vn -0.8620 -0.3804 0.3351
vn -0.8845 0.3030 0.3545
vn -0.7012 0.7106 0.0580
vn -0.9209 0.3755 -0.1045
vn -0.9116 0.3662 0.1864
vn -0.6684 0.6769 0.3082
vn -0.7970 0.1231 0.5913
vn -0.4521 -0.7560 0.4733
vn -0.7347 0.3504 0.5809
vn -0.7152 0.4897 0.4986
vn -0.6630 0.7444 0.0792
vn -0.7183 0.6427 0.2664
vn -0.7468 0.6645 0.0244
vn 0.2945 -0.8408 0.4541
vn 0.0676 0.9623 0.2633
vn -0.0342 0.9979 0.0548
vn -0.3657 0.9160 0.1650
vn -0.2600 0.9654 0.0197
vn -0.6287 0.7700 0.1087
vn -0.3627 -0.9316 0.0242
vn -0.4003 -0.8921 0.2095
vn -0.2733 -0.8340 0.4793
vn 0.2846 -0.9438 0.1680
vn 0.2858 -0.9579 0.0238
vn -0.5482 -0.5993 0.5834
vn 0.1612 -0.6509 0.7418
vn -0.5810 0.2966 0.7579
vn -0.1167 0.2679 0.9563
vn -0.7774 0.1366 0.6140
vn -0.7610 -0.3771 0.5278
vn -0.9851 0.1041 0.1369
vn -0.9430 -0.3235 0.0781
vn 0.2748 -0.9608 -0.0361
vn -0.2505 -0.9588 -0.1339
vn -0.1384 -0.9479 -0.2868
vn 0.1750 -0.9666 -0.1873
vn 0.0846 -0.9929 0.0835
vn -0.4665 -0.8002 0.3769
vn 0.0444 -0.8677 0.4950
vn 0.2362 -0.9511 0.1989
vn 0.3228 -0.9440 0.0674
vn -0.5475 -0.8348 0.0576
vn -0.4700 -0.8676 -0.1622
vn -0.1592 -0.8477 -0.5060
vn 0.3992 -0.8647 -0.3047
vn -0.9019 -0.3544 -0.2470
vn -0.9779 0.0583 -0.2005
vn -0.9085 -0.0515 -0.4146
vn -0.6453 0.4030 0.6490
vn -0.5315 0.5698 0.6268
vn -0.9178 0.3303 -0.2201
vn -0.2517 -0.9317 0.2617
vn -0.2528 -0.9623 0.1000
vn -0.5447 -0.8375 -0.0440
vn -0.2518 -0.9122 -0.3231
vn -0.8822 -0.1737 -0.4376
vn -0.5537 -0.7576 -0.3455
vn -0.9431 0.2157 -0.2532
vn -0.9566 0.1632 -0.2415
vn -0.3176 -0.6289 -0.7096
vn -0.7542 0.6563 0.0197
vn -0.6993 0.7050 0.1178
vn -0.8375 0.5403 0.0810
vn -0.7707 0.5876 0.2463
vn -0.5391 0.7064 0.4585
vn -0.5154 0.5483 0.6586
vn 0.8324 -0.0225 -0.5537
vn -0.1080 -0.0206 0.9939
vn -0.6477 -0.0201 0.7616
vn 0.8438 -0.1489 0.5155
vn -0.6651 0.2701 -0.6961
vn -0.0573 0.3527 -0.9340
vn 0.5538 0.2963 -0.7781
vn -0.5311 0.5593 -0.6364
vn -0.4670 0.7528 -0.4639
vn -0.5681 0.6530 -0.5008
vn -0.7362 0.4318 -0.5210
vn -0.0470 0.6343 -0.7716
vn 0.6436 0.4989 -0.5803
vn -0.1146 -0.6223 0.7743
vn -0.6747 -0.4780 0.5624
vn -0.9002 0.3092 -0.3064
vn -0.9183 0.3016 -0.2563
vn 0.9243 0.3009 -0.2347
vn 0.9232 0.2786 -0.2648
vn -0.9615 -0.1916 0.1970
vn 0.9859 0.1372 -0.0953
vn 0.5736 -0.4913 0.6554
vn -0.9636 0.2115 -0.1635
vn -0.7802 0.4284 -0.4557
vn 0.8731 -0.2780 0.4004
vn 0.0098 0.6746 -0.7381
vn -0.9786 0.1344 -0.1559
vn 0.7509 0.4876 -0.4453
vn 0.9726 -0.0995 0.2101
vn -0.9684 0.0884 -0.2332
vn -0.8826 0.2400 -0.4042
vn 0.9817 0.0139 -0.1900
vn 0.9813 -0.1770 0.0751
vn 0.6739 0.4065 -0.6169
vn 0.8843 0.1990 -0.4223
vn -0.0956 -0.6736 0.7328
vn -0.6760 -0.4967 0.5443
vn -0.9329 0.1788 -0.3125
vn -0.9666 0.1196 -0.2268
vn 0.9134 0.1296 -0.3858
vn 0.8764 -0.3789 0.2972
vn -0.9611 -0.2197 0.1672
vn 0.5755 -0.5840 0.5724
vn -0.7313 0.3783 -0.5675
vn 0.0221 0.5738 -0.8187
vn 0.9402 -0.2559 0.2249
vn 0.0980 -0.3309 0.9386
vn -0.0960 -0.1661 -0.9814
vn -0.6155 -0.0646 -0.7854
vn -0.9986 -0.0381 -0.0363
vn -0.9301 -0.0569 -0.3627
vn 0.6004 -0.7199 0.3482
vn -0.5353 -0.8005 0.2694
vn -0.5787 -0.5211 0.6273
vn -0.6943 -0.6313 0.3455
vn 0.1615 -0.0274 -0.9865
vn 0.1029 0.0791 -0.9915
vn 0.0955 0.2105 -0.9729
vn 0.1208 0.3240 -0.9383
vn -0.5089 0.3529 -0.7852
vn -0.2416 -0.0795 -0.9671
vn -0.2602 0.0059 -0.9655
vn -0.2843 0.0977 -0.9537
vn -0.2776 0.2205 -0.9350
vn -0.2418 0.3646 -0.8992
vn -0.2304 0.4746 -0.8495
vn -0.2866 0.5271 -0.8000
vn -0.8806 0.4495 0.1502
vn -0.8365 0.5184 0.1772
vn -0.6927 0.6432 -0.3262
vn -0.6799 0.6520 -0.3357
vn -0.6113 0.6685 -0.4236
vn -0.7271 0.6425 -0.2418
vn -0.7743 0.6211 -0.1211
vn -0.7695 0.6322 -0.0904
vn -0.7887 0.6144 -0.0200
vn -0.8259 0.5634 0.0203
vn -0.7963 0.6049 -0.0027
vn -0.4672 0.6320 -0.6182
vn -0.5160 0.6523 -0.5552
vn -0.4122 0.5407 -0.7332
vn -0.5893 0.5647 -0.5779
vn -0.8617 0.4975 0.1001
vn -0.6988 0.6854 0.2044
vn -0.4779 0.7714 -0.4201
vn -0.9931 0.0329 0.1125
vn -0.8664 0.3283 -0.3763
vn -0.8756 0.2936 -0.3835
vn -0.9955 0.0655 0.0683
vn 0.3384 0.7648 0.5483
vn 0.5369 0.6068 0.5861
vn 0.7446 0.6576 -0.1144
vn 0.5340 0.8403 -0.0938
vn 0.6196 0.4936 0.6103
vn 0.6714 0.4350 0.5999
vn 0.8262 0.5237 -0.2075
vn 0.8128 0.5548 -0.1773
vn 0.8335 0.3016 0.4629
vn 0.8115 0.3228 0.4870
vn 0.1507 -0.0672 0.9863
vn 0.1621 -0.1296 0.9782
vn 0.8439 0.2634 0.4673
vn 0.8419 0.2155 0.4946
vn 0.8203 0.5633 -0.0985
vn 0.8180 0.5470 -0.1776
vn 0.7731 0.3515 0.5279
vn 0.8479 0.4823 -0.2202
vn 0.8356 0.5085 -0.2076
vn 0.7240 0.3931 0.5668
vn 0.1624 -0.2062 0.9649
vn -0.6061 0.1135 0.7872
vn -0.5667 0.2483 0.7856
vn -0.9376 0.3413 0.0664
vn -0.5708 -0.0602 0.8188
vn -0.5743 0.0281 0.8182
vn -0.9016 0.4277 0.0638
vn -0.7262 0.3460 -0.5940
vn -0.7075 0.2990 -0.6403
vn -0.8307 0.1949 -0.5214
vn -0.8505 0.2854 -0.4417
vn -0.7238 0.2356 -0.6485
vn -0.8451 0.0543 -0.5317
vn 0.1797 0.8498 -0.4955
vn 0.2607 0.8387 -0.4781
vn 0.4549 0.8450 -0.2810
vn 0.4012 0.8765 -0.2659
vn 0.5866 0.8018 -0.1143
vn 0.6438 0.7405 -0.1925
vn 0.7551 0.6553 -0.0180
vn 0.1303 -0.2492 0.9596
vn 0.0565 0.0309 0.9979
vn 0.1235 -0.0168 0.9922
vn -0.0533 0.0921 0.9943
vn -0.0248 0.0564 0.9981
vn -0.4696 -0.3341 0.8172
vn -0.4300 -0.3846 0.8168
vn -0.0422 0.1684 0.9848
vn -0.9933 0.1153 0.0022
vn -0.9879 0.0949 0.1227
vn -0.8062 0.4077 -0.4287
vn -0.5649 0.5038 -0.6535
vn -0.9972 -0.0273 -0.0692
vn -0.9819 -0.1689 -0.0852
vn -0.6924 -0.2660 0.6706
vn -0.6740 -0.2376 0.6994
vn -0.5721 -0.2311 0.7870
vn -0.5298 0.4150 -0.7396
vn -0.5563 0.4316 -0.7101
vn -0.4101 0.5835 -0.7009
vn -0.3256 0.5208 -0.7891
vn -0.5606 0.4398 -0.7017
vn -0.3411 0.5611 -0.7542
vn -0.0351 -0.0475 0.9982
vn 0.7472 0.3591 0.5593
vn -0.4068 0.5116 0.7568
vn 0.1890 0.8425 0.5045
vn -0.0486 0.9212 -0.3860
vn -0.1522 0.8685 -0.4718
vn -0.1553 0.8376 -0.5237
vn 0.0584 0.8914 -0.4493
vn 0.0664 0.9850 -0.1593
vn 0.2772 0.9316 -0.2351
vn 0.1259 0.9915 -0.0321
vn 0.4460 0.8932 -0.0577
vn 0.4461 0.8944 -0.0313
vn 0.0490 0.9941 -0.0968
vn -0.9993 0.0153 -0.0338
vn -0.8155 -0.0581 0.5757
vn -0.5997 0.5065 -0.6195
vn -0.7076 0.4671 -0.5302
vn -0.9763 0.1996 0.0839
vn -0.0457 0.7734 -0.6322
vn 0.0684 0.7413 -0.6676
vn -0.5513 -0.2202 0.8047
vn -0.4619 -0.3593 0.8109
vn -0.1141 0.6872 -0.7174
vn -0.1244 0.6276 -0.7685
vn -0.2508 0.6937 -0.6751
vn 0.8296 0.5093 -0.2287
vn 0.8435 0.4806 -0.2396
vn 0.0828 0.8029 -0.5902
vn -0.0194 0.9923 -0.1218
vn -0.0408 0.9987 -0.0301
vn -0.0510 0.9898 -0.1328
vn -0.0576 0.9281 -0.3678
vn -0.0562 0.8684 -0.4926
vn -0.0707 0.2673 0.9610
vn -0.8386 0.0093 -0.5446
vn -0.3464 0.7445 -0.5707
vn 0.6374 0.4680 -0.6121
vn 0.6276 0.5482 -0.5527
vn 0.3310 0.4105 -0.8496
vn 0.3412 0.4805 -0.8078
vn 0.0242 0.4046 -0.9142
vn 0.0510 0.4570 -0.8880
vn -0.2510 0.4451 -0.8596
vn -0.2661 0.4875 -0.8316
vn -0.2294 -0.1908 0.9544
vn -0.2976 -0.1369 0.9448
vn -0.2398 -0.2236 0.9447
vn -0.2647 -0.1867 0.9461
vn -0.3658 -0.1933 0.9104
vn -0.3310 -0.1698 0.9282
vn -0.3769 -0.1298 0.9171
vn -0.3374 -0.1095 0.9350
vn -0.1430 -0.2743 0.9509
vn -0.1947 -0.2844 0.9387
vn -0.3986 -0.2215 0.8900
vn -0.3948 -0.1506 0.9063
vn 0.5972 0.4791 -0.6432
vn 0.2682 0.4519 -0.8508
vn -0.0178 0.4640 -0.8856
vn -0.2961 0.5153 -0.8042
vn -0.3382 -0.0761 0.9380
vn -0.2992 -0.0766 0.9511
vn -0.3073 -0.0848 0.9478
vn -0.3028 -0.0909 0.9487
vn -0.2165 0.3030 0.9280
vn -0.3995 0.3083 0.8633
vn -0.3615 0.8535 0.3753
vn 0.0124 0.8690 0.4946
vn 0.5390 0.6937 -0.4778
vn -0.2327 0.6279 -0.7427
vn 0.2960 0.7202 -0.6275
vn 0.0172 0.7017 -0.7122
vn 0.2070 0.9610 -0.1835
vn -0.1494 0.9446 -0.2921
vn -0.6598 -0.0762 0.7475
vn -0.7924 0.3524 0.4979
vn -0.4997 -0.3498 0.7924
vn -0.4098 -0.4183 0.8106
vn -0.3600 -0.3757 0.8539
vn -0.3331 -0.2973 0.8948
vn -0.3200 -0.2336 0.9181
vn -0.3382 -0.1741 0.9248
vn 0.6496 0.7009 -0.2945
vn 0.4631 0.8251 -0.3236
vn 0.2684 0.8638 -0.4263
vn -0.7468 0.3968 -0.5337
vn -0.5754 0.5274 -0.6251
vn -0.3586 0.6692 -0.6508
vn -0.1236 0.7859 -0.6058
vn 0.0860 0.8563 -0.5091
vn 0.2856 0.8550 -0.4329
vn 0.4703 0.7743 -0.4234
vn 0.6531 0.6353 -0.4121
vn -0.2706 -0.0380 0.9619
vn -0.6527 0.3320 0.6809
vn -0.6145 0.5725 0.5428
vn -0.1899 0.1990 0.9614
vn -0.4400 0.2266 0.8689
vn -0.6501 0.6331 0.4200
vn -0.8629 -0.0136 0.5051
vn -0.8419 0.3927 0.3702
vn -0.8035 0.0855 0.5891
vn -0.7608 0.5729 0.3048
vn -0.7045 -0.2890 0.6482
vn -0.2315 -0.1891 0.9543
vn -0.4717 -0.2578 0.8433
vn -0.4757 -0.3176 0.8203
vn -0.7656 -0.3081 0.5647
vn -0.5772 -0.5258 0.6248
vn -0.1206 -0.4715 0.8736
vn -0.4926 -0.4064 0.7695
vn 0.1223 -0.1067 0.9867
vn -0.0277 -0.2103 0.9772
vn 0.1528 -0.2945 0.9434
vn 0.2635 -0.3060 0.9148
vn -0.5338 -0.4928 0.6872
vn -0.6302 -0.4788 0.6112
vn -0.0264 -0.4001 0.9161
vn 0.1346 -0.5018 0.8544
vn 0.2530 -0.4977 0.8296
vn 0.2582 -0.4040 0.8776
vn -0.4655 0.5708 -0.6764
vn -0.6132 0.5596 -0.5575
vn -0.7155 0.4844 -0.5034
vn 0.6477 0.5612 -0.5153
vn 0.6449 0.5079 -0.5710
vn 0.6512 0.4881 -0.5811
vn -0.4822 -0.2075 0.8511
vn -0.4104 -0.2814 0.8674
vn -0.1845 -0.3370 0.9232
vn -0.0132 -0.3681 0.9297
vn 0.0577 -0.4519 0.8902
vn 0.1806 -0.5484 0.8165
vn 0.2712 -0.5621 0.7813
vn 0.3098 -0.4742 0.8241
vn -0.4772 -0.6046 0.6377
vn -0.0698 -0.6201 0.7814
vn -0.4504 -0.5422 0.7093
vn -0.0884 -0.6307 0.7710
vn -0.4420 -0.4237 0.7906
vn -0.1321 -0.5462 0.8271
vn -0.4321 -0.3280 0.8400
vn -0.1669 -0.4193 0.8923
vn 0.4558 0.6963 -0.5543
vn 0.4353 0.6037 -0.6678
vn 0.4290 0.5147 -0.7423
vn 0.4191 0.4876 -0.7659
vn 0.2053 0.5213 -0.8283
vn -0.0398 0.5726 -0.8188
vn -0.2149 0.5950 -0.7744
vn -0.2899 0.6510 -0.7015
vn -0.4114 0.6871 -0.5989
vn -0.5253 0.6366 -0.5646
vn 0.3062 0.8017 -0.5133
vn 0.1213 0.8489 -0.5144
vn -0.0878 0.8285 -0.5529
vn -0.3072 0.7581 -0.5752
vn -0.0388 0.8284 -0.5588
vn 0.1062 0.8292 -0.5487
vn -0.1479 0.7750 -0.6143
vn 0.2094 0.7406 -0.6385
vn 0.2123 0.6185 -0.7565
vn -0.0554 0.6817 -0.7295
vn -0.8501 0.1543 0.5035
vn -0.8734 0.1261 0.4704
vn -0.8162 0.4111 0.4060
vn -0.7705 0.6022 0.2089
vn -0.6927 0.7128 0.1098
vn -0.6045 0.7835 0.1437
vn -0.6750 0.7202 0.1598
vn -0.6965 0.6234 0.3552
vn -0.4888 0.7002 0.5203
vn -0.1828 0.7781 0.6009
vn -0.0740 0.9727 0.2200
vn 0.0352 0.9673 0.2510
vn -0.0377 0.7809 0.6235
vn 0.0937 0.7529 0.6514
vn -0.9328 0.3128 -0.1789
vn -0.8729 0.2674 0.4081
vn -0.1716 -0.9109 -0.3751
vn -0.2492 -0.9032 -0.3495
vn -0.2363 -0.9498 -0.2048
vn -0.1571 -0.9677 -0.1969
vn -0.1482 -0.9779 0.1472
vn -0.1707 -0.9077 -0.3833
vn -0.1674 -0.9340 -0.3154
vn -0.1721 -0.9123 -0.3716
vn -0.1657 -0.9298 -0.3287
vn -0.1807 -0.9478 -0.2626
vn -0.8086 0.3955 0.4356
vn -0.3766 0.8306 0.4101
vn -0.3199 0.4942 0.8083
vn -0.7024 0.2467 0.6676
vn -0.1733 0.8495 0.4983
vn -0.4409 0.8610 0.2535
vn -0.2920 0.9412 0.1700
vn -0.1839 0.7311 0.6569
vn 0.0034 0.1406 0.9901
vn 0.0516 0.3385 0.9395
vn -0.2598 0.6453 0.7183
vn -0.3052 -0.0059 0.9523
vn -0.2415 0.5493 0.7999
vn -0.4821 -0.0699 0.8733
vn -0.2901 0.4518 0.8436
vn -0.5926 -0.0396 0.8045
vn -0.3340 0.5101 0.7925
vn -0.6761 0.1578 0.7197
vn -0.2943 0.5409 0.7879
vn -0.6226 0.2151 0.7523
vn -0.1367 0.1151 0.9839
vn -0.5125 -0.1829 0.8390
vn -0.1092 -0.6028 0.7904
vn -0.5551 -0.5008 0.6641
vn -0.3107 -0.7519 0.5815
vn -0.6679 -0.3788 0.6406
vn -0.4560 -0.5603 0.6915
vn -0.7143 -0.1399 0.6858
vn -0.4704 -0.4031 0.7849
vn -0.6894 -0.0262 0.7239
vn -0.4308 -0.3276 0.8409
vn -0.6500 0.0265 0.7595
vn 0.0678 -0.7566 0.6503
vn 0.1068 -0.7819 0.6141
vn -0.3791 -0.3605 0.8522
vn -0.6570 0.6619 0.3608
vn -0.6361 0.6867 0.3517
vn -0.3945 0.7428 0.5408
vn -0.4555 0.7406 0.4940
vn -0.3281 -0.3310 0.8847
vn -0.4326 0.1281 0.8924
vn -0.5874 0.0589 0.8071
vn -0.2161 -0.2558 0.9423
vn -0.1473 0.1792 0.9727
vn -0.1435 -0.2521 0.9570
vn 0.1115 0.1544 0.9817
vn -0.1127 -0.3351 0.9354
vn 0.2249 0.0420 0.9734
vn -0.1614 -0.4591 0.8736
vn 0.1163 -0.1676 0.9790
vn -0.4622 -0.4853 0.7421
vn -0.2142 -0.2117 0.9536
vn -0.7765 -0.3244 0.5401
vn -0.9160 -0.1207 0.3826
vn -0.7263 -0.0015 0.6874
vn -0.5278 -0.0874 0.8448
vn -0.8419 0.4393 0.3132
vn -0.9701 -0.1321 0.2037
vn -0.7924 -0.5607 0.2404
vn -0.8957 -0.4158 0.1573
vn -0.6860 -0.6448 0.3371
vn -0.6133 -0.7105 0.3449
vn -0.4436 -0.8319 0.3334
vn -0.1552 -0.8961 0.4158
vn 0.0636 -0.8628 0.5015
vn -0.6153 0.1862 0.7660
vn -0.7426 0.1676 0.6484
vn -0.7026 0.5680 0.4285
vn -0.7172 0.6062 0.3436
vn -0.6612 0.6192 0.4236
vn 0.0495 -0.8227 0.5663
vn 0.1255 -0.9058 0.4047
vn 0.3031 -0.8647 0.4005
vn 0.2705 -0.3425 0.8997
vn 0.0080 0.4346 0.9006
vn -0.0628 0.6473 0.7596
vn 0.0049 0.6722 0.7403
vn 0.0892 0.7420 0.6644
vn 0.0652 0.8734 0.4826
vn -0.1064 0.9561 0.2730
vn -0.2528 0.9485 0.1910
vn -0.1157 0.2793 0.9532
vn -0.4441 0.3251 0.8349
vn -0.2442 -0.2093 0.9468
vn -0.2752 0.0444 0.9604
vn -0.4464 0.1928 0.8738
vn 0.4754 -0.8502 0.2261
vn 0.3886 -0.8801 0.2727
vn -0.4839 0.7041 0.5196
vn -0.8044 0.1699 0.5692
vn -0.8381 0.1325 0.5291
vn -0.8539 -0.0403 0.5188
vn -0.8057 -0.2558 0.5343
vn -0.7636 -0.2381 0.6002
vn -0.7903 0.0087 0.6126
vn -0.7644 0.0236 0.6443
vn -0.6360 -0.1104 0.7637
vn -0.5249 -0.1316 0.8409
vn -0.3644 -0.0503 0.9299
vn -0.1021 0.1272 0.9866
vn -0.4879 0.8665 0.1050
vn -0.2966 0.9456 0.1332
vn -0.3327 -0.3352 0.8814
vn -0.4875 -0.3850 0.7836
vn -0.6931 -0.2766 0.6656
vn -0.7166 -0.0555 0.6952
vn -0.7261 0.1173 0.6774
vn -0.7044 0.2659 0.6580
vn 0.7891 -0.6051 0.1055
vn 0.5670 -0.8227 0.0390
vn -0.7092 -0.7048 0.0136
vn -0.7889 -0.6142 0.0210
vn 0.9158 0.0016 0.4016
vn -0.8665 -0.4983 -0.0286
vn 0.5050 0.6514 0.5662
vn -0.9389 -0.3406 -0.0491
vn -0.9968 0.0350 -0.0718
vn 0.4386 0.7493 0.4962
vn -0.8854 0.4599 0.0670
vn 0.4113 0.7523 0.5146
vn 0.3036 0.8187 0.4873
vn -0.5108 -0.8585 0.0454
vn 0.1828 0.9144 0.3612
vn -0.1608 -0.9800 0.1166
vn -0.0369 0.9644 0.2619
vn 0.2308 -0.9533 0.1947
vn -0.1969 0.9637 0.1802
vn 0.5040 -0.8636 0.0079
vn -0.8731 -0.0410 0.4858
vn -0.9154 -0.1076 0.3879
vn -0.9055 -0.1556 0.3948
vn -0.8946 -0.1179 0.4310
vn 0.4614 -0.8768 0.1356
vn -0.5502 0.8338 -0.0457
vn -0.2432 0.9681 0.0599
vn -0.9804 -0.0096 -0.1968
vn 0.8582 0.5004 0.1142
vn -0.8550 0.4977 -0.1456
vn 0.6178 0.7691 0.1636
vn -0.5748 -0.8145 0.0786
vn 0.1642 0.9694 0.1823
vn 0.0672 -0.9808 0.1829
vn -0.8549 -0.5061 -0.1143
vn -0.6565 0.1714 0.7345
vn -0.8057 0.1440 0.5746
vn -0.9023 -0.0052 0.4311
vn -0.9173 0.0244 0.3974
vn 0.6891 -0.7246 -0.0062
vn -0.4100 0.4678 0.7829
vn -0.6312 0.4172 0.6538
vn 0.9953 0.0595 0.0766
vn -0.5695 -0.0253 0.8216
vn -0.4581 0.0783 0.8854
vn -0.4683 -0.2299 0.8531
vn -0.4196 -0.0161 0.9075
vn -0.3650 0.2781 0.8884
vn -0.4869 0.1692 0.8569
vn -0.7399 0.3373 0.5820
vn -0.6901 0.2146 0.6911
vn -0.8367 0.1533 0.5257
vn -0.8676 0.1577 0.4714
vn -0.8878 0.2538 0.3839
vn -0.6244 0.4583 0.6325
vn -0.6834 0.4669 0.5612
vn -0.8620 0.1739 0.4760
vn -0.5935 -0.3572 0.7212
vn -0.8672 0.2047 0.4540
vn -0.7032 -0.3747 0.6042
vn -0.8046 0.1907 0.5623
vn -0.8650 -0.0920 0.4933
vn -0.8898 0.0932 0.4466
vn -0.8075 -0.3160 0.4981
vn -0.8828 -0.1392 0.4486
vn -0.8633 -0.1678 0.4759
vn -0.8623 -0.0132 0.5062
vn -0.8075 0.0047 0.5899
vn -0.6913 -0.0681 0.7193
vn -0.4533 0.1804 0.8729
vn -0.5026 0.2166 0.8369
vn -0.5927 0.2363 0.7699
vn -0.6783 0.4411 0.5876
vn -0.8298 0.3414 0.4415
vn -0.8485 0.2691 0.4556
vn -0.8313 0.4248 0.3583
vn -0.7414 0.4104 0.5309
vn -0.7112 0.4888 0.5052
vn -0.8575 0.1353 0.4963
vn -0.2759 -0.0141 0.9611
vn -0.3885 0.1045 0.9155
vn -0.8508 0.1446 0.5052
vn -0.3338 -0.0853 0.9388
vn -0.8864 0.0523 0.4599
vn -0.5444 -0.1207 0.8301
vn -0.9074 -0.1335 0.3983
vn -0.7676 -0.0013 0.6409
vn -0.9178 -0.1263 0.3763
vn -0.7858 0.2561 0.5630
vn -0.9220 -0.0236 0.3864
vn -0.7656 0.3705 0.5259
vn -0.8857 -0.1020 0.4528
vn -0.8018 -0.1797 0.5699
vn -0.6865 -0.1178 0.7175
vn -0.5885 0.0172 0.8083
vn -0.9224 -0.0215 0.3855
vn -0.7334 0.4445 0.5143
vn -0.6920 0.3737 0.6176
vn -0.8963 -0.1254 0.4253
vn -0.7441 0.4640 0.4807
vn -0.6865 0.5458 0.4804
vn -0.8420 -0.2185 0.4933
vn -0.7834 -0.2342 0.5756
vn -0.7353 -0.1270 0.6657
vn -0.0851 0.4615 0.8830
vn -0.3236 0.5175 0.7921
vn -0.7416 0.1969 0.6413
vn -0.4547 0.4700 0.7565
vn -0.8042 0.4845 0.3443
vn -0.7400 0.5906 0.3218
vn -0.7785 0.5217 0.3489
vn -0.6366 0.6186 0.4605
vn -0.8169 0.3441 0.4628
vn 0.1418 0.2624 0.9545
vn 0.0988 0.1428 0.9848
vn -0.1815 0.1528 0.9714
vn -0.5427 0.2524 0.8010
vn -0.1291 0.1900 0.9732
vn 0.0003 -0.3526 0.9358
vn -0.0284 -0.6255 0.7797
vn -0.1019 -0.6534 0.7501
vn -0.1064 -0.6310 0.7684
vn -0.0956 -0.6504 0.7535
vn -0.1277 -0.7219 0.6801
vn -0.0913 -0.6815 0.7260
vn -0.3938 -0.5340 0.7481
vn -0.3127 -0.5747 0.7562
vn -0.5131 -0.4000 0.7594
vn -0.5279 -0.3640 0.7673
vn -0.6843 -0.1860 0.7050
vn -0.6967 -0.1920 0.6912
vn -0.8015 -0.0537 0.5955
vn -0.7979 -0.2391 0.5532
vn -0.4241 -0.4556 0.7826
vn -0.5770 -0.3979 0.7133
vn -0.6688 -0.4558 0.5873
vn -0.3027 -0.6431 0.7034
vn -0.5728 -0.6057 0.5523
vn -0.1932 -0.4662 0.8633
vn -0.1900 0.6701 0.7175
vn -0.2104 0.8296 0.5171
vn -0.1920 0.8714 0.4515
vn -0.3930 0.2726 0.8782
vn -0.2261 -0.3935 0.8910
vn -0.3455 -0.4254 0.8365
vn -0.7021 0.0983 0.7052
vn -0.4572 0.6319 0.6258
vn -0.4722 0.7534 0.4576
vn -0.4433 0.7721 0.4552
vn -0.2696 -0.9309 0.2462
vn -0.6802 -0.7164 0.1553
vn -0.9118 -0.3588 0.1996
vn -0.9267 -0.1164 0.3572
vn -0.8145 -0.0062 0.5801
vn -0.6228 -0.0217 0.7820
vn -0.4003 -0.0404 0.9155
vn -0.3540 -0.0919 0.9307
vn 0.0489 -0.9380 0.3430
vn 0.2739 -0.8329 0.4808
vn -0.3454 -0.6569 0.6702
vn 0.4609 -0.7361 0.4957
vn -0.8328 -0.3007 0.4648
vn -0.1472 -0.9005 0.4090
vn 0.5426 -0.7091 0.4502
vn 0.4728 -0.7271 0.4978
vn 0.1161 -0.9270 0.3565
vn -0.6297 -0.7516 0.1961
vn -0.3698 -0.6348 0.6784
vn -0.7953 0.4012 0.4545
vn -0.9681 -0.0042 0.2503
vn -0.8937 -0.4476 0.0294
vn -0.6564 -0.1912 0.7298
vn -0.7994 -0.2835 0.5297
vn -0.8328 -0.5153 0.2023
vn -0.8032 -0.5417 0.2476
vn -0.1730 -0.1601 0.9718
vn -0.9597 -0.2107 0.1859
vn -0.9140 0.0305 0.4045
vn -0.7675 0.5263 0.3659
vn -0.7917 0.5203 0.3201
vn -0.9300 0.2250 0.2907
vn -0.9707 0.1644 0.1752
vn -0.1408 -0.5301 0.8361
vn -0.1743 -0.5031 0.8464
vn -0.5397 0.1778 0.8228
vn -0.7302 0.0199 0.6830
vn -0.3036 -0.9491 -0.0836
vn -0.6927 -0.7146 0.0972
vn -0.8715 -0.3855 0.3031
vn -0.8521 -0.1479 0.5020
vn 0.1358 -0.9857 -0.0994
vn 0.5196 -0.8539 0.0284
vn 0.7607 -0.6071 0.2297
vn 0.7316 -0.5079 0.4548
vn 0.4970 -0.5568 0.6655
vn -0.2758 -0.5190 0.8090
vn -0.4154 -0.6156 0.6697
vn -0.3386 -0.8502 0.4030
vn -0.0775 -0.9931 0.0883
vn 0.2601 -0.6323 0.7297
vn 0.3433 -0.7717 0.5353
vn 0.4262 -0.8789 0.2142
vn -0.0009 -0.6537 0.7567
vn -0.1379 0.8711 0.4714
vn -0.4096 0.7765 0.4788
vn -0.7436 0.5375 0.3977
vn -0.8798 0.3038 0.3654
vn -0.8533 0.2005 0.4813
vn -0.8119 0.0508 0.5816
vn -0.6602 -0.1789 0.7295
vn -0.4489 -0.3933 0.8024
vn -0.2503 -0.5416 0.8025
vn -0.7792 0.4500 0.4362
vn -0.2587 0.7785 0.5719
vn -0.3327 0.7961 0.5054
vn -0.2826 -0.9016 -0.3273
vn -0.3190 -0.9063 -0.2770
vn -0.3439 -0.8869 -0.3083
vn -0.3345 -0.8915 -0.3053
vn -0.3365 -0.9208 -0.1970
vn -0.1368 -0.9148 0.3799
vn -0.1908 -0.8268 0.5291
vn -0.2456 -0.6677 0.7027
vn -0.2810 -0.4557 0.8446
vn -0.3055 -0.1220 0.9443
vn -0.2372 0.4978 0.8342
vn -0.1593 0.5727 0.8041
vn 0.5244 -0.8044 -0.2790
vn -0.1648 -0.9635 -0.2110
vn -0.2507 -0.9473 0.1995
vn 0.5976 -0.7656 -0.2381
vn 0.0015 -0.9796 0.2009
vn 0.4165 -0.8510 -0.3198
vn -0.1581 -0.9803 0.1178
vn 0.3144 -0.7949 -0.5188
vn 0.2131 -0.8415 -0.4965
vn -0.0421 -0.9315 0.3613
vn 0.0874 -0.8264 -0.5562
vn -0.0659 -0.9354 0.3473
vn -0.4180 -0.9052 0.0770
vn -0.3009 -0.7429 -0.5979
vn 0.0399 -0.9337 -0.3559
vn 0.1614 -0.7292 -0.6649
vn 0.3876 -0.9217 -0.0152
vn 0.2659 -0.8251 -0.4985
vn 0.2161 -0.2749 -0.9368
vn -0.7933 -0.5095 -0.3331
vn 0.7533 -0.6415 0.1447
vn 0.7799 -0.2420 -0.5771
vn 0.6325 -0.6887 -0.3543
vn -0.6940 -0.6198 0.3663
vn 0.0993 -0.8257 0.5552
vn 0.1133 -0.6534 0.7485
vn 0.8622 -0.4049 0.3042
vn -0.1140 0.1120 -0.9871
vn -0.8674 -0.1825 -0.4629
vn 0.8127 -0.0176 -0.5824
vn -0.7316 -0.5601 0.3886
vn 0.8176 0.0545 -0.5732
vn -0.0075 0.1475 -0.9890
vn -0.7820 -0.2677 -0.5628
vn -0.6301 -0.7376 0.2424
vn 0.1483 -0.7912 0.5933
vn 0.8732 -0.4278 0.2333
vn 0.1075 -0.3394 -0.9344
vn -0.4377 -0.6073 -0.6630
vn 0.6613 -0.7494 -0.0308
vn 0.6478 -0.4401 -0.6218
vn -0.2797 -0.9536 -0.1111
vn 0.1455 -0.9856 0.0855
vn 0.3091 -0.6560 -0.6885
vn 0.4255 -0.6118 -0.6668
vn 0.6037 -0.5679 -0.5594
vn 0.7844 -0.4437 -0.4333
vn 0.8482 -0.4049 -0.3415
vn 0.6458 -0.6964 -0.3128
vn 0.4825 -0.8109 -0.3311
vn 0.2335 -0.9365 -0.2615
vn 0.4510 -0.8260 -0.3380
vn 0.3681 -0.8646 -0.3418
vn 0.1090 -0.9771 -0.1828
vn 0.6419 -0.7052 -0.3009
vn 0.6374 -0.7040 -0.3132
vn 0.5237 -0.7892 -0.3206
vn 0.5096 -0.7924 -0.3352
vn 0.5179 -0.8242 -0.2291
vn 0.5886 -0.7502 -0.3011
vn 0.5367 -0.7454 -0.3952
vn 0.4559 -0.7801 -0.4284
vn 0.3860 -0.8405 -0.3800
vn 0.2907 -0.8654 -0.4081
vn 0.2076 -0.9777 -0.0299
vn 0.0137 -0.9973 0.0717
vn 0.2507 -0.9120 -0.3244
vn -0.1168 -0.9786 0.1694
vn 0.2809 -0.9331 -0.2245
vn 0.4513 -0.8729 -0.1855
vn -0.0992 -0.9859 0.1347
vn 0.5429 -0.8152 -0.2015
vn -0.0804 -0.9950 0.0587
vn 0.8378 -0.4471 -0.3133
vn 0.5407 -0.7960 -0.2720
vn -0.0840 -0.9945 -0.0617
vn 0.8012 -0.5150 -0.3048
vn 0.5513 -0.7546 -0.3559
vn 0.7943 -0.5351 -0.2876
vn 0.5181 -0.7822 -0.3460
vn 0.7905 -0.5437 -0.2818
vn 0.4043 -0.8185 -0.4080
vn 0.7328 -0.5726 -0.3674
vn 0.3016 -0.8850 -0.3545
vn 0.6500 -0.6467 -0.3990
vn 0.1571 -0.9711 -0.1796
vn 0.4672 -0.8259 -0.3154
vn 0.2228 -0.9660 -0.1307
vn 0.1800 -0.9635 -0.1982
vn 0.4830 -0.8197 -0.3079
vn 0.3634 -0.8709 -0.3309
vn 0.2605 -0.8914 -0.3709
vn 0.1846 -0.8656 -0.4654
vn 0.1270 -0.8665 -0.4828
vn 0.0662 -0.9281 -0.3663
vn 0.0294 -0.9647 -0.2616
vn -0.1166 -0.9750 -0.1890
vn -0.2299 -0.9384 -0.2581
vn -0.3212 -0.8984 -0.2994
vn -0.3753 -0.8509 -0.3674
vn -0.3767 -0.8539 -0.3590
vn -0.3570 -0.9141 -0.1921
vn -0.3087 -0.9473 -0.0860
vn 0.4361 -0.8997 -0.0190
vn 0.2413 -0.9701 0.0257
vn 0.1025 -0.9922 0.0711
vn 0.0753 -0.9956 0.0554
vn -0.1827 -0.9712 0.1529
vn 0.1250 -0.9258 0.3566
vn -0.1782 -0.8873 0.4254
vn -0.4369 -0.7808 0.4465
vn -0.5186 -0.7846 0.3396
vn -0.5803 -0.7741 0.2529
vn -0.6208 -0.7704 0.1447
vn -0.6377 -0.7699 0.0262
vn -0.6649 -0.7426 -0.0804
vn -0.7111 -0.6863 -0.1524
vn -0.7653 -0.6149 -0.1903
vn -0.8061 -0.5850 -0.0889
vn -0.8153 -0.5635 0.1329
vn -0.8224 -0.4988 0.2735
vn -0.8057 -0.4581 0.3754
vn 0.2107 -0.9101 -0.3567
vn 0.4108 -0.9091 -0.0683
vn 0.4536 -0.8569 -0.2446
vn 0.5042 -0.8071 -0.3072
vn 0.1043 -0.9684 -0.2263
vn 0.1876 -0.9526 -0.2394
vn 0.4744 -0.8803 0.0031
vn 0.5125 -0.7424 -0.4314
vn 0.6068 -0.7064 -0.3645
vn 0.5746 -0.7388 -0.3519
vn 0.1269 -0.9901 -0.0605
vn 0.5761 -0.7642 -0.2898
vn 0.3464 -0.9351 0.0742
vn 0.5632 -0.7258 -0.3950
vn 0.4701 -0.7671 -0.4365
vn 0.3677 -0.8336 -0.4121
vn 0.3036 -0.8022 -0.5141
vn 0.3291 -0.9110 -0.2485
vn 0.1976 -0.9769 0.0812
vn 0.2601 -0.8405 -0.4752
vn -0.0287 -0.9735 -0.2266
vn 0.2579 -0.9619 0.0908
vn 0.3008 -0.8845 0.3565
vn 0.3395 -0.3345 0.8791
vn 0.3115 -0.9422 0.1230
vn 0.3944 -0.8386 0.3756
vn 0.6016 -0.2571 0.7562
vn 0.4414 -0.8889 0.1223
vn 0.5257 -0.6988 0.4851
vn 0.3735 -0.6279 0.6828
vn 0.2760 -0.5856 0.7621
vn 0.1987 -0.6504 0.7331
vn -0.1111 -0.7812 0.6142
vn -0.7982 -0.4677 0.3796
vn 0.5435 -0.7031 0.4586
vn 0.7280 -0.0049 0.6855
vn 0.6950 -0.3010 0.6529
vn 0.6536 0.3835 0.6524
vn 0.3590 0.2552 0.8978
vn 0.3407 0.1542 0.9274
vn 0.3536 0.1361 0.9254
vn 0.1789 0.0100 0.9838
vn -0.2719 -0.4764 0.8361
vn -0.7787 -0.5408 0.3180
vn 0.1628 0.9731 0.1630
vn 0.1996 0.9695 0.1426
vn 0.3800 0.9133 0.1465
vn 0.3160 0.9335 0.1692
vn 0.2577 0.9557 0.1424
vn 0.4256 0.8894 0.1666
vn 0.4790 0.8578 0.1861
vn 0.3799 0.8484 0.3686
vn 0.2160 0.9365 0.2762
vn 0.4428 0.8902 0.1072
vn 0.1352 0.9619 0.2376
vn 0.2223 0.9635 0.1491
vn 0.1364 0.9887 0.0616
vn 0.0800 0.9846 0.1551
vn 0.4522 0.8384 0.3042
vn 0.2276 0.7956 0.5614
vn 0.4202 0.8867 0.1926
vn -0.6071 0.6342 0.4787
vn 0.1678 0.9051 0.3905
vn -0.5802 0.6976 0.4204
vn -0.6943 0.6329 0.3425
vn -0.6987 0.1422 0.7011
vn -0.5223 0.1393 0.8413
vn -0.2862 -0.1189 0.9507
vn -0.8706 0.2087 0.4455
vn 0.5192 0.2898 0.8039
vn 0.5478 0.7866 0.2848
vn -0.0749 0.9866 -0.1448
vn -0.6425 0.7596 -0.1004
vn -0.1942 -0.3292 0.9240
vn -0.9055 -0.2322 0.3552
vn 0.6503 0.1064 0.7521
vn -0.0767 0.7651 -0.6393
vn 0.7394 0.6690 -0.0757
vn -0.8700 0.3018 -0.3899
vn 0.7219 0.1564 0.6740
vn -0.1455 -0.2403 0.9597
vn -0.0738 0.7381 -0.6706
vn 0.7387 0.6528 -0.1677
vn -0.9030 -0.1287 0.4097
vn -0.8665 0.3412 -0.3642
vn -0.2393 0.2575 0.9362
vn -0.7941 0.3384 0.5048
vn 0.3083 0.9426 0.1282
vn 0.3391 0.6004 0.7242
vn -0.7537 0.6542 -0.0622
vn -0.2346 0.9472 -0.2185
vn -0.0211 0.9090 0.4162
vn -0.2524 0.9452 0.2067
vn -0.4936 0.2966 0.8176
vn -0.3761 0.4549 0.8072
vn -0.5170 -0.0692 0.8531
vn -0.2316 -0.0624 0.9708
vn -0.6046 0.3728 0.7038
vn -0.6683 0.5894 0.4538
vn 0.1845 0.5517 0.8133
vn 0.2411 0.6830 0.6894
vn 0.2626 0.4006 0.8777
vn 0.0843 0.5767 0.8126
vn -0.0745 0.6808 0.7287
vn -0.1963 0.7590 0.6207
vn -0.3504 0.6985 0.6239
vn -0.4473 0.6892 0.5700
vn -0.3818 0.8066 0.4511
vn -0.4372 0.7982 0.4144
vn -0.8135 0.4904 0.3125
vn -0.5568 0.7366 0.3838
vn -0.4203 0.4486 0.7888
vn -0.5398 0.3321 0.7735
vn -0.6466 0.3429 0.6813
vn -0.5584 -0.0589 0.8274
vn -0.7021 -0.0660 0.7089
vn -0.8175 -0.0896 0.5689
vn -0.6774 0.5177 0.5226
vn -0.6077 0.6493 0.4572
vn -0.5643 0.6869 0.4580
vn -0.5146 0.7008 0.4940
vn -0.9437 -0.0609 0.3252
vn -0.9705 -0.0721 0.2299
vn -0.2559 0.6583 0.7078
vn -0.1773 0.5265 0.8314
vn -0.0695 0.4340 0.8982
vn -0.9193 -0.0010 0.3936
vn -0.9565 0.0342 0.2898
vn -0.9702 0.0310 0.2402
vn -0.9727 -0.0222 0.2308
vn -0.8903 -0.4523 0.0530
vn -0.9076 -0.4190 -0.0241
vn -0.8951 -0.1432 0.4221
vn -0.8455 -0.1789 0.5030
vn 0.0699 0.2903 0.9543
vn -0.7297 -0.1802 0.6596
vn -0.5360 -0.2669 0.8009
vn -0.7882 -0.5550 0.2659
vn -0.8175 -0.5091 0.2694
vn -0.8501 -0.4810 0.2142
vn -0.8643 -0.4831 0.1399
vn -0.9531 -0.2809 0.1129
vn -0.9257 -0.3257 0.1921
vn 0.6242 0.7411 0.2474
vn 0.4597 0.8457 0.2711
vn 0.4859 0.8036 0.3437
vn -0.9080 -0.4185 -0.0217
vn -0.9320 -0.3623 -0.0010
vn -0.9454 -0.3174 0.0736
vn -0.9309 -0.2889 0.2234
vn -0.8567 -0.2732 0.4375
vn -0.7263 -0.2866 0.6247
vn -0.5564 -0.3649 0.7465
vn 0.0572 -0.7727 0.6321
vn -0.2492 -0.6967 0.6727
vn -0.4712 -0.5894 0.6562
vn -0.9001 -0.1077 0.4222
vn -0.8699 -0.2226 0.4400
vn -0.8694 -0.3819 0.3133
vn -0.8158 -0.5155 0.2621
vn -0.7933 -0.4960 0.3528
vn -0.8062 -0.4414 0.3939
vn -0.8216 -0.4283 0.3762
vn -0.8671 -0.4012 0.2953
vn -0.8944 -0.4144 0.1680
vn -0.9184 -0.3845 0.0937
vn -0.9445 -0.3243 0.0508
vn -0.9398 -0.3414 -0.0062
vn -0.9401 -0.3409 0.0083
vn -0.4782 -0.5955 0.6455
vn -0.6924 -0.4690 0.5483
vn -0.8621 -0.3763 0.3394
vn -0.9264 -0.3553 0.1244
vn -0.2896 -0.8995 0.3270
vn -0.2193 -0.9576 0.1868
vn -0.1158 -0.9707 0.2106
vn -0.3777 -0.7806 0.4979
vn -0.6047 -0.7004 0.3790
vn -0.9498 -0.1118 0.2922
vn -0.9759 -0.1887 0.1098
vn -0.9708 -0.2395 -0.0144
vn -0.9498 -0.3127 0.0078
vn -0.9132 -0.3923 0.1103
vn -0.8808 -0.4297 0.1987
vn -0.8529 -0.4520 0.2610
vn -0.8087 -0.4845 0.3334
vn -0.7536 -0.5191 0.4032
vn -0.7124 -0.5210 0.4701
vn -0.7134 -0.3413 0.6120
vn -0.7821 -0.6028 0.1576
vn -0.8552 -0.5182 0.0038
vn -0.8884 -0.4553 -0.0583
vn -0.9008 -0.4342 -0.0093
vn -0.9096 -0.4100 0.0664
vn -0.6225 -0.7803 -0.0602
vn -0.6249 -0.7622 -0.1689
vn -0.4023 0.8308 0.3845
vn -0.8158 -0.4914 0.3048
vn -0.7681 -0.5031 0.3961
vn -0.7622 -0.4634 0.4519
vn -0.4671 -0.8737 0.1357
vn -0.5784 -0.8147 -0.0417
vn -0.6433 -0.7472 -0.1665
vn -0.6456 -0.7365 -0.2020
vn -0.6378 -0.7551 -0.1518
vn -0.6242 -0.7673 -0.1468
vn -0.5886 -0.7951 0.1459
vn -0.6072 -0.7284 0.3173
vn -0.2886 -0.9574 -0.0042
vn -0.1507 -0.9880 -0.0342
vn -0.4279 0.8206 0.3788
vn -0.4245 0.8188 0.3864
vn -0.2777 -0.9567 0.0876
vn -0.3490 -0.8493 0.3961
vn -0.5900 -0.6427 0.4886
vn -0.6431 -0.5539 0.5288
vn -0.6583 -0.5354 0.5291
vn -0.6825 -0.5343 0.4986
vn -0.6749 -0.5844 0.4505
vn -0.6882 -0.4653 0.5566
vn -0.6916 -0.5669 0.4475
vn -0.5693 -0.6228 0.5367
vn -0.6290 -0.6167 0.4734
vn -0.6862 -0.5622 0.4615
vn -0.7538 -0.4069 0.5159
vn -0.8426 -0.2324 0.4857
vn -0.9494 -0.0553 0.3091
vn -0.9913 0.0133 0.1311
vn -0.9976 -0.0027 0.0693
vn -0.9951 -0.0196 0.0964
vn -0.9809 -0.0814 0.1764
vn -0.9560 -0.1556 0.2488
vn -0.9309 -0.2055 0.3018
vn -0.8930 -0.2584 0.3684
vn -0.8581 -0.3017 0.4154
vn -0.8430 -0.3140 0.4366
vn -0.8426 -0.1302 0.5225
vn -0.7121 -0.4711 0.5204
vn -0.6107 -0.5123 0.6038
vn -0.9219 0.0367 0.3857
vn -0.8924 -0.0111 0.4512
vn -0.8229 0.2406 0.5147
vn -0.8311 0.1950 0.5208
vn -0.8712 0.0979 0.4811
vn -0.8706 0.2783 0.4057
vn -0.8124 0.4741 0.3395
vn -0.7317 0.6016 0.3204
vn -0.6310 0.7331 0.2538
vn -0.8939 -0.0638 0.4437
vn -0.8719 0.1642 0.4612
vn -0.8419 0.3371 0.4214
vn -0.8410 0.4338 0.3232
vn -0.7342 0.5956 0.3257
vn -0.4021 0.8014 0.4428
vn -0.0770 0.8735 0.4807
vn -0.0399 0.8760 0.4807
vn -0.4294 0.7957 0.4271
vn -0.7298 0.6109 0.3067
vn -0.8045 0.5187 0.2892
vn -0.8330 0.4387 0.3370
vn -0.8929 0.2608 0.3670
vn -0.9247 0.0062 0.3806
vn -0.5095 -0.6587 0.5536
vn -0.7452 -0.5026 0.4381
vn -0.8663 -0.3279 0.3768
vn -0.8369 -0.3364 0.4318
vn -0.9443 0.0769 0.3198
vn -0.8907 0.3297 0.3128
vn -0.8203 0.4812 0.3089
vn -0.7869 0.5285 0.3184
vn -0.7311 0.5916 0.3398
vn -0.4547 0.7831 0.4242
vn -0.0397 0.8768 0.4791
vn -0.0785 0.8806 0.4674
vn -0.1130 0.9080 0.4033
vn -0.1051 0.8910 0.4416
vn -0.0567 0.8786 0.4742
vn 0.0818 0.7686 0.6344
vn 0.2413 0.6360 0.7330
vn 0.3197 0.5438 0.7759
vn 0.3173 0.5416 0.7784
vn 0.3145 0.5694 0.7595
vn 0.3000 0.5822 0.7557
vn 0.1595 0.6636 0.7309
vn 0.2384 0.6069 0.7581
vn 0.0407 0.7114 0.7016
vn 0.1525 0.6737 0.7230
vn 0.2909 0.6603 0.6923
vn 0.4568 0.5419 0.7054
vn 0.3676 0.4827 0.7949
vn 0.1747 0.5046 0.8455
vn -0.0659 0.5970 0.7995
vn -0.2886 0.7008 0.6524
vn -0.4708 0.7454 0.4718
vn -0.5173 0.7743 0.3644
vn -0.5235 0.7704 0.3639
vn -0.4842 0.7759 0.4044
vn -0.1783 0.7435 0.6445
vn -0.7305 0.5222 0.4401
vn -0.8133 0.4250 0.3974
vn -0.9059 0.2188 0.3625
vn -0.9168 0.0735 0.3926
vn -0.8553 0.2062 0.4753
vn -0.8255 0.2475 0.5072
vn -0.8799 -0.0259 0.4743
vn 0.3296 0.3359 0.8823
vn 0.4501 0.4422 0.7758
vn 0.0402 0.3615 0.9315
vn -0.2835 0.4637 0.8394
vn -0.5358 0.5434 0.6462
vn 0.2935 0.6493 0.7016
vn -0.0723 0.7302 0.6794
vn -0.3695 0.6792 0.6341
vn -0.0276 0.7491 0.6618
vn -0.1032 0.7516 0.6515
vn -0.7329 0.6209 0.2780
vn -0.7460 0.5467 0.3803
vn -0.7873 0.5282 0.3182
vn -0.8237 0.4111 0.3905
vn -0.8605 0.3445 0.3752
vn -0.9108 0.1761 0.3733
vn -0.9121 0.0954 0.3986
vn -0.9254 0.0169 0.3785
vn -0.9027 -0.0486 0.4275
vn -0.8795 0.1304 0.4576
vn -0.8641 0.0364 0.5020
vn -0.8107 0.2033 0.5490
vn -0.8052 0.1229 0.5801
vn -0.8562 0.0357 0.5155
vn -0.8056 0.0170 0.5922
vn -0.7798 0.0412 0.6247
vn -0.8309 -0.0128 0.5563
vn -0.7893 -0.2177 0.5741
vn -0.7701 -0.0845 0.6323
vn -0.7993 -0.1013 0.5922
vn -0.7212 -0.2740 0.6361
vn -0.7809 -0.2190 0.5849
vn -0.6527 -0.4893 0.5784
vn -0.7441 -0.3436 0.5729
vn -0.7848 -0.2552 0.5648
vn -0.7862 -0.2944 0.5433
vn -0.8350 0.4371 0.3342
vn -0.8415 0.1802 0.5092
vn -0.7978 -0.0020 0.6029
vn -0.8583 -0.1471 0.4915
vn -0.9145 -0.1353 0.3813
vn -0.9597 0.1311 0.2487
vn -0.9648 0.1931 0.1783
vn -0.9629 0.2191 0.1574
vn -0.9693 0.1880 0.1585
vn -0.9782 0.0687 0.1958
vn -0.9292 0.1040 0.3545
vn -0.9050 0.2902 0.3111
vn -0.8895 0.3910 0.2364
vn -0.8834 0.4320 0.1817
vn -0.8802 0.4024 0.2517
vn -0.7518 0.6028 0.2672
vn -0.8266 0.5209 0.2130
vn -0.8437 0.5022 0.1896
vn -0.7322 0.5975 0.3268
vn -0.8050 0.5263 0.2737
vn -0.8320 0.5003 0.2395
vn 0.2925 0.3674 0.8828
vn -0.6980 0.4955 0.5170
vn -0.2136 0.1619 0.9634
vn -0.4663 0.2214 0.8565
vn 0.0073 0.9165 0.3999
vn 0.4724 0.8490 0.2366
vn 0.5028 0.7990 0.3298
vn 0.5102 0.7963 0.3250
vn 0.6450 0.7056 0.2933
vn 0.5661 0.7659 0.3048
vn 0.6069 0.7083 0.3604
vn 0.6028 0.7083 0.3672
vn 0.5615 0.7283 0.3927
vn 0.5864 0.7067 0.3958
vn 0.2572 0.8211 0.5095
vn 0.6002 0.6747 0.4294
vn 0.6058 0.4020 0.6866
vn 0.7194 0.4711 0.5104
vn 0.5837 0.6195 0.5249
vn -0.6424 0.6530 0.4010
vn 0.2740 0.6902 0.6697
vn 0.2702 0.7863 0.5555
vn 0.2513 0.9301 0.2677
vn 0.2248 0.8950 0.3852
vn -0.4032 0.8140 0.4182
vn 0.5205 0.7980 0.3037
vn 0.5318 0.8038 0.2666
vn 0.5822 0.7479 0.3187
vn 0.6167 0.6959 0.3680
vn 0.6026 0.6664 0.4389
vn 0.2035 0.9068 0.3691
vn 0.1900 0.9229 0.3349
vn 0.2198 0.8950 0.3880
vn 0.2616 0.8324 0.4885
vn 0.5709 0.6182 0.5401
vn -0.5566 0.6242 0.5483
vn -0.1808 0.9600 -0.2137
vn -0.4626 0.8604 -0.2138
vn -0.1559 0.9613 -0.2270
vn -0.1356 0.9829 -0.1246
vn -0.1115 0.9935 -0.0230
vn -0.1165 0.9929 -0.0254
vn -0.1483 0.9889 0.0004
vn -0.1792 0.9836 0.0208
vn -0.8114 0.5455 0.2096
vn -0.7091 0.5745 0.4087
vn -0.7702 0.4815 0.4181
vn -0.8729 0.4370 0.2172
vn -0.9912 -0.0176 0.1310
vn -0.9540 0.0023 0.2997
vn -0.9716 0.1583 -0.1755
vn -0.9404 0.1721 -0.2934
vn -0.2518 0.7206 -0.6460
vn -0.2506 0.6748 -0.6941
vn -0.4974 -0.2185 0.8395
vn -0.4996 -0.3025 0.8117
vn -0.6127 -0.3698 0.6985
vn -0.5714 -0.1366 0.8092
vn -0.8413 0.5238 -0.1337
vn -0.3917 0.8861 -0.2475
vn -0.3526 0.9212 -0.1645
vn -0.3160 0.9471 -0.0561
vn -0.3149 0.9483 0.0384
vn -0.3612 0.9233 0.1301
vn -0.4509 0.8872 0.0973
vn -0.1740 0.9738 -0.1462
vn -0.9416 -0.0313 0.3352
vn -0.9843 0.1535 -0.0870
vn -0.9987 -0.0255 -0.0428
vn -0.9231 0.1919 -0.3331
vn -0.5678 -0.3988 0.7201
vn -0.5383 -0.1993 0.8188
vn -0.6102 -0.1316 0.7812
vn -0.6999 -0.3089 0.6439
vn -0.8797 0.4618 -0.1129
vn -0.8478 0.4572 -0.2686
vn -0.9156 0.3305 -0.2288
vn -0.9348 0.3485 -0.0682
vn -0.8520 0.5095 0.1201
vn -0.8812 0.4720 0.0255
vn -0.9304 0.3653 0.0293
vn -0.9180 0.3853 0.0933
vn -0.7725 0.5616 0.2962
vn -0.8581 0.4375 0.2685
vn -0.8513 0.3242 0.4124
vn -0.9181 0.2810 0.2793
vn -0.2181 0.7617 -0.6101
vn -0.1845 0.8265 -0.5318
vn -0.4364 -0.3201 0.8408
vn -0.9481 0.2239 -0.2254
vn -0.9631 0.2563 -0.0823
vn -0.9565 0.2909 0.0197
vn -0.9476 0.2942 0.1243
vn -0.9109 0.3756 -0.1708
vn -0.9668 0.2329 -0.1053
vn -0.8400 0.4954 -0.2212
vn -0.1584 0.9516 -0.2633
vn -0.4441 0.8576 -0.2591
vn -0.9288 -0.3686 0.0387
vn -0.9714 -0.2272 0.0691
vn -0.9082 -0.2521 0.3341
vn -0.7746 -0.3582 0.5212
vn -0.8123 -0.3096 0.4942
vn -0.9365 -0.1861 0.2971
vn -0.8918 -0.2644 0.3672
vn -0.9506 -0.2501 0.1837
vn -0.9639 -0.2192 0.1509
vn -0.9006 -0.2098 0.3805
vn -0.8384 -0.5447 -0.0170
vn -0.6889 -0.7241 -0.0328
vn -0.9972 -0.0683 0.0311
vn -0.9947 0.0947 -0.0402
vn -0.4035 -0.5459 0.7342
vn -0.3959 -0.5640 0.7247
vn -0.7299 -0.4200 0.5393
vn -0.6791 -0.4376 0.5893
vn -0.6365 -0.4937 0.5925
vn -0.6049 -0.5000 0.6198
vn -0.9145 0.2962 0.2753
vn -0.2073 -0.9774 -0.0412
vn 0.0396 -0.9949 0.0927
vn -0.0253 -0.9949 0.0976
vn 0.0168 -0.9953 0.0949
vn -0.1108 -0.9835 0.1429
vn -0.0541 -0.9924 0.1101
vn -0.1486 -0.9429 0.2982
vn -0.7497 -0.3205 0.5789
vn -0.7471 -0.2377 0.6207
vn -0.5507 -0.4054 0.7296
vn -0.4841 -0.3218 0.8137
vn -0.8884 -0.2983 -0.3489
vn -0.9258 -0.2190 -0.3080
vn -0.9675 -0.1742 -0.1834
vn -0.9143 -0.2393 -0.3266
vn -0.9779 -0.1092 -0.1781
vn -0.9496 -0.0852 -0.3017
vn -0.9599 0.0999 -0.2618
vn -0.9723 0.0721 -0.2224
vn -0.9851 0.1372 -0.1033
vn -0.9923 -0.0324 -0.1195
vn -0.9990 -0.0113 0.0424
vn -0.9880 0.1527 0.0226
vn -0.9376 -0.3381 -0.0812
vn -0.9607 -0.2541 -0.1118
vn 0.5866 -0.6399 0.4964
vn -0.4645 -0.6454 0.6064
vn -0.2427 -0.4628 0.8526
vn 0.3961 -0.4917 0.7755
vn -0.9780 0.0008 0.2085
vn -0.9523 0.0244 0.3041
vn -0.9427 0.1302 0.3072
vn -0.9711 0.1494 0.1859
vn -0.4927 -0.8699 0.0220
vn -0.1946 -0.9763 0.0942
vn -0.3421 -0.9362 0.0800
vn 0.9640 -0.2577 -0.0653
vn 0.8339 -0.4351 -0.3397
vn 0.0871 -0.9958 -0.0254
vn 0.3645 -0.9296 0.0550
vn 0.9232 -0.3270 0.2021
vn 0.4191 -0.8941 0.1581
vn 0.3921 -0.8811 0.2644
vn 0.7157 -0.5435 0.4385
vn -0.9823 -0.1723 -0.0736
vn -0.9891 -0.1415 -0.0399
vn -0.8853 -0.2107 -0.4146
vn -0.9941 -0.1059 0.0226
vn -0.9738 -0.1390 0.1798
vn -0.9787 -0.0798 0.1892
vn -0.9008 0.0119 0.4341
vn -0.8999 0.1588 0.4061
vn -0.6171 -0.4809 0.6227
vn -0.5155 -0.6138 0.5979
vn -0.2178 -0.8164 0.5348
vn -0.3320 -0.6594 0.6745
vn -0.3477 -0.5717 0.7431
vn -0.1651 -0.4816 0.8607
vn 0.2934 -0.6471 0.7037
vn 0.0562 -0.8390 0.5413
vn -0.4013 -0.4849 0.7770
vn -0.8633 -0.1717 0.4746
vn -0.9526 -0.0813 0.2930
vn -0.9170 0.1037 0.3852
vn -0.8680 0.3070 -0.3902
vn -0.8686 0.3637 -0.3366
vn -0.7565 0.4653 -0.4596
vn -0.7066 0.4133 -0.5743
vn -0.3730 -0.3595 0.8553
vn -0.6255 -0.4055 0.6665
vn -0.6237 -0.5254 0.5788
vn -0.7614 -0.4547 0.4620
vn -0.6987 -0.3402 0.6293
vn -0.5630 0.4911 -0.6646
vn -0.5867 0.5137 -0.6260
vn -0.4264 0.5447 -0.7222
vn -0.4542 0.5787 -0.6774
vn -0.5715 -0.1209 0.8116
vn -0.2115 0.6163 -0.7586
vn -0.9909 -0.1154 0.0688
vn -0.9613 0.1434 -0.2352
vn -0.6627 -0.3293 0.6725
vn -0.8157 -0.1713 0.5526
vn -0.5559 -0.4749 0.6822
vn -0.8473 -0.1515 0.5089
vn -0.7667 -0.1299 0.6287
vn -0.7967 -0.1972 0.5712
vn -0.7043 -0.1353 0.6969
vn -0.6290 -0.1488 0.7630
vn -0.8204 0.2505 -0.5139
vn -0.8018 0.2706 -0.5329
vn -0.8319 0.3424 -0.4367
vn -0.9367 -0.1702 0.3059
vn -0.8260 -0.2282 0.5154
vn -0.5989 -0.4154 0.6847
vn -0.5790 -0.4513 0.6790
vn -0.4158 -0.5499 -0.7244
vn -0.6351 -0.7409 -0.2185
vn -0.3338 -0.8600 -0.3859
vn -0.1937 -0.9725 -0.1291
vn -0.6759 -0.7367 0.0180
vn -0.5243 -0.8498 0.0530
vn -0.5175 -0.8552 -0.0283
vn -0.5394 0.8332 -0.1215
vn 0.5327 -0.6138 -0.5826
vn 0.2246 -0.5119 -0.8291
vn -0.6016 -0.4227 0.6778
vn -0.5541 -0.4706 0.6866
vn -0.8098 -0.4128 -0.4168
vn -0.9619 -0.1945 0.1923
vn -0.8982 -0.2897 0.3307
vn -0.2293 -0.9719 0.0536
vn -0.9475 0.2092 -0.2417
vn -0.8460 -0.5312 -0.0459
vn -0.1562 0.9506 -0.2683
vn -0.4229 0.8657 -0.2675
vn -0.8329 0.4687 -0.2942
vn -0.9044 0.3364 -0.2623
vn -0.2852 0.7503 -0.5964
vn -0.9399 -0.2122 -0.2675
vn -0.9279 -0.3596 0.0986
vn -0.8928 -0.4189 0.1658
vn -0.9605 -0.2654 -0.0834
vn -0.9689 0.1477 -0.1984
vn -0.8518 0.1512 -0.5015
vn -0.8154 0.2246 -0.5336
vn -0.5980 -0.5178 0.6117
vn -0.4724 -0.4841 0.7365
vn -0.4129 -0.6113 0.6751
vn -0.5805 -0.5611 0.5900
vn -0.7561 -0.4804 0.4444
vn -0.7895 -0.4675 0.3976
vn -0.7832 0.3175 -0.5346
vn -0.7542 0.1199 -0.6456
vn -0.6074 0.4692 -0.6409
vn -0.6076 0.3924 -0.6905
vn -0.4216 0.5809 -0.6962
vn -0.4862 0.5939 -0.6410
vn -0.2651 -0.4173 0.8692
vn -0.1020 0.7667 -0.6338
vn -0.1675 0.6413 -0.7487
vn -0.2107 -0.7344 0.6451
vn -0.6636 0.7067 -0.2453
vn -0.6286 0.7241 -0.2837
vn -0.6732 0.7136 -0.1935
vn -0.5191 0.8154 0.2563
vn -0.5764 0.7830 0.2339
vn -0.5257 0.8415 0.1242
vn -0.5394 0.8408 -0.0463
vn -0.5859 0.7549 -0.2946
vn -0.5523 0.8069 -0.2095
vn -0.7111 0.7030 0.0110
vn -0.7465 0.5914 -0.3047
vn -0.7723 0.5889 -0.2382
vn -0.4655 -0.5719 0.6754
vn -0.7845 0.5977 -0.1650
vn -0.6395 0.6859 0.3472
vn -0.6534 0.6953 0.2994
vn -0.7180 0.6787 0.1541
vn -0.7589 0.6511 -0.0021
vn -0.7562 0.6281 -0.1833
vn -0.7344 0.6034 -0.3105
vn -0.7612 0.6304 0.1520
vn 0.6088 0.2136 0.7640
vn -0.3953 0.2127 0.8936
vn -0.1534 0.2712 0.9502
vn 0.2361 0.2793 0.9307
vn -0.7451 0.1665 0.6458
vn -0.6913 -0.6696 0.2714
vn 0.3413 -0.7409 0.5784
vn 0.2644 0.1132 0.9577
vn 0.0593 0.1873 0.9805
vn -0.4087 0.2133 0.8874
vn -0.5006 -0.5017 0.7055
vn 0.2282 -0.4620 0.8570
vn -0.6131 0.1192 0.7809
vn -0.5175 -0.7364 0.4357
vn 0.5416 -0.6464 0.5374
vn 0.4551 0.1547 0.8769
vn 0.3534 -0.4645 0.8120
vn 0.3477 0.2292 0.9091
vn -0.4697 -0.4300 0.7710
vn -0.4326 0.2697 0.8603
vn 0.0012 0.3414 0.9399
vn -0.0469 -0.4759 0.8782
vn 0.3870 0.5177 0.7630
vn -0.2949 0.5286 0.7960
vn -0.0327 0.5417 0.8399
vn -0.1767 0.8012 0.5716
vn -0.2128 0.5990 0.7719
vn 0.4549 0.5812 0.6747
vn 0.4593 0.7367 0.4962
vn 0.6875 -0.6735 -0.2716
vn 0.6283 -0.6803 -0.3772
vn -0.0882 -0.9749 -0.2043
vn 0.2312 -0.9650 0.1233
vn -0.0622 0.5982 0.7989
vn 0.8453 0.3523 0.4016
vn 0.8069 0.4876 0.3333
vn 0.1328 -0.9837 0.1206
vn -0.1199 -0.9896 -0.0794
vn 0.0164 -0.9971 -0.0738
vn 0.0248 -0.9861 0.1646
vn 0.8687 0.1498 0.4721
vn 0.8238 -0.3369 0.4557
vn 0.8582 0.3156 0.4047
vn 0.7093 0.6325 0.3113
vn 0.5884 0.6106 0.5301
vn 0.8325 0.3518 0.4280
vn 0.9047 0.3706 0.2102
vn 0.6204 0.2709 0.7360
vn 0.4357 -0.6580 0.6142
vn 0.6343 0.3675 0.6802
vn 0.6545 0.4173 0.6305
vn 0.6450 0.6909 0.3264
vn 0.7289 0.6423 0.2369
vn 0.6770 0.5832 0.4489
vn -0.0117 -0.9333 0.3588
vn -0.2824 -0.9016 0.3276
vn -0.1375 0.9369 0.3213
vn -0.1464 0.9194 0.3651
vn -0.0938 0.7867 0.6101
vn -0.1123 0.9708 0.2121
vn -0.0666 0.9958 0.0622
vn 0.4437 0.8525 0.2763
vn 0.3510 0.9362 0.0172
vn 0.5168 0.8052 0.2907
vn 0.3859 -0.8845 0.2620
vn 0.3676 -0.9167 0.1565
vn 0.2017 -0.8585 0.4715
vn -0.2521 -0.9665 0.0491
vn -0.0214 -0.9977 0.0642
vn -0.2741 -0.9595 0.0647
vn 0.0004 -0.9968 0.0801
vn 0.3733 -0.3955 0.8392
vn -0.3299 -0.4672 0.8203
vn 0.1950 0.2484 0.9488
vn -0.3071 0.1787 0.9347
vn 0.4348 0.2254 0.8718
vn 0.4332 -0.4021 0.8066
vn 0.8487 -0.2862 0.4447
vn 0.8703 0.2011 0.4495
vn -0.2846 -0.9561 0.0702
vn -0.2046 -0.9752 -0.0846
vn 0.0625 -0.9836 -0.1692
vn 0.2419 -0.9702 0.0150
vn -0.0175 -0.9939 0.1086
vn 0.0068 -0.9973 0.0721
vn -0.0946 -0.9032 0.4186
vn 0.2973 -0.8155 0.4966
vn -0.1963 -0.9606 0.1967
vn -0.2264 -0.9739 0.0124
vn 0.4346 -0.8625 0.2590
vn 0.4708 -0.8821 0.0093
vn -0.2155 -0.9396 -0.2657
vn 0.2600 -0.9108 -0.3207
vn 0.9372 -0.3456 0.0474
vn 0.9808 0.1404 0.1349
vn 0.9802 -0.0115 -0.1979
vn 0.4076 0.4048 0.8185
vn 0.3680 0.4912 0.7894
vn 0.9329 0.3592 0.0265
vn 0.0414 -0.9716 0.2331
vn 0.2150 -0.9525 0.2157
vn 0.2375 -0.9692 0.0645
vn 0.5343 -0.8448 -0.0266
vn 0.0187 -0.9977 -0.0642
vn 0.0037 -0.8778 -0.4790
vn 0.3082 -0.8307 -0.4636
vn 0.9390 -0.1137 -0.3246
vn 0.5882 -0.7069 -0.3927
vn 0.7668 -0.3548 -0.5348
vn 0.9343 -0.1037 -0.3412
vn 0.9525 0.2922 -0.0850
vn 0.9750 0.2090 -0.0746
vn 0.4157 -0.4950 -0.7629
vn 0.0389 -0.5682 -0.8220
vn 0.0430 -0.3325 -0.9421
vn 0.4239 -0.3110 -0.8506
vn 0.7295 -0.1923 -0.6564
vn 0.9215 -0.0050 -0.3883
vn 0.9748 0.2093 -0.0769
vn 0.7581 0.6035 0.2469
vn 0.6311 0.6884 0.3575
vn 0.8317 0.5193 0.1962
vn 0.6548 0.6234 0.4274
vn 0.3814 0.7516 0.5382
vn 0.8653 0.4464 0.2280
vn 0.6885 0.5582 0.4630
vn 0.3793 0.6455 0.6629
vn -0.1043 0.8612 0.4973
vn -0.0998 0.6680 0.7374
vn 0.8832 0.4024 0.2409
vn 0.7156 0.5160 0.4707
vn 0.4039 0.6003 0.6902
vn -0.0501 0.5842 0.8101
vn 0.4636 -0.0266 0.8856
vn -0.5602 -0.0507 0.8268
vn -0.5762 -0.7481 0.3290
vn 0.4722 -0.7925 0.3859
vn -0.4596 -0.4005 0.7927
vn -0.5297 0.2228 0.8184
vn 0.4117 -0.3360 0.8471
vn 0.3446 0.3099 0.8861
vn 0.1906 0.5357 0.8226
vn -0.5488 0.4900 0.6772
vn 0.1270 0.8097 0.5728
vn -0.4563 0.7653 0.4540
vn -0.5271 0.5677 0.6323
vn 0.1468 0.6097 0.7789
vn -0.6967 -0.6686 -0.2599
vn -0.3117 -0.9478 0.0673
vn -0.0383 -0.9848 -0.1695
vn -0.6196 -0.6524 -0.4365
vn -0.8631 0.4701 0.1845
vn -0.9006 0.3453 0.2638
vn -0.1385 -0.9758 0.1691
vn 0.0953 -0.9946 -0.0416
vn -0.9387 0.0928 0.3320
vn -0.8567 -0.3910 0.3364
vn -0.9131 0.2989 0.2771
vn -0.6352 0.7374 0.2296
vn -0.9156 0.3983 0.0551
vn -0.8681 0.3724 0.3282
vn -0.5882 0.6612 0.4656
vn -0.7219 0.1894 0.6655
vn -0.4696 -0.7251 0.5036
vn -0.6716 0.4219 0.6090
vn -0.7049 0.4789 0.5231
vn -0.6655 0.7203 0.1956
vn -0.7103 0.6173 0.3382
vn -0.8043 0.5914 0.0574
vn 0.2137 -0.8545 0.4734
vn 0.0546 0.9432 0.3277
vn -0.0755 0.9883 0.1323
vn -0.3981 0.8972 0.1910
vn -0.3684 0.9294 0.0194
vn -0.6234 0.7734 0.1147
vn -0.3575 -0.9276 0.1083
vn -0.4054 -0.8825 0.2382
vn -0.2317 -0.8423 0.4867
vn 0.2624 -0.9555 0.1347
vn 0.2925 -0.9518 0.0927
vn -0.5450 -0.7280 0.4158
vn 0.1387 -0.8437 0.5185
vn -0.4290 0.0685 0.9007
vn 0.0410 0.0909 0.9950
vn -0.5884 0.2181 0.7786
vn -0.7006 -0.3582 0.6171
vn -0.9356 0.1818 0.3026
vn -0.9286 -0.2791 0.2443
vn 0.2809 -0.9593 0.0291
vn -0.2489 -0.9674 -0.0460
vn -0.1297 -0.9704 -0.2037
vn 0.2032 -0.9707 -0.1281
vn -0.0365 -0.9972 0.0656
vn -0.4099 -0.7881 0.4592
vn 0.0219 -0.8535 0.5207
vn 0.1872 -0.9741 0.1270
vn 0.1903 -0.9809 -0.0402
vn -0.4917 -0.8651 0.0994
vn -0.5137 -0.8460 -0.1427
vn -0.2789 -0.8468 -0.4529
vn 0.1191 -0.9375 -0.3269
vn -0.9157 -0.3598 -0.1790
vn -0.9938 0.0690 -0.0875
vn -0.9316 -0.0897 -0.3522
vn -0.5239 0.4470 0.7250
vn -0.4728 0.5291 0.7046
vn -0.9111 0.3935 -0.1226
vn -0.1552 -0.9737 0.1668
vn -0.2119 -0.9759 -0.0516
vn -0.5019 -0.8600 -0.0916
vn -0.2694 -0.8073 -0.5251
vn -0.9210 -0.1638 -0.3533
vn -0.6971 -0.4164 -0.5836
vn -0.4982 -0.7642 -0.4095
vn -0.8857 -0.1199 -0.4485
vn -0.9293 0.3388 -0.1472
vn -0.9571 0.2423 -0.1591
vn -0.3317 -0.5008 -0.7994
vn -0.3099 -0.2840 -0.9073
vn -0.5826 -0.1858 -0.7913
vn -0.8396 0.0303 -0.5424
vn -0.9590 0.2359 -0.1569
vn -0.6880 0.7094 0.1530
vn -0.6706 0.7111 0.2113
vn -0.7732 0.5931 0.2244
vn -0.6966 0.6075 0.3817
vn -0.5777 0.7175 0.3890
vn -0.8625 0.4349 0.2589
vn -0.7108 0.4808 0.5133
vn -0.5099 0.5803 0.6350
vn -0.9003 0.3841 0.2047
vn -0.7196 0.4504 0.5285
vn -0.4569 0.5144 0.7257
vn -0.9121 0.3209 0.2551
vn -0.9701 0.1981 -0.1404
vn -0.8582 0.0312 -0.5123
vn 0.0117 0.5001 0.8659
vn -0.4323 0.4375 0.7884
vn -0.7357 0.3746 0.5643
vn 0.9837 0.1779 -0.0258
vn 0.8931 0.3174 0.3187
vn 0.9240 -0.0101 -0.3823
vn 0.7292 0.4149 0.5441
vn 0.7163 -0.1793 -0.6743
vn -0.5905 -0.1251 -0.7972
vn 0.4418 0.4983 0.7459
vn -0.3057 -0.2154 -0.9274
vn 0.3733 -0.2748 -0.8860
vn 0.0086 -0.2746 -0.9615
vn 0.7255 0.2479 0.6420
vn 0.4738 0.2849 0.8332
vn -0.4021 0.2640 0.8767
vn -0.7347 0.2308 0.6379
vn 0.0659 0.2896 0.9549
vn -0.8973 -0.0301 -0.4404
vn -0.6274 -0.1556 -0.7630
vn 0.3435 -0.2838 -0.8952
vn 0.7230 -0.2111 -0.6578
vn -0.3295 -0.2323 -0.9151
vn -0.0327 -0.2777 -0.9601
vn 0.7233 -0.1924 -0.6631
vn 0.9483 -0.0739 -0.3085
vn -0.9943 0.1014 -0.0314
vn -0.9217 0.1885 0.3390
vn 0.8928 0.1825 0.4118
vn -0.9987 0.0450 0.0255
vn -0.9159 -0.0618 -0.3965
vn -0.9177 0.1158 0.3799
vn 0.8922 0.1150 0.4367
vn 0.7384 0.1440 0.6588
vn -0.7299 0.1524 0.6662
vn 0.5073 0.1539 0.8479
vn -0.3802 0.1697 0.9092
vn 0.1076 0.1667 0.9801
vn 0.9945 0.0725 0.0754
vn -0.6482 -0.1647 -0.7434
vn 0.3233 -0.2501 -0.9127
vn -0.3455 -0.2245 -0.9112
vn -0.0533 -0.2513 -0.9664
vn -0.6653 -0.1784 -0.7249
vn -0.3551 -0.2208 -0.9084
vn -0.0521 -0.2340 -0.9708
vn 0.3309 -0.2182 -0.9181
vn 0.9711 -0.0320 -0.2364
vn 0.9893 0.0236 0.1437
vn -0.9974 -0.0218 0.0680
vn -0.9274 -0.1014 -0.3601
vn 0.9007 0.0823 0.4265
vn -0.9097 0.0302 0.4140
vn 0.7702 0.0859 0.6319
vn -0.7201 0.0588 0.6913
vn 0.5473 0.0759 0.8335
vn -0.3593 0.0727 0.9304
vn 0.1429 0.0747 0.9869
vn 0.7339 -0.1587 -0.6604
vn -0.3284 0.0295 0.9440
vn -0.7050 -0.0032 0.7091
vn 0.5819 0.0521 0.8115
vn 0.1774 0.0511 0.9828
vn 0.7567 -0.1015 -0.6458
vn -0.9330 -0.1164 -0.3404
vn -0.6817 -0.1829 -0.7084
vn 0.3706 -0.1679 -0.9135
vn -0.3577 -0.2194 -0.9077
vn -0.0268 -0.2119 -0.9769
vn -0.9950 -0.0594 0.0802
vn 0.9138 0.0486 0.4031
vn -0.9046 -0.0286 0.4252
vn 0.8002 0.0500 0.5976
vn 0.9917 -0.0245 0.1259
vn 0.9229 -0.0188 0.3846
vn -0.9071 -0.0683 0.4153
vn -0.9931 -0.0916 0.0728
vn 0.8078 -0.0121 0.5893
vn -0.6934 -0.0439 0.7192
vn 0.5864 0.0065 0.8100
vn -0.3011 -0.0047 0.9536
vn 0.1942 0.0175 0.9808
vn 0.7662 -0.0965 -0.6353
vn 0.9687 -0.0493 -0.2434
vn -0.9350 -0.1460 -0.3232
vn -0.6998 -0.2322 -0.6755
vn 0.4076 -0.1624 -0.8986
vn -0.3510 -0.2808 -0.8932
vn 0.0212 -0.2404 -0.9704
vn 0.1659 -0.0207 0.9859
vn 0.1391 -0.0257 0.9899
vn -0.3324 -0.0056 0.9431
vn -0.3015 -0.0045 0.9535
vn -0.9527 -0.1249 -0.2770
vn -0.9641 -0.0558 -0.2593
vn -0.7608 -0.0936 -0.6422
vn -0.7464 -0.1890 -0.6381
vn 0.4561 -0.1273 -0.8808
vn 0.4563 -0.0427 -0.8888
vn 0.7439 -0.0233 -0.6679
vn 0.7590 -0.0860 -0.6453
vn -0.3221 -0.0941 -0.9420
vn -0.3266 -0.1961 -0.9246
vn 0.1207 -0.1682 -0.9783
vn 0.1340 -0.0667 -0.9887
vn 0.9528 -0.0623 -0.2972
vn 0.9431 -0.0095 -0.3324
vn 0.9998 -0.0058 0.0164
vn 0.9968 -0.0588 0.0541
vn -0.9967 -0.0536 0.0612
vn -0.9979 -0.0134 0.0627
vn 0.9479 -0.0111 0.3184
vn 0.9372 -0.0650 0.3427
vn -0.9263 -0.0211 0.3761
vn -0.9335 0.0093 0.3585
vn 0.8102 -0.0202 0.5858
vn 0.8029 -0.0634 0.5927
vn -0.7053 -0.0077 0.7089
vn -0.7254 0.0114 0.6882
vn 0.5476 -0.0290 0.8362
vn 0.5543 -0.0468 0.8310
vn 0.7643 -0.1261 -0.6323
vn 0.9600 -0.0898 -0.2651
vn 0.5695 -0.0483 0.8206
vn 0.1874 -0.0253 0.9819
vn -0.2880 -0.0288 0.9572
vn -0.6910 -0.0530 0.7208
vn 0.8021 -0.0710 0.5930
vn -0.9146 -0.0741 0.3974
vn 0.9275 -0.0775 0.3655
vn -0.9922 -0.1061 0.0648
vn 0.9927 -0.0771 0.0929
vn -0.9355 -0.1814 -0.3032
vn -0.3332 -0.3074 -0.8914
vn 0.0561 -0.2647 -0.9627
vn 0.4331 -0.1869 -0.8817
vn -0.6976 -0.2740 -0.6620
vn -0.7497 -0.0131 0.6616
vn -0.9378 -0.0099 0.3470
vn 0.8194 0.0082 0.5731
vn 0.5534 -0.0169 0.8328
vn -0.3729 -0.0330 0.9273
vn 0.1195 -0.0386 0.9921
vn 0.7186 0.0099 -0.6954
vn 0.9297 0.0206 -0.3676
vn -0.9670 -0.0518 -0.2494
vn -0.7615 -0.0705 -0.6443
vn 0.4411 -0.0062 -0.8974
vn -0.3145 -0.0605 -0.9473
vn 0.1355 -0.0301 -0.9903
vn 0.9996 0.0248 -0.0129
vn -0.9974 -0.0265 0.0673
vn 0.9541 0.0215 0.2986
vn -0.7730 -0.0541 0.6321
vn -0.9393 -0.0525 0.3390
vn 0.8275 0.0147 0.5612
vn 0.5659 -0.0117 0.8244
vn -0.4107 -0.0616 0.9096
vn 0.1112 -0.0465 0.9927
vn 0.6952 0.0018 -0.7188
vn 0.9179 0.0172 -0.3964
vn -0.9658 -0.0845 -0.2449
vn -0.7557 -0.0936 -0.6481
vn 0.4285 -0.0170 -0.9033
vn -0.3045 -0.0750 -0.9495
vn 0.1380 -0.0417 -0.9895
vn 0.9992 0.0258 -0.0311
vn -0.9951 -0.0657 0.0732
vn 0.9577 0.0258 0.2865
vn -0.9250 -0.1825 0.3332
vn -0.9077 -0.2297 0.3512
vn -0.9649 -0.2374 0.1117
vn -0.9752 -0.1983 0.0981
vn 0.9509 -0.0156 0.3090
vn 0.9365 -0.0467 0.3476
vn 0.8026 -0.0288 0.5958
vn 0.8308 0.0004 0.5565
vn -0.7894 -0.1590 0.5929
vn -0.7602 -0.2026 0.6172
vn 0.5741 -0.0269 0.8183
vn 0.5911 -0.0088 0.8065
vn -0.4396 -0.1167 0.8906
vn -0.4084 -0.1475 0.9008
vn 0.1331 -0.0738 0.9883
vn 0.1240 -0.0554 0.9907
vn 0.6917 -0.0829 -0.7174
vn 0.7009 -0.0415 -0.7120
vn 0.9179 -0.0256 -0.3959
vn 0.9186 -0.0539 -0.3914
vn -0.9528 -0.2089 -0.2202
vn -0.9512 -0.2392 -0.1948
vn -0.7811 -0.2383 -0.5771
vn -0.7592 -0.2053 -0.6175
vn 0.4021 -0.1187 -0.9078
vn 0.4111 -0.0972 -0.9063
vn -0.4097 -0.2178 -0.8858
vn -0.3667 -0.1833 -0.9121
vn 0.0603 -0.1525 -0.9864
vn 0.0370 -0.1661 -0.9854
vn 0.9991 -0.0417 -0.0008
vn 0.9994 -0.0347 -0.0073
vn 0.9992 0.0240 -0.0326
vn 0.9588 0.0328 0.2820
vn 0.9998 0.0032 -0.0204
vn 0.9575 0.0244 0.2874
vn -0.9915 -0.1028 0.0795
vn -0.9630 -0.1212 -0.2407
vn -0.9858 -0.1438 0.0868
vn -0.9586 -0.1621 -0.2343
vn 0.9143 -0.0020 -0.4049
vn 0.9172 -0.0355 -0.3969
vn -0.3034 -0.1161 -0.9458
vn 0.1314 -0.0887 -0.9873
vn -0.3258 -0.1595 -0.9319
vn 0.1012 -0.1397 -0.9850
vn 0.4217 -0.0651 -0.9044
vn 0.4123 -0.1167 -0.9035
vn -0.7496 -0.1310 -0.6487
vn -0.7490 -0.1705 -0.6402
vn 0.6861 -0.0363 -0.7266
vn 0.6878 -0.0810 -0.7214
vn 0.1109 -0.0498 0.9926
vn -0.4383 -0.0829 0.8950
vn 0.1152 -0.0499 0.9921
vn -0.4497 -0.0971 0.8879
vn 0.5788 -0.0054 0.8155
vn 0.5891 -0.0007 0.8080
vn -0.7913 -0.0892 0.6048
vn -0.7996 -0.1186 0.5887
vn 0.8340 0.0233 0.5513
vn 0.8379 0.0245 0.5452
vn -0.9391 -0.0909 0.3313
vn -0.9363 -0.1290 0.3266
vn -0.9610 -0.2167 -0.1716
vn -0.9749 -0.1588 -0.1560
vn -0.8340 -0.1778 -0.5222
vn -0.8083 -0.2293 -0.5422
vn 0.4501 -0.0655 -0.8906
vn 0.5051 -0.0170 -0.8629
vn 0.7546 0.0669 -0.6527
vn 0.7219 0.0156 -0.6918
vn -0.4464 -0.1752 -0.8775
vn -0.4369 -0.2222 -0.8716
vn 0.0476 -0.1600 -0.9860
vn 0.0849 -0.1106 -0.9902
vn 0.9146 0.0392 -0.4023
vn 0.9142 0.1042 -0.3916
vn 0.9977 0.0625 -0.0279
vn 0.9999 0.0003 -0.0110
vn -0.9679 -0.2213 0.1191
vn -0.9794 -0.1616 0.1209
vn 0.9279 -0.0295 0.3716
vn 0.9250 -0.0450 0.3773
vn -0.9008 -0.2301 0.3681
vn -0.9089 -0.1792 0.3764
vn 0.7538 -0.1073 0.6482
vn 0.7675 -0.0549 0.6386
vn -0.7345 -0.2197 0.6420
vn -0.7310 -0.1951 0.6538
vn 0.5146 -0.1538 0.8435
vn 0.5452 -0.0635 0.8358
vn -0.3802 -0.1789 0.9074
vn -0.3799 -0.2002 0.9031
vn 0.1066 -0.1860 0.9767
vn 0.1327 -0.1127 0.9847
vn 0.7762 -0.0032 -0.6304
vn 0.9222 0.0620 -0.3816
vn 0.0232 -0.3063 0.9516
vn -0.4162 -0.2288 0.8800
vn -0.9797 -0.1386 -0.1448
vn -0.8470 -0.1301 -0.5154
vn 0.5216 -0.0629 -0.8509
vn -0.4458 -0.1031 -0.8891
vn 0.0982 -0.0834 -0.9916
vn 0.9971 0.0491 -0.0582
vn -0.9825 -0.1377 0.1249
vn 0.9479 -0.0774 0.3090
vn -0.9142 -0.1446 0.3786
vn 0.7646 -0.2451 0.5960
vn -0.7410 -0.1721 0.6491
vn 0.4603 -0.3369 0.8213
vn -0.4873 -0.1568 -0.8590
vn -0.0668 -0.2561 -0.9643
vn -0.9644 -0.2361 -0.1194
vn -0.8482 -0.2075 -0.4873
vn -0.9637 -0.2501 -0.0930
vn -0.8631 -0.2422 -0.4431
vn -0.6232 -0.3155 -0.7155
vn -0.2873 -0.8308 0.4766
vn -0.2213 -0.9676 0.1217
vn -0.1616 -0.9798 0.1173
vn -0.1215 -0.9841 0.1296
vn -0.0479 -0.9841 0.1710
vn -0.8559 -0.2504 0.4525
vn -0.9654 -0.0758 0.2496
vn -0.9956 0.0879 -0.0322
vn -0.9382 0.2927 -0.1848
vn -0.8757 0.4454 -0.1862
vn -0.1717 0.9087 -0.3804
vn -0.5725 0.7541 -0.3220
vn -0.7862 0.5790 -0.2160
vn -0.8425 0.5139 -0.1615
vn -0.5693 0.7051 -0.4228
vn -0.7792 0.5145 -0.3580
vn -0.8171 0.4114 -0.4039
vn -0.5517 0.6618 -0.5075
vn -0.5108 0.6227 -0.5926
vn -0.7484 0.3488 -0.5641
vn -0.7168 0.4834 -0.5024
vn -0.6931 0.3434 -0.6337
vn -0.6225 0.4788 -0.6190
vn -0.8913 -0.2909 0.3476
vn -0.8208 -0.4195 0.3877
vn 0.1427 -0.9250 -0.3521
vn 0.0757 -0.9227 -0.3779
vn -0.0144 -0.9440 -0.3297
vn 0.5018 -0.7969 -0.3363
vn -0.0039 0.9879 -0.1547
vn -0.0012 0.9999 0.0121
vn 0.3939 0.9191 0.0008
vn 0.3878 0.9074 -0.1617
vn -0.0004 0.8118 0.5839
vn 0.0002 0.6004 0.7997
vn 0.2305 0.5551 0.7992
vn 0.3159 0.7510 0.5798
vn -0.0018 0.9477 0.3190
vn 0.3739 0.8749 0.3077
vn 0.0000 0.3265 0.9452
vn 0.0000 0.0000 1.0000
vn 0.1249 0.3016 0.9452
vn 0.7098 0.7042 -0.0158
vn 0.6986 0.6954 -0.1684
vn 0.4256 0.4253 0.7987
vn 0.5811 0.5778 0.5730
vn 0.6800 0.6733 0.2900
vn 0.2308 0.2308 0.9452
vn 0.3016 0.1249 0.9452
vn 0.5557 0.2307 0.7987
vn 0.9203 0.3906 -0.0192
vn 0.9056 0.3868 -0.1737
vn 0.7571 0.3161 0.5716
vn 0.8828 0.3718 0.2869
vn 0.9565 0.0074 0.2916
vn 0.9998 0.0116 -0.0160
vn 0.3265 0.0000 0.9452
vn 0.6010 0.0007 0.7992
vn 0.9848 0.0136 -0.1728
vn 0.8187 0.0033 0.5742
vn 0.3016 -0.1249 0.9452
vn 0.8839 -0.3604 0.2979
vn 0.9273 -0.3741 -0.0092
vn 0.5548 -0.2295 0.7997
vn 0.9149 -0.3674 -0.1670
vn 0.7552 -0.3108 0.5771
vn 0.5770 -0.5766 0.5785
vn 0.6751 -0.6730 0.3021
vn 0.2308 -0.2308 0.9452
vn 0.7098 -0.7044 -0.0032
vn 0.4245 -0.4245 0.7998
vn 0.7010 -0.6948 -0.1607
vn 0.2297 -0.5546 0.7998
vn 0.3121 -0.7534 0.5787
vn 0.3647 -0.8803 0.3033
vn 0.1249 -0.3016 0.9452
vn 0.3831 -0.9237 -0.0004
vn 0.3786 -0.9121 -0.1571
vn 0.0000 -1.0000 0.0000
vn 0.0000 -0.9877 -0.1564
vn 0.0000 -0.6003 0.7998
vn 0.0000 -0.8155 0.5787
vn 0.0000 -0.9528 0.3034
vn 0.0000 -0.3265 0.9452
vn -0.1249 -0.3016 0.9452
vn -0.2297 -0.5546 0.7998
vn -0.3827 -0.9239 0.0000
vn -0.3779 -0.9125 -0.1564
vn -0.3121 -0.7534 0.5787
vn -0.3646 -0.8803 0.3034
vn -0.6738 -0.6738 0.3034
vn -0.7071 -0.7071 0.0000
vn -0.2308 -0.2308 0.9452
vn -0.4245 -0.4245 0.7998
vn -0.6984 -0.6984 -0.1565
vn -0.5766 -0.5766 0.5787
vn -0.7534 -0.3121 0.5787
vn -0.8803 -0.3646 0.3034
vn -0.3016 -0.1249 0.9452
vn -0.9239 -0.3827 0.0000
vn -0.5546 -0.2297 0.7998
vn -0.9125 -0.3779 -0.1564
vn -0.8155 0.0000 0.5787
vn -0.9528 0.0000 0.3034
vn -0.3265 0.0000 0.9452
vn -1.0000 0.0000 0.0000
vn -0.6003 0.0000 0.7998
vn -0.9877 0.0000 -0.1564
vn -0.5546 0.2297 0.7998
vn -0.7534 0.3121 0.5787
vn -0.8803 0.3645 0.3036
vn -0.3016 0.1249 0.9452
vn -0.9242 0.3818 0.0007
vn -0.9132 0.3766 -0.1553
vn -0.2308 0.2308 0.9452
vn -0.4245 0.4244 0.7998
vn -0.7129 0.7012 0.0044
vn -0.7075 0.6902 -0.1517
vn -0.5769 0.5759 0.5792
vn -0.6757 0.6704 0.3064
vn -0.3718 0.8736 0.3139
vn -0.3955 0.9184 0.0101
vn -0.1249 0.3016 0.9452
vn -0.2297 0.5545 0.7998
vn -0.3956 0.9060 -0.1501
vn -0.3137 0.7505 0.5817
vn 0.0039 0.9879 -0.1547
vn -0.3878 0.9074 -0.1617
vn -0.3939 0.9191 0.0008
vn 0.0012 0.9999 0.0121
vn 0.0004 0.8118 0.5839
vn -0.3159 0.7510 0.5798
vn -0.2305 0.5551 0.7992
vn -0.0002 0.6004 0.7997
vn 0.0018 0.9477 0.3190
vn -0.3739 0.8749 0.3077
vn -0.6986 0.6954 -0.1684
vn -0.7098 0.7042 -0.0158
vn -0.5811 0.5778 0.5730
vn -0.4256 0.4253 0.7987
vn -0.6800 0.6733 0.2900
vn -0.2309 0.2308 0.9452
vn -0.5557 0.2307 0.7987
vn -0.9056 0.3868 -0.1737
vn -0.9203 0.3906 -0.0192
vn -0.7571 0.3161 0.5716
vn -0.8828 0.3718 0.2869
vn -0.9998 0.0116 -0.0160
vn -0.9565 0.0074 0.2917
vn -0.6010 0.0007 0.7992
vn -0.9848 0.0136 -0.1728
vn -0.8187 0.0033 0.5742
vn -0.9273 -0.3741 -0.0092
vn -0.8839 -0.3604 0.2980
vn -0.5548 -0.2295 0.7997
vn -0.9149 -0.3674 -0.1670
vn -0.7552 -0.3108 0.5771
vn -0.6751 -0.6730 0.3021
vn -0.5770 -0.5766 0.5785
vn -0.7098 -0.7044 -0.0032
vn -0.7010 -0.6948 -0.1607
vn -0.3647 -0.8803 0.3034
vn -0.3831 -0.9237 -0.0004
vn -0.3786 -0.9121 -0.1571
vn 0.3779 -0.9125 -0.1564
vn 0.3827 -0.9239 0.0000
vn 0.3646 -0.8803 0.3034
vn 0.7071 -0.7071 0.0000
vn 0.6738 -0.6738 0.3034
vn 0.6984 -0.6984 -0.1564
vn 0.5766 -0.5766 0.5787
vn 0.8803 -0.3646 0.3034
vn 0.7534 -0.3121 0.5787
vn 0.9239 -0.3827 0.0000
vn 0.5546 -0.2297 0.7998
vn 0.9125 -0.3779 -0.1564
vn 0.9528 0.0000 0.3034
vn 0.8155 0.0000 0.5787
vn 1.0000 0.0000 0.0000
vn 0.6003 0.0000 0.7998
vn 0.9877 0.0000 -0.1564
vn 0.7534 0.3121 0.5787
vn 0.5546 0.2297 0.7998
vn 0.8803 0.3645 0.3036
vn 0.9242 0.3818 0.0007
vn 0.9132 0.3766 -0.1553
vn 0.4245 0.4244 0.7998
vn 0.2309 0.2308 0.9452
vn 0.7075 0.6902 -0.1517
vn 0.7129 0.7012 0.0044
vn 0.5769 0.5759 0.5792
vn 0.6757 0.6704 0.3064
vn 0.3955 0.9184 0.0101
vn 0.3718 0.8736 0.3139
vn 0.2297 0.5545 0.7998
vn 0.3956 0.9060 -0.1501
vn 0.3137 0.7505 0.5817
vn -0.4452 -0.0237 0.8951
vn 0.6424 0.6530 0.4010
vn 0.5674 0.6342 0.5252
vn 0.5014 0.6240 0.5993
vn -0.3728 0.7954 0.4779
vn 0.6498 0.6464 0.4000
vn 0.6376 0.6398 0.4290
vn 0.6071 0.6342 0.4787
vn 0.3513 0.8551 0.3812
vn 0.2712 0.8072 0.5242
vn 0.3728 0.7954 0.4779
vn 0.4032 0.8140 0.4182
vn 0.4245 0.8188 0.3864
vn 0.2940 0.8586 0.4198
vn 0.7458 -0.0338 0.6653
vn 0.4452 -0.0237 0.8951
usemtl Husky
s 1
f 161/1/1 160/2/2 23/3/3 37/4/4
f 216/5/5 174/6/6 60/7/7 94/8/8
f 25/9/9 31/10/10 86/11/11 87/12/12
f 21/13/13 6/14/14 66/15/15 5/16/16
f 41/17/17 10/18/18 83/19/19 92/20/20
f 31/21/10 28/22/21 89/23/22 86/24/11
f 85/25/23 90/26/24 55/27/25 52/28/26
f 14/29/27 12/30/28 22/31/29 1/32/30
f 90/26/24 81/33/31 47/34/32 55/27/25
f 157/35/33 171/36/34 45/37/35 15/38/36
f 33/39/37 3/40/38 7/41/39 23/42/3
f 64/43/40 177/44/41 164/45/42 34/46/43
f 58/47/44 173/48/45 215/49/46 91/50/47
f 19/51/48 3/40/38 63/52/49 2/53/50
f 16/54/51 46/55/52 170/56/53 158/57/54
f 88/58/55 85/59/23 52/60/26 53/61/56
f 3/40/38 19/51/48 40/62/57 7/41/39
f 38/63/58 80/64/59 196/65/60 168/66/61
f 62/67/62 103/68/63 170/56/53 46/55/52
f 91/50/47 84/69/64 50/70/65 58/47/44
f 18/71/66 20/72/67 39/73/68 17/74/69
f 16/54/51 36/75/70 4/76/71 13/77/72
f 89/23/22 28/22/21 8/78/73 82/79/74
f 87/12/12 83/19/19 10/18/18 25/9/9
f 18/71/66 32/80/75 9/81/76 13/77/72
f 63/52/49 3/40/38 33/39/37 64/43/40
f 27/82/77 29/83/78 49/84/79 54/85/80
f 34/46/43 77/86/81 69/87/82 2/53/50
f 44/88/83 61/89/84 9/81/76 32/80/75
f 217/90/85 93/91/86 43/92/87 165/93/88
f 46/55/52 9/81/76 61/89/84 62/67/62
f 37/4/4 23/3/3 7/94/39 5/16/16
f 19/51/48 2/53/50 69/87/82 72/95/89
f 73/96/90 76/97/91 21/13/13 40/98/57
f 12/30/28 17/99/69 39/100/68 22/31/29
f 70/101/92 1/32/30 22/31/29 71/102/93
f 15/38/36 45/37/35 11/103/94 14/29/27
f 92/20/20 214/104/95 159/105/96 41/17/17
f 106/106/97 42/107/98 45/37/35 171/36/34
f 82/79/74 8/78/73 43/92/87 93/91/86
f 27/82/77 54/85/80 51/108/99 26/109/100
f 68/110/101 80/64/59 38/63/58 6/14/14
f 36/75/70 162/111/102 197/112/103 79/113/104
f 39/100/68 74/114/105 71/102/93 22/31/29
f 164/45/42 199/115/106 77/86/81 34/46/43
f 5/16/16 7/94/39 40/98/57 21/13/13
f 53/61/56 50/70/65 84/69/64 88/58/55
f 42/107/98 29/83/78 11/103/94 45/37/35
f 78/116/107 198/117/108 169/118/109 35/119/110
f 44/88/83 26/120/100 51/121/99 56/122/111
f 76/97/91 68/110/101 6/14/14 21/13/13
f 79/113/104 67/123/112 4/76/71 36/75/70
f 66/15/15 65/124/113 37/4/4 5/16/16
f 23/42/3 160/125/2 163/126/114 33/39/37
f 36/75/70 16/54/51 158/57/54 162/111/102
f 169/118/109 157/35/33 15/38/36 35/119/110
f 30/127/115 24/128/116 17/99/69 12/30/28
f 35/119/110 1/32/30 70/101/92 78/116/107
f 72/95/89 73/129/90 40/62/57 19/51/48
f 20/72/67 18/71/66 13/77/72 4/76/71
f 11/103/94 30/127/115 12/30/28 14/29/27
f 46/55/52 16/54/51 13/77/72 9/81/76
f 32/80/75 18/71/66 17/74/69 24/130/116
f 35/119/110 15/38/36 14/29/27 1/32/30
f 39/73/68 20/72/67 75/131/117 74/132/105
f 65/124/113 38/63/58 168/66/61 180/133/118
f 175/134/119 59/135/120 60/7/7 174/6/6
f 50/70/65 53/61/56 54/85/80 49/84/79
f 58/47/44 50/70/65 49/84/79 57/136/121
f 52/28/26 55/27/25 56/122/111 51/121/99
f 51/108/99 54/85/80 53/61/56 52/60/26
f 173/48/45 58/47/44 57/136/121 172/137/122
f 48/138/123 56/122/111 55/27/25 47/34/32
f 59/135/120 48/138/123 47/34/32 60/7/7
f 62/67/62 61/89/84 48/138/123 59/135/120
f 2/53/50 63/52/49 64/43/40 34/46/43
f 33/39/37 163/126/114 177/44/41 64/43/40
f 37/4/4 65/124/113 180/133/118 161/1/1
f 6/14/14 38/63/58 65/124/113 66/15/15
f 74/132/105 75/131/117 76/97/91 73/96/90
f 70/101/92 71/102/93 72/95/89 69/87/82
f 78/116/107 70/101/92 69/87/82 77/86/81
f 68/110/101 76/97/91 75/131/117 67/123/112
f 80/64/59 68/110/101 67/123/112 79/113/104
f 196/65/60 80/64/59 79/113/104 197/112/103
f 77/86/81 199/115/106 198/117/108 78/116/107
f 73/129/90 72/95/89 71/102/93 74/114/105
f 75/131/117 20/72/67 4/76/71 67/123/112
f 32/80/75 24/130/116 26/120/100 44/88/83
f 57/136/121 49/84/79 29/83/78 42/107/98
f 30/127/115 27/82/77 26/109/100 24/128/116
f 172/137/122 57/136/121 42/107/98 106/106/97
f 56/122/111 48/138/123 61/89/84 44/88/83
f 30/127/115 11/103/94 29/83/78 27/82/77
f 59/135/120 175/134/119 103/68/63 62/67/62
f 82/79/74 93/91/86 94/8/8 81/33/31
f 84/69/64 91/50/47 92/20/20 83/19/19
f 90/26/24 85/25/23 86/24/11 89/23/22
f 214/104/95 92/20/20 91/50/47 215/49/46
f 81/33/31 90/26/24 89/23/22 82/79/74
f 216/5/5 94/8/8 93/91/86 217/90/85
f 88/58/55 84/69/64 83/19/19 87/12/12
f 85/59/23 88/58/55 87/12/12 86/11/11
f 60/7/7 47/34/32 81/33/31 94/8/8
f 161/1/1 133/139/124 119/140/125 160/2/2
f 216/5/5 213/141/126 156/142/127 174/6/6
f 121/143/128 206/144/129 205/145/130 127/146/131
f 117/147/132 99/148/133 181/149/134 100/150/135
f 137/151/136 211/152/137 202/153/138 105/154/139
f 127/155/131 205/156/130 208/157/140 124/158/141
f 204/159/142 148/160/143 151/161/144 209/162/145
f 110/163/146 95/164/147 118/165/148 108/166/149
f 209/162/145 151/161/144 143/167/150 200/168/151
f 157/35/33 111/169/152 141/170/153 171/36/34
f 129/171/154 119/172/125 101/173/155 97/174/156
f 178/175/157 130/176/158 164/45/42 177/44/41
f 154/177/159 210/178/160 215/49/46 173/48/45
f 115/179/161 96/180/162 176/181/163 97/174/156
f 112/182/164 158/57/54 170/56/53 142/183/165
f 207/184/166 149/185/167 148/186/143 204/187/142
f 97/174/156 101/173/155 136/188/168 115/179/161
f 134/189/169 168/66/61 196/65/60 195/190/170
f 167/191/171 142/183/165 170/56/53 103/68/63
f 210/178/160 154/177/159 146/192/172 203/193/173
f 114/194/174 113/195/175 135/196/176 116/197/177
f 112/182/164 109/198/178 98/199/179 132/200/180
f 208/157/140 201/201/181 102/202/182 124/158/141
f 206/144/129 121/143/128 105/154/139 202/153/138
f 114/194/174 109/198/178 104/203/183 128/204/184
f 176/181/163 178/175/157 129/171/154 97/174/156
f 123/205/185 150/206/186 145/207/187 125/208/188
f 130/176/158 96/180/162 184/209/189 192/210/190
f 140/211/191 128/204/184 104/203/183 166/212/192
f 217/90/85 165/93/88 139/213/193 212/214/194
f 142/183/165 167/191/171 166/212/192 104/203/183
f 133/139/124 99/148/133 101/215/155 119/140/125
f 115/179/161 187/216/195 184/209/189 96/180/162
f 188/217/196 136/218/168 117/147/132 191/219/197
f 108/166/149 118/165/148 135/220/176 113/221/175
f 185/222/198 186/223/199 118/165/148 95/164/147
f 111/169/152 110/163/146 107/224/200 141/170/153
f 211/152/137 137/151/136 159/105/96 214/104/95
f 106/106/97 171/36/34 141/170/153 138/225/201
f 201/201/181 212/214/194 139/213/193 102/202/182
f 123/205/185 122/226/202 147/227/203 150/206/186
f 183/228/204 100/150/135 134/189/169 195/190/170
f 132/200/180 194/229/205 197/112/103 162/111/102
f 135/220/176 118/165/148 186/223/199 189/230/206
f 164/45/42 130/176/158 192/210/190 199/115/106
f 99/148/133 117/147/132 136/218/168 101/215/155
f 149/185/167 207/184/166 203/193/173 146/192/172
f 138/225/201 141/170/153 107/224/200 125/208/188
f 193/231/207 131/232/208 169/118/109 198/117/108
f 140/211/191 152/233/209 147/234/203 122/235/202
f 191/219/197 117/147/132 100/150/135 183/228/204
f 194/229/205 132/200/180 98/199/179 182/236/210
f 181/149/134 99/148/133 133/139/124 179/237/211
f 119/172/125 129/171/154 163/126/114 160/125/2
f 132/200/180 162/111/102 158/57/54 112/182/164
f 169/118/109 131/232/208 111/169/152 157/35/33
f 126/238/212 108/166/149 113/221/175 120/239/213
f 131/232/208 193/231/207 185/222/198 95/164/147
f 187/216/195 115/179/161 136/188/168 188/240/196
f 116/197/177 98/199/179 109/198/178 114/194/174
f 107/224/200 110/163/146 108/166/149 126/238/212
f 142/183/165 104/203/183 109/198/178 112/182/164
f 128/204/184 120/241/213 113/195/175 114/194/174
f 131/232/208 95/164/147 110/163/146 111/169/152
f 135/196/176 189/242/206 190/243/214 116/197/177
f 179/237/211 180/133/118 168/66/61 134/189/169
f 175/134/119 174/6/6 156/142/127 155/244/215
f 146/192/172 145/207/187 150/206/186 149/185/167
f 154/177/159 153/245/216 145/207/187 146/192/172
f 148/160/143 147/234/203 152/233/209 151/161/144
f 147/227/203 148/186/143 149/185/167 150/206/186
f 173/48/45 172/137/122 153/245/216 154/177/159
f 144/246/217 143/167/150 151/161/144 152/233/209
f 155/244/215 156/142/127 143/167/150 144/246/217
f 167/191/171 155/244/215 144/246/217 166/212/192
f 96/180/162 130/176/158 178/175/157 176/181/163
f 129/171/154 178/175/157 177/44/41 163/126/114
f 133/139/124 161/1/1 180/133/118 179/237/211
f 100/150/135 181/149/134 179/237/211 134/189/169
f 189/242/206 188/217/196 191/219/197 190/243/214
f 185/222/198 184/209/189 187/216/195 186/223/199
f 193/231/207 192/210/190 184/209/189 185/222/198
f 183/228/204 182/236/210 190/243/214 191/219/197
f 195/190/170 194/229/205 182/236/210 183/228/204
f 196/65/60 197/112/103 194/229/205 195/190/170
f 192/210/190 193/231/207 198/117/108 199/115/106
f 188/240/196 189/230/206 186/223/199 187/216/195
f 190/243/214 182/236/210 98/199/179 116/197/177
f 128/204/184 140/211/191 122/235/202 120/241/213
f 153/245/216 138/225/201 125/208/188 145/207/187
f 126/238/212 120/239/213 122/226/202 123/205/185
f 172/137/122 106/106/97 138/225/201 153/245/216
f 152/233/209 140/211/191 166/212/192 144/246/217
f 126/238/212 123/205/185 125/208/188 107/224/200
f 155/244/215 167/191/171 103/68/63 175/134/119
f 201/201/181 200/168/151 213/141/126 212/214/194
f 203/193/173 202/153/138 211/152/137 210/178/160
f 209/162/145 208/157/140 205/156/130 204/159/142
f 214/104/95 215/49/46 210/178/160 211/152/137
f 200/168/151 201/201/181 208/157/140 209/162/145
f 216/5/5 217/90/85 212/214/194 213/141/126
f 207/184/166 206/144/129 202/153/138 203/193/173
f 204/187/142 205/145/130 206/144/129 207/184/166
f 156/142/127 213/141/126 200/168/151 143/167/150
f 984/247/218 219/248/219 3779/249/220 3857/250/221
f 3780/251/222 3779/249/220 219/248/219 220/252/223
f 3781/253/224 3780/251/222 220/252/223 221/254/225
f 3782/255/226 3781/253/224 221/254/225 222/256/227
f 3777/257/228 3782/255/226 222/256/227 280/258/229
f 3784/259/230 3783/260/231 223/261/232 224/262/233
f 3785/263/234 3784/259/230 224/262/233 225/264/235
f 238/265/236 434/266/237 548/267/238 545/268/239
f 3823/269/240 3852/270/241 597/271/242 407/272/243
f 439/273/244 394/274/245 571/275/246 583/276/247
f 233/277/248 408/278/249 582/279/250 569/280/251
f 3788/281/252 3787/282/253 228/283/254 229/284/255
f 3795/285/256 997/286/257 2975/287/258 3819/288/259
f 449/289/260 596/290/261 571/275/246 394/274/245
f 397/291/262 574/292/263 586/293/264 443/294/265
f 3813/295/266 3811/296/267 396/297/268 397/291/262
f 399/298/269 576/299/270 590/300/271 446/301/272
f 575/302/273 588/303/274 1009/304/275 2979/305/276
f 2977/306/277 997/286/257 599/307/278 2981/308/279
f 412/309/280 235/310/281 234/311/282 410/312/283
f 412/309/280 3825/313/284 3792/314/285 235/310/281
f 3791/315/286 3824/316/287 408/278/249 233/277/248
f 448/317/288 229/284/255 565/318/289 594/319/290
f 450/320/291 451/321/292 395/322/293 2982/323/294
f 3829/324/295 3809/325/296 394/274/245 439/273/244
f 584/326/297 1007/327/298 2978/328/299 573/329/300
f 3815/330/301 3834/331/302 444/332/303 399/298/269
f 3817/333/304 3838/334/305 447/335/306 401/336/307
f 3796/337/308 3789/338/309 230/339/310 236/340/311
f 230/339/310 566/341/312 426/342/313 236/340/311
f 567/343/314 426/342/313 227/344/315 568/345/316
f 229/284/255 228/283/254 563/346/317 565/318/289
f 234/311/282 995/347/318 562/348/319 570/349/320
f 3810/350/321 395/322/293 451/321/292 3843/351/322
f 1007/327/298 1008/352/323 2970/353/324 2978/328/299
f 397/291/262 396/297/268 572/354/325 574/292/263
f 398/355/326 2971/356/327 445/357/328 2983/358/329
f 2979/305/276 400/359/330 2974/360/331 1010/361/332
f 564/362/333 562/348/319 995/347/318 232/363/334
f 3787/282/253 3791/315/286 233/277/248 228/283/254
f 218/364/335 3778/365/336 5775/366/337 2065/367/338
f 410/312/283 234/311/282 570/349/320 581/368/339
f 3814/369/340 2971/356/327 2970/353/324 3812/370/341
f 3794/371/342 996/372/343 2969/373/344 3793/374/345
f 3793/374/345 2969/373/344 235/310/281 3792/314/285
f 995/347/318 234/311/282 235/310/281 2969/373/344
f 232/363/334 995/347/318 2969/373/344 996/372/343
f 3812/370/341 2970/353/324 1008/352/323 3831/375/346
f 398/355/326 2978/328/299 2970/353/324 2971/356/327
f 3836/376/347 445/357/328 2971/356/327 3814/369/340
f 3840/377/109 2974/360/331 400/359/330 3816/378/348
f 3790/379/349 3796/337/308 236/340/311 231/380/350
f 3795/285/256 3853/381/351 599/307/278 997/286/257
f 2985/382/352 2989/383/353 2980/384/354 2977/306/277
f 3847/385/355 3785/263/234 225/264/235 543/386/356
f 224/262/233 239/387/357 238/265/236 225/264/235
f 223/261/232 240/388/358 239/387/357 224/262/233
f 280/258/229 279/389/359 240/388/358 223/261/232
f 221/254/225 242/390/360 241/391/361 222/256/227
f 220/252/223 243/392/362 242/390/360 221/254/225
f 219/248/219 244/393/363 243/392/362 220/252/223
f 984/247/218 985/394/364 244/393/363 219/248/219
f 2065/367/338 2073/395/365 245/396/366 218/364/335
f 982/397/367 602/398/368 597/271/242 981/399/369
f 430/400/370 255/401/371 3797/402/372 3828/403/373
f 924/404/374 945/405/375 487/406/376 486/407/377
f 427/408/378 438/409/379 242/390/360 243/392/362
f 961/410/380 251/411/381 252/412/382 960/413/383
f 964/414/384 276/415/385 251/411/381 961/410/380
f 963/416/386 249/417/387 250/418/388 962/419/389
f 957/420/390 247/421/391 246/422/392 956/423/393
f 993/424/394 986/425/395 247/421/391 957/420/390
f 2207/426/396 2081/427/397 248/428/398 958/429/399
f 375/430/400 376/431/401 371/432/402 2081/427/397
f 960/413/383 252/412/382 253/433/403 959/434/404
f 491/435/405 486/407/377 269/436/406 259/437/407
f 555/438/408 551/439/409 359/440/410 911/441/411
f 477/442/412 467/443/413 304/444/414 300/445/415
f 478/446/416 471/447/417 302/448/418 296/449/419
f 470/450/420 468/451/421 291/452/422 303/453/423
f 468/451/421 474/454/424 289/455/425 291/452/422
f 894/456/426 892/457/427 455/458/428 462/459/429
f 891/460/430 895/461/431 305/462/432 454/463/433
f 480/464/434 477/442/412 300/445/415 298/465/435
f 895/461/431 897/466/436 456/467/437 305/462/432
f 476/468/438 479/469/439 297/470/440 295/471/441
f 527/472/442 550/473/443 274/474/444 281/475/445
f 467/476/413 466/477/446 290/478/447 304/479/414
f 469/480/448 475/481/449 301/482/450 292/483/451
f 531/484/452 528/485/453 908/486/454 272/487/455
f 475/481/449 476/468/438 295/471/441 301/482/450
f 306/488/456 462/459/429 478/446/416 472/489/457
f 892/457/427 899/490/458 452/491/459 455/458/428
f 462/459/429 455/458/428 471/447/417 478/446/416
f 457/492/460 463/493/461 476/468/438 475/481/449
f 454/463/433 305/462/432 468/451/421 470/450/420
f 904/494/462 901/495/463 458/496/464 460/497/465
f 453/498/466 465/499/467 466/477/446 467/476/413
f 897/466/436 900/500/468 464/501/469 456/467/437
f 305/462/432 456/467/437 474/454/424 468/451/421
f 452/491/459 457/492/460 475/481/449 469/480/448
f 553/502/470 552/503/471 264/504/472 262/505/473
f 893/506/474 894/456/426 462/459/429 306/488/456
f 466/477/446 470/450/420 303/453/423 290/478/447
f 890/507/475 902/508/476 463/493/461 457/492/460
f 479/469/439 480/464/434 298/465/435 297/470/440
f 901/495/463 896/509/477 453/510/466 458/496/464
f 472/489/457 478/446/416 296/449/419 293/511/478
f 896/512/477 889/513/479 465/499/467 453/498/466
f 474/454/424 473/514/480 294/515/481 289/455/425
f 473/514/480 481/516/482 299/517/483 294/515/481
f 464/501/469 459/518/484 481/516/482 473/514/480
f 481/516/482 472/489/457 293/511/478 299/517/483
f 471/447/417 469/480/448 292/483/451 302/448/418
f 923/519/485 926/520/486 490/521/487 488/522/488
f 463/493/461 461/523/489 479/469/439 476/468/438
f 898/524/490 893/506/474 306/488/456 459/518/484
f 460/497/465 458/496/464 477/442/412 480/464/434
f 461/523/489 460/497/465 480/464/434 479/469/439
f 458/496/464 453/510/466 467/443/413 477/442/412
f 900/500/468 898/524/490 459/518/484 464/501/469
f 459/518/484 306/488/456 472/489/457 481/516/482
f 903/525/491 904/494/462 460/497/465 461/523/489
f 456/467/437 464/501/469 473/514/480 474/454/424
f 889/513/479 891/460/430 454/463/433 465/499/467
f 902/508/476 903/525/491 461/523/489 463/493/461
f 465/499/467 454/463/433 470/450/420 466/477/446
f 455/458/428 452/491/459 469/480/448 471/447/417
f 339/526/492 342/527/493 327/528/494 330/529/495
f 338/530/496 347/531/497 322/532/498 532/533/499
f 345/534/500 343/535/501 326/536/502 324/537/503
f 535/538/504 320/539/505 317/540/506 331/541/507
f 346/542/508 348/543/509 321/544/510 323/545/511
f 337/546/512 338/530/496 532/533/499 533/547/513
f 336/548/514 337/546/512 533/547/513 534/549/515
f 322/550/498 330/529/495 307/551/516 315/552/517
f 342/527/493 346/542/508 323/545/511 327/528/494
f 320/539/505 325/553/518 312/554/519 317/540/506
f 347/555/497 339/526/492 330/529/495 322/550/498
f 533/547/513 532/533/499 334/556/520 333/557/521
f 325/553/518 324/537/503 313/558/522 312/554/519
f 324/537/503 326/536/502 311/559/523 313/558/522
f 326/536/502 319/560/524 318/561/525 311/559/523
f 343/535/501 350/562/526 319/560/524 326/536/502
f 328/563/527 329/564/528 308/565/529 309/566/530
f 348/543/509 335/567/531 535/538/504 321/544/510
f 532/533/499 322/532/498 315/568/517 334/556/520
f 330/529/495 327/528/494 310/569/532 307/551/516
f 321/544/510 535/538/504 331/541/507 316/570/533
f 341/571/534 340/572/535 329/564/528 328/563/527
f 350/562/526 341/571/534 328/563/527 319/560/524
f 534/549/515 533/547/513 333/557/521 332/573/536
f 536/574/537 541/575/538 366/576/539 2993/577/540
f 340/572/535 336/548/514 534/549/515 329/564/528
f 344/578/541 345/534/500 324/537/503 325/553/518
f 344/578/541 349/579/542 6200/580/543 6217/581/544
f 6223/582/545 6206/583/546 339/526/492 347/555/497
f 785/584/547 801/585/548 6215/586/549 6202/587/550
f 802/588/551 836/589/552 6208/590/553 6205/591/554
f 6219/592/555 342/527/493 339/526/492 6206/583/546
f 801/585/548 802/588/551 6205/591/554 6215/586/549
f 771/593/556 785/584/547 6202/587/550 6221/594/557
f 341/571/534 350/562/526 6203/595/558 6214/596/559
f 830/597/560 828/598/561 6224/599/562 6213/600/563
f 786/601/564 752/602/565 6216/603/566 6201/604/567
f 752/602/565 749/605/568 6210/606/569 6216/603/566
f 836/589/552 830/597/560 6213/600/563 6208/590/553
f 417/607/570 621/608/571 828/598/561 420/609/572
f 6197/610/573 6218/611/574 780/612/575 748/613/576
f 6275/614/577 6261/615/578 3622/616/579 3393/617/580
f 350/562/526 343/535/501 6220/618/581 6203/595/558
f 6226/619/582 6197/610/573 748/613/576 609/620/583
f 828/598/561 621/608/571 6222/621/584 6224/599/562
f 337/546/512 336/548/514 6209/622/585 6212/623/586
f 6204/624/587 340/572/535 341/571/534 6214/596/559
f 838/625/588 786/601/564 6201/604/567 6199/626/589
f 749/605/568 771/593/556 6221/594/557 6210/606/569
f 6219/592/555 6196/627/590 346/542/508 342/527/493
f 343/535/501 345/534/500 6211/628/591 6220/618/581
f 6207/629/592 6222/630/584 621/631/571 824/632/593
f 345/534/500 344/578/541 6217/581/544 6211/628/591
f 824/632/593 780/612/575 6218/611/574 6207/629/592
f 276/415/385 250/418/388 256/633/594 275/634/595
f 275/634/595 273/635/596 353/636/597 354/637/598
f 258/638/599 500/639/600 514/640/601 373/641/602
f 273/635/596 953/642/603 502/643/604 353/636/597
f 482/644/605 484/645/606 423/646/607 525/647/608
f 422/648/609 425/649/610 2950/650/611 2941/651/612
f 2941/651/612 3804/652/613 3827/653/614 422/648/609
f 929/654/615 947/655/616 482/644/605 489/656/617
f 487/406/376 485/657/618 270/658/619 268/659/620
f 1013/660/621 495/661/622 916/662/623 915/663/624
f 494/664/625 489/665/617 266/666/626 914/667/627
f 508/668/628 365/669/629 364/670/630 506/671/631
f 361/672/632 3801/673/633 3800/674/634 360/675/635
f 362/676/636 3802/677/637 3801/673/633 361/672/632
f 363/678/638 3803/679/639 3802/677/637 362/676/636
f 3798/680/640 3803/679/639 363/678/638 2940/681/641
f 403/682/642 503/683/643 404/684/644 405/685/645
f 422/648/609 2940/681/641 260/686/646 425/649/610
f 513/687/647 372/688/648 381/689/649 519/690/650
f 504/691/651 503/683/643 403/682/642 2966/692/652
f 511/693/653 1006/694/654 366/576/539 509/695/655
f 3786/696/656 3848/697/657 542/698/658 226/699/659
f 509/695/655 366/576/539 541/575/538 560/700/660
f 353/636/597 502/643/604 506/671/631 364/670/630
f 3822/701/661 404/684/644 503/683/643 3845/702/662
f 353/636/597 364/670/630 355/703/663 354/637/598
f 252/412/382 251/411/381 354/637/598 355/703/663
f 253/433/403 252/412/382 355/703/663 356/704/664
f 358/705/665 507/706/666 505/707/667 357/708/668
f 356/704/664 355/703/663 364/670/630 365/669/629
f 393/709/669 255/401/371 2968/710/670 512/711/671
f 2993/577/540 366/576/539 1006/694/654 1005/712/672
f 537/713/673 356/704/664 365/669/629 540/714/674
f 542/698/658 544/715/675 237/716/676 226/699/659
f 225/264/235 238/265/236 545/268/239 543/386/356
f 254/717/677 546/718/678 536/574/537 2993/577/540
f 2992/719/679 2994/720/680 559/721/681 538/722/682
f 2993/577/540 1005/712/672 998/723/683 254/717/677
f 561/724/684 540/714/674 365/669/629 508/668/628
f 2952/725/685 2953/726/686 2954/727/687 2958/728/688
f 539/729/689 558/730/690 507/706/666 358/705/665
f 537/713/673 547/731/691 253/433/403 356/704/664
f 249/417/387 367/732/692 256/633/594 250/418/388
f 246/422/392 368/733/693 367/732/692 249/417/387
f 247/421/391 369/734/694 368/733/693 246/422/392
f 986/425/395 987/735/695 369/734/694 247/421/391
f 2081/427/397 371/432/402 370/736/696 248/428/398
f 371/432/402 376/431/401 377/737/697 378/738/698
f 257/739/699 256/633/594 367/732/692 372/688/648
f 952/740/700 271/741/701 352/742/702 501/743/703
f 501/743/703 352/742/702 357/708/668 505/707/667
f 485/657/618 492/744/704 912/745/705 270/658/619
f 2094/746/706 380/747/707 379/748/708 2095/749/709
f 2942/750/710 2944/751/711 2953/726/686 2952/725/685
f 3808/752/712 2944/751/711 2942/750/710 5782/753/713
f 515/754/714 516/755/715 378/738/698 377/737/697
f 2958/728/688 2954/727/687 380/747/707 2094/746/706
f 386/756/716 370/736/696 371/432/402 378/738/698
f 988/757/717 987/735/695 370/736/696 386/756/716
f 381/689/649 368/733/693 369/734/694 385/758/718
f 989/759/719 992/760/720 523/761/721 388/762/722
f 382/763/723 518/764/724 520/765/725 387/766/726
f 388/762/722 523/761/721 517/767/727 379/748/708
f 991/768/728 988/757/717 386/756/716 522/769/729
f 519/690/650 381/689/649 385/758/718 521/770/730
f 1017/771/731 989/759/719 388/762/722 392/772/732
f 384/773/733 389/774/734 3806/775/735 3805/776/736
f 392/772/732 388/762/722 379/748/708 380/747/707
f 3858/777/737 2943/778/738 390/779/739 3807/780/740
f 2948/781/741 2949/782/742 389/774/734 384/773/733
f 3807/780/740 390/779/739 2944/751/711 3808/752/712
f 2943/778/738 2951/783/743 1002/784/744 390/779/739
f 383/785/745 382/763/723 387/766/726 391/786/746
f 390/779/739 1002/784/744 2953/726/686 2944/751/711
f 1016/787/747 1017/771/731 392/772/732 1003/788/748
f 2956/789/749 383/785/745 391/786/746 2955/790/750
f 1003/788/748 392/772/732 380/747/707 2954/727/687
f 2956/789/749 424/791/751 374/792/752 383/785/745
f 368/733/693 381/689/649 372/688/648 367/732/692
f 373/641/602 514/640/601 518/764/724 382/763/723
f 374/792/752 373/641/602 382/763/723 383/785/745
f 1002/784/744 1003/788/748 2954/727/687 2953/726/686
f 2948/781/741 2956/789/749 2955/790/750 2949/782/742
f 3805/776/736 3804/652/613 2941/651/612 384/773/733
f 504/691/651 421/793/753 3799/794/754 3846/795/755
f 918/796/756 260/686/646 261/797/757 913/798/758
f 2990/799/759 2986/800/760 2982/323/294 441/801/761
f 595/802/762 564/362/333 232/363/334 2984/803/763
f 230/339/310 402/804/764 578/805/765 566/341/312
f 3844/806/766 1012/807/767 996/372/343 3794/371/342
f 2984/803/763 232/363/334 996/372/343 1012/807/767
f 3841/808/768 3788/281/252 229/284/255 448/317/288
f 2987/809/769 573/329/300 2978/328/299 398/355/326
f 2991/810/770 450/320/291 2982/323/294 2986/800/760
f 440/811/771 585/812/772 572/354/325 396/297/268
f 3832/813/773 442/814/774 395/322/293 3810/350/321
f 441/801/761 2982/323/294 395/322/293 442/814/774
f 2977/306/277 2980/384/354 2975/287/258 997/286/257
f 575/302/273 2979/305/276 1010/361/332 591/815/775
f 3813/295/266 397/291/262 443/294/265 3833/816/776
f 401/336/307 577/817/777 578/805/765 402/804/764
f 3816/378/348 400/359/330 2972/818/778 3835/819/779
f 2979/305/276 1009/304/275 2972/818/778 400/359/330
f 3849/820/780 3790/379/349 231/380/350 567/821/314
f 407/822/243 580/823/781 582/279/250 408/278/249
f 3815/330/301 399/298/269 446/301/272 3837/824/782
f 401/336/307 447/335/306 593/825/783 577/817/777
f 3820/826/784 2976/827/785 2973/828/786 3839/829/787
f 1004/830/788 1011/831/789 2973/828/786 2976/827/785
f 230/339/310 3789/338/309 3818/832/790 402/804/764
f 3817/333/304 401/336/307 402/804/764 3818/832/790
f 2988/833/791 1004/830/788 2980/384/354 2989/383/353
f 2988/833/791 592/834/792 1011/831/789 1004/830/788
f 3819/288/259 2975/287/258 2976/827/785 3820/826/784
f 1004/830/788 2976/827/785 2975/287/258 2980/384/354
f 236/340/311 426/342/313 567/343/314 231/380/350
f 3797/402/372 255/401/371 393/709/669 3821/835/793
f 1001/836/794 510/837/795 2994/720/680 2992/719/679
f 2967/838/796 421/793/753 504/691/651 2966/692/652
f 3821/835/793 393/709/669 404/684/644 3822/701/661
f 2940/681/641 422/648/609 3827/653/614 3798/680/640
f 493/839/797 491/435/405 259/437/407 913/840/758
f 486/407/377 487/406/376 268/659/620 269/436/406
f 3799/794/754 421/793/753 360/841/635 3800/842/634
f 2948/781/741 384/773/733 2941/651/612 2950/650/611
f 2951/783/743 1016/787/747 1003/788/748 1002/784/744
f 3823/843/240 407/822/243 408/278/249 3824/316/287
f 579/844/798 409/845/799 410/312/283 581/368/339
f 439/273/244 583/276/247 585/812/772 440/811/771
f 409/845/799 411/846/800 412/309/280 410/312/283
f 411/846/800 3826/847/801 3825/313/284 412/309/280
f 420/609/572 828/598/561 830/597/560 419/848/802
f 416/849/803 824/632/593 621/631/571 417/850/570
f 413/851/804 838/625/588 609/620/583 414/852/805
f 610/853/806 785/584/547 771/593/556 611/854/807
f 418/855/808 836/589/552 802/588/551 608/856/809
f 734/857/810 735/858/811 730/859/812 731/860/813
f 419/848/802 830/597/560 836/589/552 418/855/808
f 522/769/729 386/756/716 378/738/698 516/755/715
f 2095/749/709 379/748/708 517/767/727 2190/861/814
f 968/862/815 972/863/816 433/864/817 549/865/818
f 959/434/404 253/433/403 547/731/691 966/866/819
f 239/387/357 435/867/820 434/266/237 238/265/236
f 2073/395/365 2181/868/821 429/869/822 245/396/366
f 985/394/364 990/870/823 428/871/824 244/393/363
f 244/393/363 428/871/824 427/408/378 243/392/362
f 242/390/360 438/409/379 437/872/825 241/391/361
f 279/389/359 265/873/826 436/874/827 240/388/358
f 240/388/358 436/874/827 435/867/820 239/387/357
f 969/875/828 977/876/829 438/409/379 427/408/378
f 549/865/818 433/864/817 237/716/676 544/715/675
f 3829/324/295 439/273/244 440/811/771 3830/877/830
f 2990/799/759 441/801/761 1007/327/298 584/326/297
f 1009/304/275 588/303/274 587/878/831 2983/358/329
f 442/814/774 3832/813/773 3831/375/346 1008/352/323
f 441/801/761 442/814/774 1008/352/323 1007/327/298
f 3830/877/830 440/811/771 396/297/268 3811/296/267
f 444/332/303 3834/331/302 3833/816/776 443/294/265
f 1011/831/789 592/834/792 591/815/775 1010/361/332
f 589/879/832 444/332/303 443/294/265 586/293/264
f 3835/819/779 2972/818/778 445/357/328 3836/376/347
f 2972/818/778 1009/304/275 2983/358/329 445/357/328
f 2987/809/769 398/355/326 2983/358/329 587/878/831
f 447/335/306 3838/334/305 3837/824/782 446/301/272
f 448/317/288 594/319/290 596/290/261 449/289/260
f 593/825/783 447/335/306 446/301/272 590/300/271
f 3839/829/787 2973/828/786 2974/360/331 3840/377/109
f 2973/828/786 1011/831/789 1010/361/332 2974/360/331
f 399/298/269 444/332/303 589/879/832 576/299/270
f 3841/808/768 448/317/288 449/289/260 3842/880/833
f 595/802/762 2984/803/763 450/320/291 2991/810/770
f 1012/807/767 3844/806/766 3843/351/322 451/321/292
f 2984/803/763 1012/807/767 451/321/292 450/320/291
f 3842/880/833 449/289/260 394/274/245 3809/325/296
f 277/881/834 262/505/473 925/882/835 930/883/836
f 287/884/837 288/885/838 943/886/839 940/887/840
f 941/888/841 942/889/842 483/890/843 492/744/704
f 286/891/844 287/884/837 940/887/840 938/892/845
f 288/885/838 283/893/846 937/894/847 943/886/839
f 290/478/447 303/453/423 555/438/408 557/895/848
f 945/405/375 939/896/849 485/657/618 487/406/376
f 932/897/850 934/898/851 494/664/625 496/899/852
f 283/893/846 282/900/853 936/901/854 937/894/847
f 282/900/853 278/902/855 933/903/856 936/901/854
f 910/904/857 917/905/858 914/906/627 2967/838/796
f 908/486/454 277/881/834 930/883/836 948/907/859
f 281/475/445 274/474/444 928/908/860 935/909/861
f 931/910/862 924/404/374 486/407/377 491/435/405
f 274/911/444 906/912/863 946/913/864 928/914/860
f 292/483/451 301/482/450 556/915/865 529/916/866
f 294/515/481 299/517/483 530/917/867 528/485/453
f 298/465/435 300/445/415 527/472/442 497/918/868
f 297/470/440 298/465/435 497/918/868 498/919/869
f 507/706/666 558/730/690 561/724/684 508/668/628
f 296/449/419 302/448/418 554/920/870 552/503/471
f 293/511/478 296/449/419 552/503/471 553/502/470
f 295/471/441 297/470/440 498/919/869 526/921/871
f 300/445/415 304/444/414 550/473/443 527/472/442
f 272/487/455 908/486/454 948/907/859 927/922/872
f 301/482/450 295/471/441 526/921/871 556/915/865
f 911/441/411 359/440/410 922/923/873 951/924/874
f 899/490/458 890/507/475 457/492/460 452/491/459
f 952/740/700 501/743/703 502/643/604 953/642/603
f 504/691/651 3846/795/755 3845/702/662 503/683/643
f 501/743/703 505/707/667 506/671/631 502/643/604
f 505/707/667 507/706/666 508/668/628 506/671/631
f 559/721/681 2994/720/680 509/695/655 560/700/660
f 2994/720/680 510/837/795 511/693/653 509/695/655
f 404/684/644 393/709/669 512/711/671 405/685/645
f 431/925/875 2968/710/670 255/401/371 430/400/370
f 499/926/876 513/687/647 514/640/601 500/639/600
f 991/768/728 522/769/729 523/761/721 992/760/720
f 519/690/650 521/770/730 520/765/725 518/764/724
f 522/769/729 516/755/715 517/767/727 523/761/721
f 2190/861/814 517/767/727 516/755/715 515/754/714
f 513/687/647 519/690/650 518/764/724 514/640/601
f 499/926/876 257/739/699 372/688/648 513/687/647
f 299/517/483 293/511/478 553/502/470 530/917/867
f 349/579/542 344/578/541 325/553/518 320/539/505
f 335/567/531 349/579/542 320/539/505 535/538/504
f 537/713/673 540/714/674 541/575/538 536/574/537
f 496/899/852 494/664/625 914/667/627 917/927/858
f 536/574/537 546/718/678 547/731/691 537/713/673
f 549/865/818 544/715/675 545/268/239 548/267/238
f 544/715/675 542/698/658 543/386/356 545/268/239
f 3847/385/355 543/386/356 542/698/658 3848/697/657
f 968/862/815 549/865/818 548/267/238 978/928/877
f 303/453/423 291/452/422 551/439/409 555/438/408
f 289/455/425 294/515/481 528/485/453 531/484/452
f 304/479/414 290/478/447 557/895/848 550/929/443
f 302/448/418 292/483/451 529/916/866 554/920/870
f 291/452/422 289/455/425 531/484/452 551/439/409
f 559/721/681 560/700/660 561/724/684 558/730/690
f 560/700/660 541/575/538 540/714/674 561/724/684
f 538/722/682 559/721/681 558/730/690 539/729/689
f 489/656/617 482/644/605 525/647/608 266/930/626
f 570/349/320 562/348/319 563/346/317 569/280/251
f 562/348/319 564/362/333 565/318/289 563/346/317
f 3849/820/780 567/821/314 568/931/316 3850/932/878
f 426/342/313 566/341/312 2985/382/352 227/344/315
f 573/329/300 2987/809/769 574/292/263 572/354/325
f 2988/833/791 2989/383/353 578/805/765 577/817/777
f 2989/383/353 2985/382/352 566/341/312 578/805/765
f 579/844/798 581/368/339 582/279/250 580/823/781
f 581/368/339 570/349/320 569/280/251 582/279/250
f 2990/799/759 584/326/297 585/812/772 583/276/247
f 584/326/297 573/329/300 572/354/325 585/812/772
f 2986/800/760 2990/799/759 583/276/247 571/275/246
f 587/878/831 588/303/274 589/879/832 586/293/264
f 2987/809/769 587/878/831 586/293/264 574/292/263
f 588/303/274 575/302/273 576/299/270 589/879/832
f 591/815/775 592/834/792 593/825/783 590/300/271
f 575/302/273 591/815/775 590/300/271 576/299/270
f 592/834/792 2988/833/791 577/817/777 593/825/783
f 595/802/762 2991/810/770 596/290/261 594/319/290
f 2991/810/770 2986/800/760 571/275/246 596/290/261
f 564/362/333 595/802/762 594/319/290 565/318/289
f 228/283/254 233/277/248 569/280/251 563/346/317
f 3856/933/879 981/399/369 597/271/242 3852/270/241
f 3851/934/880 3786/696/656 226/699/659 598/935/881
f 2981/308/279 227/344/315 2985/382/352 2977/306/277
f 2981/308/279 601/936/882 568/345/316 227/344/315
f 601/936/882 2981/308/279 599/307/278 600/937/883
f 600/937/883 599/307/278 3853/381/351 3854/938/884
f 3850/932/878 568/931/316 601/939/882 3855/940/885
f 601/939/882 600/941/883 3854/942/884 3855/940/885
f 3826/943/801 411/944/800 430/400/370 3828/403/373
f 285/945/886 999/946/887 2968/710/670 431/925/875
f 431/925/875 430/400/370 411/944/800 285/945/886
f 580/947/781 407/272/243 597/271/242 602/398/368
f 580/947/781 602/398/368 432/948/888 579/949/798
f 421/793/753 2967/838/796 406/950/889 360/841/635
f 361/672/632 360/675/635 406/951/889 263/952/890
f 362/676/636 361/672/632 263/952/890 603/953/891
f 363/678/638 362/676/636 603/953/891 604/954/892
f 363/678/638 604/954/892 260/686/646 2940/681/641
f 6225/955/893 338/530/496 337/546/512 6212/623/586
f 736/956/894 739/957/895 738/958/896 737/959/897
f 847/960/898 845/961/899 844/962/900 848/963/901
f 351/964/902 736/965/894 737/966/897 415/967/903
f 606/968/904 605/969/905 351/964/902 415/967/903
f 616/970/906 615/971/907 618/972/908 617/973/909
f 613/974/910 615/971/907 616/970/906 614/975/911
f 617/976/909 618/977/908 619/978/912 620/979/913
f 617/980/909 620/981/913 614/975/911 616/970/906
f 613/974/910 619/978/912 618/977/908 615/971/907
f 749/605/568 752/602/565 847/960/898 848/963/901
f 786/601/564 838/625/588 413/851/804 612/982/914
f 734/857/810 748/613/576 780/612/575 735/858/811
f 607/983/915 801/585/548 785/584/547 610/853/806
f 608/856/809 802/588/551 801/585/548 607/983/915
f 623/984/916 624/985/917 625/986/918 622/987/919
f 629/988/920 619/978/912 613/974/910 627/989/921
f 619/990/912 629/991/920 628/992/922 620/993/913
f 620/981/913 628/994/922 626/995/923 614/975/911
f 613/974/910 614/975/911 626/995/923 627/989/921
f 631/996/924 626/995/923 628/994/922 630/997/925
f 627/989/921 626/995/923 632/998/926 633/999/927
f 631/996/924 634/1000/928 632/998/926 626/995/923
f 640/1001/929 643/1002/930 641/1003/931 637/1004/932
f 709/1005/933 636/1006/934 698/1007/935 699/1008/936
f 635/1009/937 637/1004/932 632/998/926 634/1000/928
f 633/999/927 632/998/926 637/1004/932 641/1003/931
f 643/1002/930 649/1010/938 647/1011/939 641/1003/931
f 638/1012/940 655/1013/941 688/1014/942 684/1015/943
f 645/1016/944 644/1017/945 629/988/920 627/989/921
f 633/999/927 646/1018/946 645/1016/944 627/989/921
f 641/1003/931 647/1011/939 646/1018/946 633/999/927
f 648/1019/947 706/1020/948 705/1021/949 708/1022/950
f 636/1006/934 638/1012/940 684/1015/943 698/1007/935
f 651/1023/951 650/1024/952 644/1017/945 645/1016/944
f 646/1018/946 652/1025/953 651/1023/951 645/1016/944
f 647/1011/939 653/1026/954 652/1025/953 646/1018/946
f 642/1027/955 654/1028/956 649/1010/938 664/1029/957
f 648/1019/947 708/1022/950 654/1028/956 642/1027/955
f 630/1030/925 628/992/922 670/1031/958 667/1032/959
f 640/1001/929 639/1033/960 656/1034/961 659/1035/962
f 657/1036/963 662/1037/964 659/1035/962 656/1034/961
f 643/1002/930 640/1001/929 659/1035/962 660/1038/965
f 662/1037/964 663/1039/966 660/1038/965 659/1035/962
f 657/1036/963 661/1040/967 663/1039/966 662/1037/964
f 663/1039/966 661/1040/967 664/1029/957 660/1038/965
f 643/1002/930 660/1038/965 664/1029/957 649/1010/938
f 650/1041/952 668/1042/968 669/1043/969 644/1044/945
f 644/1044/945 669/1043/969 671/1045/970 629/991/920
f 670/1031/958 628/992/922 629/991/920 671/1045/970
f 666/1046/971 672/1047/972 667/1032/959 670/1031/958
f 665/1048/973 673/1049/974 672/1047/972 666/1046/971
f 666/1046/971 670/1031/958 671/1045/970 669/1043/969
f 665/1048/973 666/1046/971 669/1043/969 668/1042/968
f 677/1050/975 674/1051/976 622/1052/919 625/1053/918
f 625/1053/918 624/985/917 676/1054/977 677/1050/975
f 624/985/917 623/984/916 675/1055/978 676/1054/977
f 623/984/916 622/1056/919 674/1057/976 675/1055/978
f 651/1023/951 675/1055/978 674/1057/976 650/1024/952
f 676/1054/977 675/1055/978 651/1023/951 678/1058/979
f 677/1050/975 676/1054/977 678/1058/979 679/1059/980
f 650/1041/952 674/1060/976 677/1061/975 679/1062/980
f 679/1059/980 678/1058/979 680/1063/981 681/1064/982
f 685/1065/983 682/1066/984 687/1067/985 686/1068/986
f 665/1048/973 668/1042/968 682/1066/984 685/1065/983
f 650/1041/952 683/1069/987 682/1066/984 668/1042/968
f 683/1069/987 684/1015/943 687/1067/985 682/1066/984
f 665/1048/973 685/1065/983 689/1070/988 673/1049/974
f 685/1065/983 686/1068/986 688/1014/942 689/1070/988
f 686/1068/986 687/1067/985 684/1015/943 688/1014/942
f 679/1062/980 691/1071/989 690/1072/990 650/1041/952
f 683/1069/987 650/1041/952 690/1072/990 692/1073/991
f 684/1015/943 683/1069/987 692/1073/991 693/1074/992
f 691/1071/989 694/1075/993 692/1073/991 690/1072/990
f 693/1074/992 692/1073/991 694/1075/993 695/1076/994
f 695/1076/994 697/1077/995 696/1078/996 693/1074/992
f 681/1079/982 694/1075/993 691/1071/989 679/1062/980
f 695/1076/994 694/1075/993 681/1079/982 700/1080/997
f 695/1076/994 700/1080/997 699/1008/936 697/1077/995
f 697/1077/995 699/1008/936 698/1007/935 696/1078/996
f 684/1015/943 693/1074/992 696/1078/996 698/1007/935
f 680/1063/981 701/1081/998 700/1082/997 681/1064/982
f 702/1083/999 699/1084/936 700/1082/997 701/1081/998
f 652/1025/953 703/1085/1000 678/1058/979 651/1023/951
f 653/1026/954 704/1086/1001 703/1085/1000 652/1025/953
f 680/1063/981 678/1058/979 703/1085/1000 705/1021/949
f 701/1081/998 680/1063/981 705/1021/949 706/1020/948
f 702/1083/999 701/1081/998 706/1020/948 707/1087/1002
f 654/1028/956 708/1022/950 704/1086/1001 653/1026/954
f 704/1086/1001 708/1022/950 705/1021/949 703/1085/1000
f 649/1010/938 654/1028/956 653/1026/954 647/1011/939
f 637/1004/932 635/1009/937 639/1033/960 640/1001/929
f 711/1088/1003 655/1013/941 638/1012/940 712/1089/1004
f 636/1006/934 713/1090/1005 712/1089/1004 638/1012/940
f 709/1005/933 714/1091/1006 713/1090/1005 636/1006/934
f 715/1092/1007 711/1088/1003 712/1089/1004 713/1090/1005
f 715/1092/1007 713/1090/1005 716/1093/1008 717/1094/1009
f 702/1083/999 710/1095/1010 709/1096/933 699/1084/936
f 714/1091/1006 709/1005/933 718/1097/1011 719/1098/1012
f 714/1091/1006 719/1098/1012 716/1093/1008 713/1090/1005
f 710/1095/1010 720/1099/1013 718/1100/1011 709/1096/933
f 707/1087/1002 721/1101/1014 710/1095/1010 702/1083/999
f 720/1099/1013 710/1095/1010 721/1101/1014 722/1102/1015
f 724/1103/1016 723/1104/1017 717/1094/1009 716/1093/1008
f 718/1097/1011 724/1103/1016 716/1093/1008 719/1098/1012
f 416/849/803 417/850/570 720/1099/1013 722/1102/1015
f 418/855/808 723/1105/1017 724/1106/1016 419/848/802
f 419/848/802 724/1106/1016 718/1107/1011 420/609/572
f 722/1102/1015 730/859/812 735/858/811 416/849/803
f 648/1019/947 725/1108/1018 707/1087/1002 706/1020/948
f 642/1027/955 726/1109/1019 725/1108/1018 648/1019/947
f 642/1027/955 664/1029/957 661/1040/967 726/1109/1019
f 721/1101/1014 707/1087/1002 725/1108/1018 727/1110/1020
f 726/1109/1019 728/1111/1021 727/1110/1020 725/1108/1018
f 729/1112/1022 728/1111/1021 726/1109/1019 661/1040/967
f 722/1102/1015 721/1101/1014 727/1110/1020 730/859/812
f 728/1111/1021 731/860/813 730/859/812 727/1110/1020
f 729/1112/1022 732/1113/1023 731/860/813 728/1111/1021
f 658/1114/1024 729/1112/1022 661/1040/967 657/1036/963
f 732/1113/1023 729/1112/1022 658/1114/1024 733/1115/1025
f 734/857/810 731/860/813 732/1113/1023 414/852/805
f 413/851/804 414/852/805 732/1113/1023 733/1115/1025
f 607/983/915 610/853/806 833/1116/1026 831/1117/1027
f 735/858/811 780/612/575 824/632/593 416/849/803
f 414/852/805 609/620/583 748/613/576 734/857/810
f 736/1118/894 351/964/902 605/969/905 739/1119/895
f 606/968/904 415/967/903 737/959/897 738/958/896
f 741/1120/1028 740/1121/1029 743/1122/1030 742/1123/1031
f 747/1124/1032 745/1125/1033 606/968/904 738/958/896
f 738/1126/896 739/1127/895 746/1128/1034 747/1129/1032
f 739/1119/895 605/969/905 744/1130/1035 746/1131/1034
f 606/968/904 745/1125/1033 744/1130/1035 605/969/905
f 631/996/924 630/997/925 746/1131/1034 744/1130/1035
f 745/1125/1033 751/1132/1036 750/1133/1037 744/1130/1035
f 631/996/924 744/1130/1035 750/1133/1037 634/1000/928
f 756/1134/1038 754/1135/1039 757/1136/1040 759/1137/1041
f 822/1138/1042 812/1139/1043 811/1140/1044 753/1141/1045
f 635/1009/937 634/1000/928 750/1133/1037 754/1135/1039
f 751/1132/1036 757/1136/1040 754/1135/1039 750/1133/1037
f 759/1137/1041 757/1136/1040 763/1142/1046 765/1143/1047
f 755/1144/1048 797/1145/1049 688/1014/942 655/1013/941
f 761/1146/1050 745/1125/1033 747/1124/1032 760/1147/1051
f 751/1132/1036 745/1125/1033 761/1146/1050 762/1148/1052
f 757/1136/1040 751/1132/1036 762/1148/1052 763/1142/1046
f 764/1149/1053 821/1150/1054 818/1151/1055 819/1152/1056
f 753/1141/1045 811/1140/1044 797/1145/1049 755/1144/1048
f 767/1153/1057 761/1146/1050 760/1147/1051 766/1154/1058
f 762/1148/1052 761/1146/1050 767/1153/1057 768/1155/1059
f 763/1142/1046 762/1148/1052 768/1155/1059 769/1156/1060
f 758/1157/1061 777/1158/1062 765/1143/1047 770/1159/1063
f 764/1149/1053 758/1157/1061 770/1159/1063 821/1150/1054
f 630/1030/925 667/1032/959 783/1160/1064 746/1128/1034
f 756/1134/1038 772/1161/1065 656/1034/961 639/1033/960
f 657/1036/963 656/1034/961 772/1161/1065 775/1162/1066
f 759/1137/1041 773/1163/1067 772/1161/1065 756/1134/1038
f 775/1162/1066 772/1161/1065 773/1163/1067 776/1164/1068
f 657/1036/963 775/1162/1066 776/1164/1068 774/1165/1069
f 776/1164/1068 773/1163/1067 777/1158/1062 774/1165/1069
f 759/1137/1041 765/1143/1047 777/1158/1062 773/1163/1067
f 766/1166/1058 760/1167/1051 782/1168/1070 781/1169/1071
f 760/1167/1051 747/1129/1032 784/1170/1072 782/1168/1070
f 783/1160/1064 784/1170/1072 747/1129/1032 746/1128/1034
f 779/1171/1073 783/1160/1064 667/1032/959 672/1047/972
f 778/1172/1074 779/1171/1073 672/1047/972 673/1049/974
f 779/1171/1073 782/1168/1070 784/1170/1072 783/1160/1064
f 778/1172/1074 781/1169/1071 782/1168/1070 779/1171/1073
f 790/1173/1075 743/1174/1030 740/1175/1029 787/1176/1076
f 743/1174/1030 790/1173/1075 789/1177/1077 742/1123/1031
f 742/1123/1031 789/1177/1077 788/1178/1078 741/1120/1028
f 741/1120/1028 788/1178/1078 787/1179/1076 740/1180/1029
f 767/1153/1057 766/1154/1058 787/1179/1076 788/1178/1078
f 789/1177/1077 791/1181/1079 767/1153/1057 788/1178/1078
f 790/1173/1075 792/1182/1080 791/1181/1079 789/1177/1077
f 766/1166/1058 792/1183/1080 790/1184/1075 787/1185/1076
f 792/1182/1080 794/1186/1081 793/1187/1082 791/1181/1079
f 798/1188/1083 799/1189/1084 800/1190/1085 795/1191/1086
f 778/1172/1074 798/1188/1083 795/1191/1086 781/1169/1071
f 766/1166/1058 781/1169/1071 795/1191/1086 796/1192/1087
f 796/1192/1087 795/1191/1086 800/1190/1085 797/1145/1049
f 778/1172/1074 673/1049/974 689/1070/988 798/1188/1083
f 798/1188/1083 689/1070/988 688/1014/942 799/1189/1084
f 799/1189/1084 688/1014/942 797/1145/1049 800/1190/1085
f 792/1183/1080 766/1166/1058 803/1193/1088 804/1194/1089
f 796/1192/1087 805/1195/1090 803/1193/1088 766/1166/1058
f 797/1145/1049 806/1196/1091 805/1195/1090 796/1192/1087
f 804/1194/1089 803/1193/1088 805/1195/1090 807/1197/1092
f 806/1196/1091 808/1198/1093 807/1197/1092 805/1195/1090
f 808/1198/1093 806/1196/1091 809/1199/1094 810/1200/1095
f 794/1201/1081 792/1183/1080 804/1194/1089 807/1197/1092
f 808/1198/1093 813/1202/1096 794/1201/1081 807/1197/1092
f 808/1198/1093 810/1200/1095 812/1139/1043 813/1202/1096
f 810/1200/1095 809/1199/1094 811/1140/1044 812/1139/1043
f 797/1145/1049 811/1140/1044 809/1199/1094 806/1196/1091
f 793/1187/1082 794/1186/1081 813/1203/1096 814/1204/1097
f 815/1205/1098 814/1204/1097 813/1203/1096 812/1206/1043
f 768/1155/1059 767/1153/1057 791/1181/1079 816/1207/1099
f 769/1156/1060 768/1155/1059 816/1207/1099 817/1208/1100
f 793/1187/1082 818/1151/1055 816/1207/1099 791/1181/1079
f 814/1204/1097 819/1152/1056 818/1151/1055 793/1187/1082
f 815/1205/1098 820/1209/1101 819/1152/1056 814/1204/1097
f 770/1159/1063 769/1156/1060 817/1208/1100 821/1150/1054
f 817/1208/1100 816/1207/1099 818/1151/1055 821/1150/1054
f 765/1143/1047 763/1142/1046 769/1156/1060 770/1159/1063
f 754/1135/1039 756/1134/1038 639/1033/960 635/1009/937
f 711/1088/1003 825/1210/1102 755/1144/1048 655/1013/941
f 753/1141/1045 755/1144/1048 825/1210/1102 826/1211/1103
f 822/1138/1042 753/1141/1045 826/1211/1103 827/1212/1104
f 715/1092/1007 826/1211/1103 825/1210/1102 711/1088/1003
f 715/1092/1007 717/1094/1009 829/1213/1105 826/1211/1103
f 815/1205/1098 812/1206/1043 822/1214/1042 823/1215/1106
f 827/1212/1104 832/1216/1107 831/1217/1027 822/1138/1042
f 827/1212/1104 826/1211/1103 829/1213/1105 832/1216/1107
f 823/1215/1106 822/1214/1042 831/1117/1027 833/1116/1026
f 820/1209/1101 815/1205/1098 823/1215/1106 834/1218/1108
f 833/1116/1026 835/1219/1109 834/1218/1108 823/1215/1106
f 837/1220/1110 829/1213/1105 717/1094/1009 723/1104/1017
f 831/1217/1027 832/1216/1107 829/1213/1105 837/1220/1110
f 611/854/807 835/1219/1109 833/1116/1026 610/853/806
f 418/855/808 608/856/809 837/1221/1110 723/1105/1017
f 608/856/809 607/983/915 831/1117/1027 837/1221/1110
f 848/963/901 844/962/900 835/1219/1109 611/854/807
f 764/1149/1053 819/1152/1056 820/1209/1101 839/1222/1111
f 758/1157/1061 764/1149/1053 839/1222/1111 840/1223/1112
f 758/1157/1061 840/1223/1112 774/1165/1069 777/1158/1062
f 834/1218/1108 841/1224/1113 839/1222/1111 820/1209/1101
f 840/1223/1112 839/1222/1111 841/1224/1113 842/1225/1114
f 843/1226/1115 774/1165/1069 840/1223/1112 842/1225/1114
f 835/1219/1109 844/962/900 841/1224/1113 834/1218/1108
f 842/1225/1114 841/1224/1113 844/962/900 845/961/899
f 843/1226/1115 842/1225/1114 845/961/899 846/1227/1116
f 658/1114/1024 657/1036/963 774/1165/1069 843/1226/1115
f 846/1227/1116 733/1115/1025 658/1114/1024 843/1226/1115
f 847/960/898 612/982/914 846/1227/1116 845/961/899
f 413/851/804 733/1115/1025 846/1227/1116 612/982/914
f 3209/1228/1117 3206/1229/1118 3504/1230/1119 3502/1231/1120
f 611/854/807 771/593/556 749/605/568 848/963/901
f 752/602/565 786/601/564 612/982/914 847/960/898
f 6199/626/589 6226/619/582 609/620/583 838/625/588
f 6223/1232/545 347/531/497 338/530/496 6225/955/893
f 6198/1233/1121 6200/580/543 349/579/542 335/567/531
f 6209/622/585 336/548/514 340/572/535 6204/624/587
f 329/564/528 534/549/515 332/573/536 308/565/529
f 323/545/511 321/544/510 316/570/533 314/1234/1122
f 319/560/524 328/563/527 309/566/530 318/561/525
f 327/528/494 323/545/511 314/1234/1122 310/569/532
f 851/1235/1123 308/565/529 332/573/536 850/1236/1124
f 333/557/521 849/1237/1125 850/1236/1124 332/573/536
f 983/1238/1126 432/948/888 602/398/368 982/397/367
f 237/716/676 853/1239/1127 598/935/881 226/699/659
f 854/1240/1128 853/1239/1127 237/716/676 433/864/817
f 309/566/530 308/565/529 851/1235/1123 852/1241/1129
f 852/1241/1129 851/1235/1123 850/1236/1124 855/1242/1130
f 849/1237/1125 856/1243/1131 855/1242/1130 850/1236/1124
f 334/556/520 856/1243/1131 849/1237/1125 333/557/521
f 331/541/507 317/540/506 866/1244/1132 868/1245/1133
f 311/559/523 318/561/525 867/1246/1134 860/1247/1135
f 334/556/520 315/568/517 864/1248/1136 869/1249/1137
f 317/540/506 312/554/519 861/1250/1138 866/1244/1132
f 315/552/517 307/551/516 857/1251/1139 864/1252/1136
f 316/570/533 331/541/507 868/1245/1133 865/1253/1140
f 309/566/530 852/1241/1129 870/1254/1141 858/1255/1142
f 314/1234/1122 316/570/533 865/1253/1140 863/1256/1143
f 852/1241/1129 855/1242/1130 871/1257/1144 870/1254/1141
f 312/554/519 313/558/522 862/1258/1145 861/1250/1138
f 855/1242/1130 856/1243/1131 872/1259/1146 871/1257/1144
f 313/558/522 311/559/523 860/1247/1135 862/1258/1145
f 307/551/516 310/569/532 859/1260/1147 857/1251/1139
f 318/561/525 309/566/530 858/1255/1142 867/1246/1134
f 310/569/532 314/1234/1122 863/1256/1143 859/1260/1147
f 856/1243/1131 334/556/520 869/1249/1137 872/1259/1146
f 862/1258/1145 860/1247/1135 876/1261/1148 878/1262/1149
f 857/1251/1139 859/1260/1147 875/1263/1150 873/1264/1151
f 872/1259/1146 869/1249/1137 885/1265/1152 888/1266/1153
f 868/1245/1133 866/1244/1132 882/1267/1154 884/1268/1155
f 867/1246/1134 858/1255/1142 874/1269/1156 883/1270/1157
f 864/1252/1136 857/1251/1139 873/1264/1151 880/1271/1158
f 859/1260/1147 863/1256/1143 879/1272/1159 875/1263/1150
f 860/1247/1135 867/1246/1134 883/1270/1157 876/1261/1148
f 866/1244/1132 861/1250/1138 877/1273/1160 882/1267/1154
f 865/1253/1140 868/1245/1133 884/1268/1155 881/1274/1161
f 863/1256/1143 865/1253/1140 881/1274/1161 879/1272/1159
f 858/1255/1142 870/1254/1141 886/1275/1162 874/1269/1156
f 869/1249/1137 864/1248/1136 880/1276/1158 885/1265/1152
f 870/1254/1141 871/1257/1144 887/1277/1163 886/1275/1162
f 861/1250/1138 862/1258/1145 878/1262/1149 877/1273/1160
f 871/1257/1144 872/1259/1146 888/1266/1153 887/1277/1163
f 874/1269/1156 886/1275/1162 902/508/476 890/507/475
f 885/1265/1152 880/1276/1158 896/509/477 901/495/463
f 886/1275/1162 887/1277/1163 903/525/491 902/508/476
f 877/1273/1160 878/1262/1149 894/456/426 893/506/474
f 887/1277/1163 888/1266/1153 904/494/462 903/525/491
f 878/1262/1149 876/1261/1148 892/457/427 894/456/426
f 873/1264/1151 875/1263/1150 891/460/430 889/513/479
f 888/1266/1153 885/1265/1152 901/495/463 904/494/462
f 884/1268/1155 882/1267/1154 898/524/490 900/500/468
f 883/1270/1157 874/1269/1156 890/507/475 899/490/458
f 880/1271/1158 873/1264/1151 889/513/479 896/512/477
f 875/1263/1150 879/1272/1159 895/461/431 891/460/430
f 876/1261/1148 883/1270/1157 899/490/458 892/457/427
f 882/1267/1154 877/1273/1160 893/506/474 898/524/490
f 881/1274/1161 884/1268/1155 900/500/468 897/466/436
f 879/1272/1159 881/1274/1161 897/466/436 895/461/431
f 550/929/443 557/895/848 906/912/863 274/911/444
f 934/898/851 929/1278/615 489/665/617 494/664/625
f 557/895/848 555/438/408 911/441/411 906/912/863
f 947/655/616 950/1279/1164 484/645/606 482/644/605
f 528/485/453 530/917/867 277/881/834 908/486/454
f 949/1280/1165 931/910/862 491/435/405 493/839/797
f 497/918/868 527/472/442 281/475/445 278/902/855
f 1014/1281/1166 932/897/850 496/899/852 495/661/622
f 498/919/869 497/918/868 278/902/855 282/900/853
f 278/902/855 281/475/445 935/909/861 933/903/856
f 556/915/865 526/921/871 283/893/846 288/885/838
f 942/889/842 2964/1282/1167 1013/660/621 483/890/843
f 526/921/871 498/919/869 282/900/853 283/893/846
f 2964/1282/1167 1014/1281/1166 495/661/622 1013/660/621
f 552/503/471 554/920/870 286/891/844 264/504/472
f 939/896/849 941/888/841 492/744/704 485/657/618
f 554/920/870 529/916/866 287/884/837 286/891/844
f 264/504/472 286/891/844 938/892/845 944/1283/1168
f 529/916/866 556/915/865 288/885/838 287/884/837
f 906/912/863 911/441/411 951/924/874 946/913/864
f 551/439/409 531/484/452 272/487/455 359/440/410
f 950/1279/1164 923/519/485 488/522/488 484/645/606
f 530/917/867 553/502/470 262/505/473 277/881/834
f 262/505/473 264/504/472 944/1283/1168 925/882/835
f 483/890/843 1013/660/621 915/663/624 524/1284/1169
f 488/522/488 490/521/487 261/1285/757 267/1286/1170
f 484/645/606 488/522/488 267/1286/1170 423/646/607
f 495/661/622 496/899/852 917/927/858 916/662/623
f 492/744/704 483/890/843 524/1284/1169 912/745/705
f 406/950/889 2967/838/796 914/906/627 266/1287/626
f 263/952/890 406/951/889 266/1288/626 525/1289/608
f 423/1290/607 603/953/891 263/952/890 525/1289/608
f 267/1291/1170 604/954/892 603/953/891 423/1290/607
f 267/1291/1170 261/797/757 260/686/646 604/954/892
f 918/796/756 920/1292/1171 425/649/610 260/686/646
f 919/1293/1172 918/796/756 913/798/758 259/1294/407
f 2950/650/611 424/791/751 2956/789/749 2948/781/741
f 921/1295/1173 374/792/752 424/791/751 920/1292/1171
f 919/1293/1172 921/1295/1173 920/1292/1171 918/796/756
f 923/519/485 950/1279/1164 951/924/874 922/923/873
f 945/405/375 924/404/374 925/882/835 944/1283/1168
f 949/1280/1165 926/520/486 927/922/872 948/907/859
f 929/1278/615 934/898/851 935/909/861 928/908/860
f 947/655/616 929/654/615 928/914/860 946/913/864
f 950/1279/1164 947/655/616 946/913/864 951/924/874
f 931/910/862 949/1280/1165 948/907/859 930/883/836
f 934/898/851 932/897/850 933/903/856 935/909/861
f 932/897/850 1014/1281/1166 936/901/854 933/903/856
f 2964/1282/1167 942/889/842 943/886/839 937/894/847
f 1014/1281/1166 2964/1282/1167 937/894/847 936/901/854
f 939/896/849 945/405/375 944/1283/1168 938/892/845
f 941/888/841 939/896/849 938/892/845 940/887/840
f 942/889/842 941/888/841 940/887/840 943/886/839
f 926/520/486 923/519/485 922/923/873 927/922/872
f 924/404/374 931/910/862 930/883/836 925/882/835
f 359/440/410 272/487/455 927/922/872 922/923/873
f 909/1296/1174 910/904/857 2967/838/796 2966/692/652
f 907/1297/1175 909/1296/1174 2966/692/652 403/682/642
f 905/1298/1176 907/1297/1175 403/682/642 405/685/645
f 512/711/671 1000/1299/1177 905/1298/1176 405/685/645
f 999/946/887 1000/1299/1177 512/711/671 2968/710/670
f 284/1300/1178 285/945/886 411/944/800 409/1301/799
f 409/1301/799 579/949/798 432/948/888 284/1300/1178
f 500/639/600 952/740/700 953/642/603 499/926/876
f 241/391/361 437/872/825 265/873/826 279/389/359
f 500/639/600 258/638/599 271/741/701 952/740/700
f 257/739/699 499/926/876 953/642/603 273/635/596
f 256/633/594 257/739/699 273/635/596 275/634/595
f 251/411/381 276/415/385 275/634/595 354/637/598
f 962/419/389 250/418/388 276/415/385 964/414/384
f 222/256/227 241/391/361 279/389/359 280/258/229
f 3783/260/231 3777/257/228 280/258/229 223/261/232
f 910/904/857 2960/1302/1179 916/1303/623 917/905/858
f 2960/1302/1179 910/904/857 909/1296/1174 1015/1304/1180
f 954/1305/1181 1015/1304/1180 909/1296/1174 907/1297/1175
f 2961/1306/1182 954/1305/1181 907/1297/1175 905/1298/1176
f 1000/1299/1177 2963/1307/1183 2961/1306/1182 905/1298/1176
f 999/946/887 2962/1308/1184 2963/1307/1183 1000/1299/1177
f 258/638/599 921/1295/1173 919/1293/1172 271/741/701
f 271/741/701 919/1293/1172 259/1294/407 352/742/702
f 357/708/668 352/742/702 259/1294/407 269/1309/406
f 358/705/665 357/708/668 269/1309/406 268/1310/620
f 268/1310/620 270/1311/619 539/729/689 358/705/665
f 270/1311/619 912/1312/705 538/722/682 539/729/689
f 912/1312/705 524/1313/1169 2992/719/679 538/722/682
f 915/1314/624 1001/836/794 2992/719/679 524/1313/1169
f 258/638/599 373/641/602 374/792/752 921/1295/1173
f 2960/1302/1179 1001/836/794 915/1314/624 916/1303/623
f 510/837/795 1001/836/794 2960/1302/1179 1015/1304/1180
f 954/1305/1181 511/693/653 510/837/795 1015/1304/1180
f 2961/1306/1182 1006/694/654 511/693/653 954/1305/1181
f 1005/712/672 1006/694/654 2961/1306/1182 2963/1307/1183
f 998/723/683 1005/712/672 2963/1307/1183 2962/1308/1184
f 955/1315/1185 2962/1308/1184 999/946/887 285/945/886
f 976/1316/1186 962/419/389 964/414/384 967/1317/1187
f 546/718/678 965/1318/1188 966/866/819 547/731/691
f 246/422/392 249/417/387 963/416/386 956/423/393
f 973/1319/1189 959/434/404 966/866/819 978/928/877
f 546/718/678 254/717/677 2995/1320/1190 965/1318/1188
f 974/1321/1191 960/413/383 959/434/404 973/1319/1189
f 2219/1322/1192 2207/426/396 958/429/399 971/1323/1193
f 994/1324/1194 993/424/394 957/420/390 970/1325/1195
f 970/1325/1195 957/420/390 956/423/393 969/875/828
f 977/876/829 963/416/386 962/419/389 976/1316/1186
f 967/1317/1187 964/414/384 961/410/380 975/1326/1196
f 975/1326/1196 961/410/380 960/413/383 974/1321/1191
f 2965/1327/1197 998/723/683 2962/1308/1184 955/1315/1185
f 998/723/683 2965/1327/1197 2995/1320/1190 254/717/677
f 436/874/827 975/1326/1196 974/1321/1191 435/867/820
f 265/873/826 967/1317/1187 975/1326/1196 436/874/827
f 438/409/379 977/876/829 976/1316/1186 437/872/825
f 428/871/824 970/1325/1195 969/875/828 427/408/378
f 990/870/823 994/1324/1194 970/1325/1195 428/871/824
f 2181/868/821 2219/1322/1192 971/1323/1193 429/869/822
f 435/867/820 974/1321/1191 973/1319/1189 434/266/237
f 434/266/237 973/1319/1189 978/928/877 548/267/238
f 437/872/825 976/1316/1186 967/1317/1187 265/873/826
f 965/1318/1188 968/862/815 978/928/877 966/866/819
f 956/423/393 963/416/386 977/876/829 969/875/828
f 965/1318/1188 2995/1320/1190 972/863/816 968/862/815
f 979/1328/1198 854/1240/1128 433/864/817 972/863/816
f 972/863/816 2995/1320/1190 2965/1327/1197 979/1328/1198
f 980/1329/1199 979/1328/1198 2965/1327/1197 955/1315/1185
f 284/1300/1178 980/1329/1199 955/1315/1185 285/945/886
f 854/1240/1128 983/1238/1126 982/397/367 853/1239/1127
f 3851/934/880 598/935/881 981/399/369 3856/933/879
f 853/1239/1127 982/397/367 981/399/369 598/935/881
f 983/1238/1126 980/1329/1199 284/1300/1178 432/948/888
f 979/1328/1198 980/1329/1199 983/1238/1126 854/1240/1128
f 429/869/822 971/1323/1193 994/1324/1194 990/870/823
f 971/1323/1193 958/429/399 993/424/394 994/1324/1194
f 521/770/730 991/768/728 992/760/720 520/765/725
f 245/396/366 429/869/822 990/870/823 985/394/364
f 2949/782/742 2955/790/750 1016/787/747 2951/783/743
f 2955/790/750 391/786/746 1017/771/731 1016/787/747
f 389/774/734 2949/782/742 2951/783/743 2943/778/738
f 3806/775/735 389/774/734 2943/778/738 3858/777/737
f 391/786/746 387/766/726 989/759/719 1017/771/731
f 521/770/730 385/758/718 988/757/717 991/768/728
f 387/766/726 520/765/725 992/760/720 989/759/719
f 385/758/718 369/734/694 987/735/695 988/757/717
f 248/428/398 370/736/696 987/735/695 986/425/395
f 958/429/399 248/428/398 986/425/395 993/424/394
f 218/364/335 245/396/366 985/394/364 984/247/218
f 218/364/335 984/247/218 3857/250/221 3778/365/336
f 2904/1330/1200 2903/1331/1201 1037/1332/1202 1038/1333/1203
f 1043/1334/1204 1044/1335/1205 2044/1336/1206 1020/1337/1207
f 1028/1338/1208 2906/1339/1209 1021/1340/1210 1029/1341/1211
f 1030/1342/1212 1022/1343/1213 2907/1344/1214 1031/1345/1215
f 1033/1346/1216 1027/1347/1217 2056/1348/1218 1122/1349/1219
f 1034/1350/1220 1024/1351/1221 1049/1352/1222 1048/1353/1223
f 1123/1354/1224 1032/1355/1225 1026/1356/1226 1120/1357/1227
f 1033/1346/1216 1034/1358/1220 2046/1359/1228 1027/1347/1217
f 1038/1360/1203 1037/1361/1202 1035/1362/1229 1036/1363/1230
f 1040/1364/1231 1039/1365/1232 2902/1366/1233 2047/1367/1234
f 1059/1368/1235 1060/1369/1236 1061/1370/1237 2826/1371/1238
f 2826/1371/1238 1061/1370/1237 2160/1372/1239 2053/1373/1240
f 1070/1374/1241 1069/1375/1242 1051/1376/1243 1052/1377/1244
f 1068/1378/1245 1050/1379/1246 1051/1376/1243 1069/1375/1242
f 1067/1380/1247 1049/1352/1222 1050/1379/1246 1068/1378/1245
f 1038/1360/1203 1036/1363/1230 2902/1366/1233 1039/1365/1232
f 2046/1359/1228 1034/1358/1220 1048/1381/1223 1047/1382/1248
f 1032/1383/1225 1123/1384/1224 1121/1385/1249 1023/1386/1250
f 1031/1387/1215 2901/1388/1251 2900/1389/1252 1030/1390/1212
f 1044/1391/1205 1043/1392/1204 2050/1393/1253 2051/1394/1254
f 1029/1395/1211 1030/1390/1212 2900/1389/1252 2899/1396/1255
f 1021/1340/1210 1022/1343/1213 1030/1342/1212 1029/1341/1211
f 2044/1336/1206 1044/1335/1205 1064/1397/1256 1060/1369/1236
f 1043/1334/1204 1020/1337/1207 2043/1398/1257 1042/1399/1258
f 2905/1400/1259 2904/1330/1200 1038/1333/1203 1039/1401/1232
f 1065/1402/1260 1063/1403/1261 2054/1404/1262 1073/1405/1263
f 1062/1406/1264 1063/1403/1261 1065/1402/1260 1064/1407/1256
f 2160/1372/1239 1061/1370/1237 1065/1408/1260 1073/1409/1263
f 1061/1370/1237 1060/1369/1236 1064/1397/1256 1065/1408/1260
f 1058/1410/1265 2826/1371/1238 2053/1373/1240 2159/1411/1266
f 1072/1412/1267 1057/1413/1268 1058/1410/1265 2159/1411/1266
f 1056/1414/1269 1059/1368/1235 2826/1371/1238 1058/1410/1265
f 1057/1413/1268 1055/1415/1270 1056/1414/1269 1058/1410/1265
f 2052/1416/1271 1047/1382/1248 1048/1381/1223 1066/1417/1272
f 1067/1380/1247 1066/1418/1272 1048/1353/1223 1049/1352/1222
f 1077/1419/1273 2052/1416/1271 1066/1417/1272 1078/1420/1274
f 1090/1421/1275 1083/1422/1276 1084/1423/1277 1091/1424/1278
f 1089/1425/1279 1082/1426/1280 1083/1422/1276 1090/1421/1275
f 1088/1427/1281 1081/1428/1282 1082/1426/1280 1089/1425/1279
f 1078/1429/1274 1066/1418/1272 1067/1380/1247 1080/1430/1283
f 1087/1431/1284 1080/1432/1283 1081/1428/1282 1088/1427/1281
f 1080/1430/1283 1067/1380/1247 1068/1378/1245 1081/1433/1282
f 1073/1405/1263 2054/1404/1262 1079/1434/1285 2855/1435/1286
f 2905/1400/1259 1039/1401/1232 1040/1436/1231 1018/1437/1287
f 1019/1438/1288 1018/1437/1287 1040/1436/1231 1041/1439/1289
f 1052/1377/1244 1053/1440/1290 1071/1441/1291 1070/1374/1241
f 1041/1439/1289 1042/1399/1258 2043/1398/1257 1019/1438/1288
f 1040/1364/1231 2047/1367/1234 2048/1442/1292 1041/1443/1289
f 1042/1444/1258 1041/1443/1289 2048/1442/1292 2049/1445/1293
f 1042/1444/1258 2049/1445/1293 2050/1393/1253 1043/1392/1204
f 1046/1446/1294 1055/1415/1270 1057/1413/1268 1054/1447/1295
f 2158/1448/1296 1054/1447/1295 1057/1413/1268 1072/1412/1267
f 1054/1447/1295 2158/1448/1296 1071/1441/1291 1053/1440/1290
f 1122/1449/1219 2055/1450/1297 2045/1451/1298 1033/1452/1216
f 1045/1453/1299 1046/1446/1294 1054/1447/1295 1053/1440/1290
f 1092/1454/1300 1087/1431/1284 1088/1427/1281 1093/1455/1301
f 1094/1456/1302 1089/1425/1279 1090/1421/1275 1095/1457/1303
f 1092/1454/1300 1093/1455/1301 4902/1458/1304 4901/1459/1305
f 1095/1457/1303 1090/1421/1275 1091/1424/1278 2178/1460/1306
f 1093/1455/1301 1088/1427/1281 1089/1425/1279 1094/1456/1302
f 2051/1394/1254 1062/1406/1264 1064/1407/1256 1044/1391/1205
f 1034/1350/1220 1033/1452/1216 2045/1451/1298 1024/1351/1221
f 1028/1461/1208 1029/1395/1211 2899/1396/1255 1025/1462/1307
f 1068/1378/1245 1069/1375/1242 1082/1463/1280 1081/1433/1282
f 1082/1463/1280 1069/1375/1242 1070/1374/1241 1083/1464/1276
f 2160/1372/1239 1073/1409/1263 2855/1465/1286 2828/1466/1308
f 1085/1467/1309 1084/1468/1277 1071/1441/1291 2158/1448/1296
f 1083/1464/1276 1070/1374/1241 1071/1441/1291 1084/1468/1277
f 4904/1469/1310 1095/1457/1303 2178/1460/1306 4905/1470/1311
f 4903/1471/1312 4902/1458/1304 1093/1455/1301 1094/1456/1302
f 4903/1471/1312 1094/1456/1302 1095/1457/1303 4904/1469/1310
f 1022/1343/1213 1021/1340/1210 1103/1472/1313 1107/1473/1314
f 1103/1472/1313 1102/1474/1315 1106/1475/1316 1107/1473/1314
f 1102/1474/1315 1101/1476/1317 1105/1477/1318 1106/1475/1316
f 1101/1476/1317 1100/1478/1319 1104/1479/1320 1105/1477/1318
f 2905/1400/1259 1104/1479/1320 1100/1478/1319 2904/1330/1200
f 2902/1366/1233 1036/1363/1230 1099/1480/1321 1111/1481/1322
f 1099/1480/1321 1098/1482/1323 1110/1483/1324 1111/1481/1322
f 1098/1482/1323 1097/1484/1325 1109/1485/1326 1110/1483/1324
f 1097/1484/1325 1096/1486/1327 1108/1487/1328 1109/1485/1326
f 2900/1389/1252 1108/1487/1328 1096/1486/1327 2899/1396/1255
f 2047/1367/1234 2902/1366/1233 1111/1481/1322 1115/1488/1329
f 1111/1481/1322 1110/1483/1324 1114/1489/1330 1115/1488/1329
f 1110/1483/1324 1109/1485/1326 1113/1490/1331 1114/1489/1330
f 1109/1485/1326 1108/1487/1328 1112/1491/1332 1113/1490/1331
f 2901/1388/1251 1112/1491/1332 1108/1487/1328 2900/1389/1252
f 2907/1344/1214 1022/1343/1213 1107/1473/1314 1119/1492/1333
f 1107/1473/1314 1106/1475/1316 1118/1493/1334 1119/1492/1333
f 1106/1475/1316 1105/1477/1318 1117/1494/1335 1118/1493/1334
f 1105/1477/1318 1104/1479/1320 1116/1495/1336 1117/1494/1335
f 1018/1437/1287 1116/1495/1336 1104/1479/1320 2905/1400/1259
f 1123/1354/1224 1120/1357/1227 2055/1450/1297 1122/1449/1219
f 1121/1385/1249 1123/1384/1224 1122/1349/1219 2056/1348/1218
f 1032/1355/1225 1031/1345/1215 2907/1344/1214 1026/1356/1226
f 1031/1387/1215 1032/1383/1225 1023/1386/1250 2901/1388/1251
f 1035/1362/1229 1124/1496/1337 1099/1480/1321 1036/1363/1230
f 1096/1486/1327 1125/1497/1338 1025/1462/1307 2899/1396/1255
f 1124/1496/1337 1127/1498/1339 1098/1482/1323 1099/1480/1321
f 1098/1482/1323 1127/1498/1339 1126/1499/1340 1097/1484/1325
f 1125/1497/1338 1096/1486/1327 1097/1484/1325 1126/1499/1340
f 1025/1462/1307 1125/1497/1338 1126/1499/1340 1129/1500/1341
f 1128/1501/1342 1129/1500/1341 1126/1499/1340 1127/1498/1339
f 1035/1362/1229 1128/1501/1342 1127/1498/1339 1124/1496/1337
f 1037/1361/1202 1131/1502/1343 1128/1501/1342 1035/1362/1229
f 1128/1501/1342 1131/1502/1343 1130/1503/1344 1129/1500/1341
f 1028/1461/1208 1025/1462/1307 1129/1500/1341 1130/1503/1344
f 2906/1339/1209 1133/1504/1345 1103/1472/1313 1021/1340/1210
f 2903/1331/1201 2904/1330/1200 1100/1478/1319 1132/1505/1346
f 1102/1474/1315 1103/1472/1313 1133/1504/1345 1135/1506/1347
f 1102/1474/1315 1135/1506/1347 1134/1507/1348 1101/1476/1317
f 1101/1476/1317 1134/1507/1348 1132/1505/1346 1100/1478/1319
f 2906/1339/1209 1136/1508/1349 1135/1506/1347 1133/1504/1345
f 1136/1508/1349 2908/1509/1350 1134/1507/1348 1135/1506/1347
f 2903/1331/1201 1132/1505/1346 1134/1507/1348 2908/1509/1350
f 2903/1331/1201 2908/1509/1350 1131/1510/1343 1037/1332/1202
f 1130/1511/1344 1131/1510/1343 2908/1509/1350 1136/1508/1349
f 2906/1339/1209 1028/1338/1208 1130/1511/1344 1136/1508/1349
f 2052/1416/1271 1077/1419/1273 2895/1512/1351 1137/1513/1352
f 1047/1382/1248 2052/1416/1271 1137/1513/1352 2897/1514/1353
f 2046/1359/1228 1047/1382/1248 2897/1514/1353 1138/1515/1354
f 1027/1347/1217 2046/1359/1228 1138/1515/1354 2057/1516/1355
f 2056/1348/1218 1027/1347/1217 2057/1516/1355 2898/1517/1356
f 1121/1385/1249 2056/1348/1218 2898/1517/1356 1139/1518/1357
f 1023/1386/1250 1121/1385/1249 1139/1518/1357 2896/1519/1358
f 1112/1491/1332 2901/1388/1251 1023/1386/1250 2896/1519/1358
f 1024/1351/1221 1142/1520/1359 1050/1379/1246 1049/1352/1222
f 1050/1379/1246 1142/1520/1359 1141/1521/1360 1051/1376/1243
f 1051/1376/1243 1141/1521/1360 1140/1522/1361 1052/1377/1244
f 1045/1453/1299 1053/1440/1290 1052/1377/1244 1140/1522/1361
f 2044/1336/1206 1060/1369/1236 1059/1368/1235 2058/1523/1362
f 1056/1414/1269 1143/1524/1363 2058/1523/1362 1059/1368/1235
f 1055/1415/1270 1144/1525/1364 1143/1524/1363 1056/1414/1269
f 1046/1446/1294 1149/1526/1365 1144/1525/1364 1055/1415/1270
f 1046/1446/1294 1045/1453/1299 1148/1527/1366 1149/1526/1365
f 1045/1453/1299 1140/1522/1361 1147/1528/1367 1148/1527/1366
f 1140/1522/1361 1141/1521/1360 1146/1529/1368 1147/1528/1367
f 1141/1521/1360 1142/1520/1359 1145/1530/1369 1146/1529/1368
f 2045/1451/1298 1145/1530/1369 1142/1520/1359 1024/1351/1221
f 1150/1531/1370 2909/1532/1371 1079/1434/1285 2054/1404/1262
f 1074/1533/1372 2909/1532/1371 1150/1531/1370 1152/1534/1373
f 1153/1535/1374 1151/1536/1375 1074/1533/1372 1152/1534/1373
f 1137/1513/1352 2895/1512/1351 2996/1537/1376 2997/1538/1377
f 2996/1537/1376 1076/1539/1378 1154/1540/1379 2997/1538/1377
f 1153/1535/1374 1157/1541/1380 1159/1542/1381 1154/1540/1379
f 1075/1543/1382 2896/1519/1358 1139/1518/1357 1155/1544/1383
f 2897/1514/1353 1137/1513/1352 2997/1538/1377 2998/1545/1384
f 2997/1538/1377 1154/1540/1379 1159/1542/1381 2998/1545/1384
f 1160/1546/1385 1159/1542/1381 1157/1541/1380 1161/1547/1386
f 1139/1518/1357 2898/1517/1356 1158/1548/1387 1155/1544/1383
f 1153/1535/1374 1152/1534/1373 1156/1549/1388 1157/1541/1380
f 1152/1534/1373 1150/1531/1370 2910/1550/1389 1156/1549/1388
f 1063/1403/1261 2910/1550/1389 1150/1531/1370 2054/1404/1262
f 1062/1406/1264 2911/1551/1390 2910/1550/1389 1063/1403/1261
f 2910/1550/1389 2911/1551/1390 1162/1552/1391 1156/1549/1388
f 1156/1549/1388 1162/1552/1391 1161/1547/1386 1157/1541/1380
f 2057/1516/1355 1138/1515/1354 2999/1553/1392 3000/1554/1393
f 2898/1517/1356 2057/1516/1355 3000/1554/1393 1158/1548/1387
f 1159/1542/1381 1160/1546/1385 2999/1553/1392 2998/1545/1384
f 1138/1515/1354 2897/1514/1353 2998/1545/1384 2999/1553/1392
f 2048/1442/1292 2047/1367/1234 1115/1488/1329 2914/1555/1394
f 2048/1442/1292 2914/1555/1394 2913/1556/1395 2049/1445/1293
f 2049/1445/1293 2913/1556/1395 1163/1557/1396 2050/1393/1253
f 2050/1393/1253 1163/1557/1396 2912/1558/1397 2051/1394/1254
f 2051/1394/1254 2912/1558/1397 2911/1551/1390 1062/1406/1264
f 1019/1438/1288 1166/1559/1398 1116/1495/1336 1018/1437/1287
f 1019/1438/1288 2043/1398/1257 1165/1560/1399 1166/1559/1398
f 2043/1398/1257 1020/1337/1207 1164/1561/1400 1165/1560/1399
f 1020/1337/1207 2044/1336/1206 2058/1523/1362 1164/1561/1400
f 2055/1450/1297 1167/1562/1401 1145/1530/1369 2045/1451/1298
f 1120/1357/1227 1168/1563/1402 1167/1562/1401 2055/1450/1297
f 1026/1356/1226 1169/1564/1403 1168/1563/1402 1120/1357/1227
f 1026/1356/1226 2907/1344/1214 1119/1492/1333 1169/1564/1403
f 1076/1539/1378 1151/1536/1375 1153/1535/1374 1154/1540/1379
f 1112/1491/1332 2896/1519/1358 1075/1543/1382 1170/1565/1404
f 1113/1490/1331 1112/1491/1332 1170/1565/1404 1171/1566/1405
f 1114/1489/1330 1113/1490/1331 1171/1566/1405 1172/1567/1406
f 1115/1488/1329 1114/1489/1330 1172/1567/1406 1173/1568/1407
f 2914/1555/1394 1115/1488/1329 1173/1568/1407 1174/1569/1408
f 2913/1556/1395 2914/1555/1394 1174/1569/1408 1175/1570/1409
f 1163/1557/1396 2913/1556/1395 1175/1570/1409 1176/1571/1410
f 2912/1558/1397 1163/1557/1396 1176/1571/1410 1177/1572/1411
f 1162/1552/1391 2911/1551/1390 2912/1558/1397 1177/1572/1411
f 1160/1546/1385 1179/1573/1412 3000/1554/1393 2999/1553/1392
f 1160/1546/1385 1161/1547/1386 1178/1574/1413 1179/1573/1412
f 1161/1547/1386 1162/1552/1391 1177/1572/1411 1178/1574/1413
f 1158/1548/1387 3000/1554/1393 1179/1573/1412 1181/1575/1414
f 1179/1573/1412 1178/1574/1413 1180/1576/1415 1181/1575/1414
f 1176/1571/1410 1180/1576/1415 1178/1574/1413 1177/1572/1411
f 1155/1544/1383 1158/1548/1387 1181/1575/1414 1183/1577/1416
f 1181/1575/1414 1180/1576/1415 1182/1578/1417 1183/1577/1416
f 1175/1570/1409 1182/1578/1417 1180/1576/1415 1176/1571/1410
f 1075/1543/1382 1155/1544/1383 1183/1577/1416 1185/1579/1418
f 1183/1577/1416 1182/1578/1417 1184/1580/1419 1185/1579/1418
f 1174/1569/1408 1184/1580/1419 1182/1578/1417 1175/1570/1409
f 1172/1567/1406 1184/1580/1419 1174/1569/1408 1173/1568/1407
f 1171/1566/1405 1185/1579/1418 1184/1580/1419 1172/1567/1406
f 1171/1566/1405 1170/1565/1404 1075/1543/1382 1185/1579/1418
f 1146/1529/1368 1145/1530/1369 1167/1562/1401 1195/1581/1420
f 1167/1562/1401 1168/1563/1402 1194/1582/1421 1195/1581/1420
f 1168/1563/1402 1169/1564/1403 1193/1583/1422 1194/1582/1421
f 1169/1564/1403 1119/1492/1333 1192/1584/1423 1193/1583/1422
f 1119/1492/1333 1118/1493/1334 1191/1585/1424 1192/1584/1423
f 1118/1493/1334 1117/1494/1335 1190/1586/1425 1191/1585/1424
f 1117/1494/1335 1116/1495/1336 1189/1587/1426 1190/1586/1425
f 1116/1495/1336 1166/1559/1398 1188/1588/1427 1189/1587/1426
f 1166/1559/1398 1165/1560/1399 1187/1589/1428 1188/1588/1427
f 1165/1560/1399 1164/1561/1400 1186/1590/1429 1187/1589/1428
f 1143/1524/1363 1186/1590/1429 1164/1561/1400 2058/1523/1362
f 1147/1528/1367 1146/1529/1368 1195/1581/1420 1199/1591/1430
f 1147/1528/1367 1199/1591/1430 1198/1592/1431 1148/1527/1366
f 1148/1527/1366 1198/1592/1431 1197/1593/1432 1149/1526/1365
f 1149/1526/1365 1197/1593/1432 1196/1594/1433 1144/1525/1364
f 1144/1525/1364 1196/1594/1433 1186/1590/1429 1143/1524/1363
f 1201/1595/1434 1197/1593/1432 1198/1592/1431 1200/1596/1435
f 1187/1589/1428 1186/1590/1429 1196/1594/1433 1202/1597/1436
f 1196/1594/1433 1197/1593/1432 1201/1595/1434 1202/1597/1436
f 1194/1582/1421 1204/1598/1437 1199/1591/1430 1195/1581/1420
f 1199/1591/1430 1204/1598/1437 1200/1596/1435 1198/1592/1431
f 1200/1596/1435 1204/1598/1437 1202/1597/1436 1201/1595/1434
f 1193/1583/1422 1205/1599/1438 1204/1598/1437 1194/1582/1421
f 1204/1598/1437 1205/1599/1438 1203/1600/1439 1202/1597/1436
f 1188/1588/1427 1187/1589/1428 1202/1597/1436 1203/1600/1439
f 1191/1585/1424 1205/1599/1438 1193/1583/1422 1192/1584/1423
f 1191/1585/1424 1190/1586/1425 1203/1600/1439 1205/1599/1438
f 1188/1588/1427 1203/1600/1439 1190/1586/1425 1189/1587/1426
f 1206/1601/1440 2858/1602/1441 2855/1603/1286 1079/1604/1285
f 2909/1605/1371 1207/1606/1442 1206/1601/1440 1079/1604/1285
f 1074/1607/1372 2859/1608/1443 1207/1606/1442 2909/1605/1371
f 1151/1609/1375 1208/1610/1444 2859/1608/1443 1074/1607/1372
f 1076/1611/1378 1209/1612/1445 1208/1610/1444 1151/1609/1375
f 2996/1613/1376 2860/1614/1446 1209/1612/1445 1076/1611/1378
f 2895/1615/1351 1210/1616/1447 2860/1614/1446 2996/1613/1376
f 1077/1617/1273 1211/1618/1448 1210/1616/1447 2895/1615/1351
f 2866/1619/1449 1211/1618/1448 1077/1617/1273 1078/1620/1274
f 1078/1620/1274 1080/1432/1283 1087/1431/1284 1212/1621/1450
f 1092/1454/1300 1213/1622/1451 1212/1621/1450 1087/1431/1284
f 4901/1459/1305 4906/1623/1452 1213/1622/1451 1092/1454/1300
f 2866/1619/1449 1078/1620/1274 1212/1621/1450 1214/1624/1453
f 1213/1622/1451 1215/1625/1454 1214/1624/1453 1212/1621/1450
f 4906/1623/1452 5858/1626/1455 1215/1625/1454 1213/1622/1451
f 1086/1627/1456 2855/1603/1286 2858/1602/1441 2861/1628/1457
f 1218/1629/1458 1217/1630/1459 1224/1631/1460 1533/1632/1461
f 4960/1633/1462 1881/1634/1463 1217/1630/1459 4907/1635/1464
f 4909/1636/1465 4908/1637/1466 1218/1629/1458 1219/1638/1467
f 4957/1639/1468 4909/1636/1465 1219/1638/1467 1844/1640/1469
f 4911/1641/1470 4910/1642/1471 1220/1643/1472 1221/1644/1473
f 4959/1645/1474 4911/1641/1470 1221/1644/1473 1879/1646/1475
f 1271/1647/1476 1247/1648/1477 1225/1649/1478 1248/1650/1479
f 1246/1651/1480 1289/1652/1481 1290/1653/1482 1247/1648/1477
f 1246/1651/1480 1270/1654/1483 1269/1655/1484 1245/1656/1485
f 1245/1656/1485 1269/1655/1484 1268/1657/1486 1244/1658/1487
f 1244/1658/1487 1268/1657/1486 1267/1659/1488 1243/1660/1489
f 1243/1660/1489 1267/1659/1488 1266/1661/1490 1242/1662/1491
f 1242/1662/1491 1266/1661/1490 1265/1663/1492 1241/1664/1493
f 1241/1664/1493 1265/1663/1492 1264/1665/1494 1240/1666/1495
f 1240/1666/1495 1264/1665/1494 1263/1667/1496 1239/1668/1497
f 1239/1668/1497 1263/1667/1496 1262/1669/1498 1238/1670/1499
f 1238/1670/1499 1262/1669/1498 1261/1671/1500 1237/1672/1501
f 1237/1672/1501 1261/1671/1500 1260/1673/1502 1236/1674/1503
f 1236/1674/1503 1260/1673/1502 1259/1675/1504 1235/1676/1505
f 1235/1676/1505 1259/1675/1504 1258/1677/1506 1234/1678/1507
f 1234/1678/1507 1233/1679/1508 1276/1680/1509 1277/1681/1510
f 2882/1682/1511 2887/1683/1512 1953/1684/1513 2891/1685/1514
f 1233/1679/1508 1256/1686/1515 1255/1687/1516 1232/1688/1517
f 1232/1688/1517 1255/1687/1516 1254/1689/1518 1231/1690/1519
f 1231/1690/1519 1254/1689/1518 1253/1691/1520 1230/1692/1521
f 1230/1692/1521 1253/1691/1520 1252/1693/1522 1229/1694/1523
f 1229/1694/1523 1252/1693/1522 1251/1695/1524 1228/1696/1525
f 1228/1696/1525 1251/1695/1524 1250/1697/1526 1227/1698/1527
f 1295/1699/1528 1296/1700/1529 1249/1701/1530 1226/1702/1531
f 1226/1702/1531 1249/1701/1530 1248/1650/1479 1225/1649/1478
f 1294/1703/1532 1293/1704/1533 1226/1702/1531 1225/1649/1478
f 1295/1699/1528 1297/1705/1534 1292/1706/1535 1227/1698/1527
f 1227/1698/1527 1292/1706/1535 1291/1707/1536 1228/1696/1525
f 1228/1696/1525 1291/1707/1536 1272/1708/1537 1229/1694/1523
f 1230/1692/1521 1229/1694/1523 1272/1708/1537 1273/1709/1538
f 1231/1690/1519 1230/1692/1521 1273/1709/1538 1274/1710/1539
f 1232/1688/1517 1231/1690/1519 1274/1710/1539 1275/1711/1540
f 1233/1679/1508 1232/1688/1517 1275/1711/1540 1276/1680/1509
f 1258/1677/1506 1304/1712/1541 1302/1713/1542 1256/1686/1515
f 1945/1714/1543 2875/1715/1544 2882/1682/1511 1955/1716/1545
f 1235/1676/1505 1234/1678/1507 1277/1681/1510 1278/1717/1546
f 1236/1674/1503 1235/1676/1505 1278/1717/1546 1279/1718/1547
f 1237/1672/1501 1236/1674/1503 1279/1718/1547 1280/1719/1548
f 1238/1670/1499 1237/1672/1501 1280/1719/1548 1281/1720/1549
f 1239/1668/1497 1238/1670/1499 1281/1720/1549 1282/1721/1550
f 1240/1666/1495 1239/1668/1497 1282/1721/1550 1283/1722/1551
f 1241/1664/1493 1240/1666/1495 1283/1722/1551 1284/1723/1552
f 1242/1662/1491 1241/1664/1493 1284/1723/1552 1285/1724/1553
f 1243/1660/1489 1242/1662/1491 1285/1724/1553 1286/1725/1554
f 1244/1658/1487 1243/1660/1489 1286/1725/1554 1287/1726/1555
f 1245/1656/1485 1244/1658/1487 1287/1726/1555 1288/1727/1556
f 1246/1651/1480 1245/1656/1485 1288/1727/1556 1289/1652/1481
f 1315/1728/1557 1270/1654/1483 1271/1647/1476 1316/1729/1558
f 1225/1649/1478 1247/1648/1477 1290/1653/1482 1294/1703/1532
f 1226/1702/1531 1293/1704/1533 1297/1705/1534 1295/1699/1528
f 1227/1698/1527 1250/1697/1526 1296/1700/1529 1295/1699/1528
f 1254/1689/1518 1300/1730/1559 1298/1731/1560 1253/1691/1520
f 1255/1687/1516 1301/1732/1561 1300/1730/1559 1254/1689/1518
f 1256/1686/1515 1302/1713/1542 1301/1732/1561 1255/1687/1516
f 1277/1733/1510 1276/1734/1509 1327/1735/1562 1329/1736/1563
f 2882/1682/1511 2875/1715/1544 2063/1737/1564 2887/1683/1512
f 1259/1675/1504 1305/1738/1565 1304/1712/1541 1258/1677/1506
f 1260/1673/1502 1306/1739/1566 1305/1738/1565 1259/1675/1504
f 1261/1671/1500 1307/1740/1567 1306/1739/1566 1260/1673/1502
f 1262/1669/1498 1308/1741/1568 1307/1740/1567 1261/1671/1500
f 1263/1667/1496 1309/1742/1569 1308/1741/1568 1262/1669/1498
f 1264/1665/1494 1310/1743/1570 1309/1742/1569 1263/1667/1496
f 1265/1663/1492 1311/1744/1571 1310/1743/1570 1264/1665/1494
f 1266/1661/1490 1299/1745/1572 1311/1744/1571 1265/1663/1492
f 1267/1659/1488 1312/1746/1573 1299/1745/1572 1266/1661/1490
f 1268/1657/1486 1313/1747/1574 1312/1746/1573 1267/1659/1488
f 1269/1655/1484 1314/1748/1575 1313/1747/1574 1268/1657/1486
f 1270/1654/1483 1315/1728/1557 1314/1748/1575 1269/1655/1484
f 1289/1749/1481 1341/1750/1576 1342/1751/1577 1290/1752/1482
f 1252/1693/1522 1253/1691/1520 1298/1731/1560 1317/1753/1578
f 1251/1695/1524 1252/1693/1522 1317/1753/1578 1318/1754/1579
f 1250/1697/1526 1251/1695/1524 1318/1754/1579 1319/1755/1580
f 1320/1756/1581 1296/1700/1529 1250/1697/1526 1319/1755/1580
f 1321/1757/1582 1249/1701/1530 1296/1700/1529 1320/1756/1581
f 1248/1650/1479 1249/1701/1530 1321/1757/1582 1322/1758/1583
f 1271/1647/1476 1248/1650/1479 1322/1758/1583 1316/1729/1558
f 1280/1759/1548 1279/1760/1547 1331/1761/1584 1332/1762/1585
f 1272/1763/1537 1291/1764/1536 1343/1765/1586 1323/1766/1587
f 1281/1767/1549 1280/1759/1548 1332/1762/1585 1333/1768/1588
f 1291/1764/1536 1292/1769/1535 1344/1770/1589 1343/1765/1586
f 1282/1771/1550 1281/1767/1549 1333/1768/1588 1334/1772/1590
f 1297/1773/1534 1293/1774/1533 1345/1775/1591 1347/1776/1592
f 1283/1777/1551 1282/1771/1550 1334/1772/1590 1335/1778/1593
f 1293/1774/1533 1294/1779/1532 1346/1780/1594 1345/1775/1591
f 1284/1781/1552 1283/1777/1551 1335/1778/1593 1336/1782/1595
f 1290/1752/1482 1342/1751/1577 1346/1780/1594 1294/1779/1532
f 1285/1783/1553 1284/1781/1552 1336/1782/1595 1337/1784/1596
f 1273/1785/1538 1272/1763/1537 1323/1766/1587 1324/1786/1597
f 1286/1787/1554 1285/1783/1553 1337/1784/1596 1338/1788/1598
f 1274/1789/1539 1273/1785/1538 1324/1786/1597 1325/1790/1599
f 1287/1791/1555 1286/1787/1554 1338/1788/1598 1339/1792/1600
f 1275/1793/1540 1274/1789/1539 1325/1790/1599 1326/1794/1601
f 1288/1795/1556 1287/1791/1555 1339/1792/1600 1340/1796/1602
f 1276/1734/1509 1275/1793/1540 1326/1794/1601 1327/1735/1562
f 1292/1769/1535 1297/1773/1534 1347/1776/1592 1344/1770/1589
f 1289/1749/1481 1288/1795/1556 1340/1796/1602 1341/1750/1576
f 1329/1736/1563 1327/1735/1562 1350/1797/1603
f 1303/1798/1604 1328/1799/1605 1422/1800/1606 1423/1801/1607
f 1278/1802/1546 1277/1733/1510 1329/1736/1563 1330/1803/1608
f 1341/1750/1576 1357/1804/1609 1358/1805/1610 1342/1751/1577
f 1279/1760/1547 1278/1802/1546 1330/1803/1608 1331/1761/1584
f 1347/1776/1592 1345/1775/1591 1360/1806/1611
f 1335/1778/1593 1334/1772/1590 1354/1807/1612
f 1345/1775/1591 1346/1780/1594 1361/1808/1613 1360/1806/1611
f 1336/1782/1595 1335/1778/1593 1354/1807/1612 1355/1809/1614
f 1337/1784/1596 1336/1782/1595 1355/1809/1614
f 1324/1786/1597 1323/1766/1587 1348/1810/1615
f 1338/1788/1598 1337/1784/1596 1355/1809/1614 1356/1811/1616
f 1325/1790/1599 1324/1786/1597 1348/1810/1615 1349/1812/1617
f 1344/1770/1589 1347/1776/1592 1360/1806/1611 1359/1813/1618
f 1339/1792/1600 1338/1788/1598 1356/1811/1616
f 1326/1794/1601 1325/1790/1599 1349/1812/1617
f 1340/1796/1602 1339/1792/1600 1356/1811/1616 1357/1804/1609
f 1327/1735/1562 1326/1794/1601 1349/1812/1617 1350/1797/1603
f 1341/1750/1576 1340/1796/1602 1357/1804/1609
f 1302/1713/1542 1304/1712/1541 1368/1814/1619 1366/1815/1620
f 1328/1799/1605 1351/1816/1621 1421/1817/1622 1422/1800/1606
f 1330/1803/1608 1329/1736/1563 1350/1797/1603 1352/1818/1623
f 1315/1728/1557 1316/1729/1558 1380/1819/1624 1379/1820/1625
f 1331/1761/1584 1330/1803/1608 1352/1818/1623
f 1332/1762/1585 1331/1761/1584 1352/1818/1623 1353/1821/1626
f 1323/1766/1587 1343/1765/1586 1359/1813/1618 1348/1810/1615
f 1333/1768/1588 1332/1762/1585 1353/1821/1626
f 1343/1765/1586 1344/1770/1589 1359/1813/1618
f 1334/1772/1590 1333/1768/1588 1353/1821/1626 1354/1807/1612
f 1312/1746/1573 1313/1747/1574 1377/1822/1627 1376/1823/1628
f 1298/1731/1560 1300/1730/1559 1364/1824/1629 1362/1825/1630
f 1313/1747/1574 1314/1748/1575 1378/1826/1631 1377/1822/1627
f 1300/1730/1559 1301/1732/1561 1365/1827/1632 1364/1824/1629
f 1322/1758/1583 1386/1828/1633 1380/1819/1624 1316/1729/1558
f 1314/1748/1575 1315/1728/1557 1379/1820/1625 1378/1826/1631
f 1301/1732/1561 1302/1713/1542 1366/1815/1620 1365/1827/1632
f 1366/1815/1620 1368/1814/1619 1393/1829/1634 1391/1830/1635
f 1420/1831/1636 1421/1817/1622 1351/1816/1621 1367/1832/1637
f 1379/1820/1625 1380/1819/1624 1405/1833/1638 1404/1834/1639
f 1304/1712/1541 1305/1738/1565 1369/1835/1640 1368/1814/1619
f 1317/1753/1578 1298/1731/1560 1362/1825/1630 1381/1836/1641
f 1305/1738/1565 1306/1739/1566 1370/1837/1642 1369/1835/1640
f 1318/1754/1579 1317/1753/1578 1381/1836/1641 1382/1838/1643
f 1321/1757/1582 1320/1756/1581 1384/1839/1644 1385/1840/1645
f 1306/1739/1566 1307/1740/1567 1371/1841/1646 1370/1837/1642
f 1319/1755/1580 1318/1754/1579 1382/1838/1643 1383/1842/1647
f 1307/1740/1567 1308/1741/1568 1372/1843/1648 1371/1841/1646
f 1320/1756/1581 1319/1755/1580 1383/1842/1647 1384/1839/1644
f 1322/1758/1583 1321/1757/1582 1385/1840/1645 1386/1828/1633
f 1308/1741/1568 1309/1742/1569 1373/1844/1649 1372/1843/1648
f 1342/1751/1577 1358/1805/1610 1361/1808/1613 1346/1780/1594
f 1309/1742/1569 1310/1743/1570 1374/1845/1650 1373/1844/1649
f 1310/1743/1570 1311/1744/1571 1375/1846/1651 1374/1845/1650
f 1299/1745/1572 1312/1746/1573 1376/1823/1628 1363/1847/1652
f 1311/1744/1571 1299/1745/1572 1363/1847/1652 1375/1846/1651
f 1364/1824/1629 1365/1827/1632 1390/1848/1653 1389/1849/1654
f 1378/1826/1631 1379/1820/1625 1404/1834/1639 1403/1850/1655
f 1365/1827/1632 1366/1815/1620 1391/1830/1635 1390/1848/1653
f 1391/1830/1635 1393/1829/1634 1418/1851/1656 1416/1852/1657
f 1420/1831/1636 1367/1832/1637 1392/1853/1658 1419/1854/1659
f 1404/1834/1639 1405/1833/1638 1430/1855/1660 1429/1856/1661
f 1368/1814/1619 1369/1835/1640 1394/1857/1662 1393/1829/1634
f 1381/1836/1641 1362/1825/1630 1387/1858/1663 1406/1859/1664
f 1369/1835/1640 1370/1837/1642 1395/1860/1665 1394/1857/1662
f 1382/1838/1643 1381/1836/1641 1406/1859/1664 1407/1861/1666
f 1370/1837/1642 1371/1841/1646 1396/1862/1667 1395/1860/1665
f 1383/1842/1647 1382/1838/1643 1407/1861/1666 1408/1863/1668
f 1371/1841/1646 1372/1843/1648 1397/1864/1669 1396/1862/1667
f 1384/1839/1644 1383/1842/1647 1408/1863/1668 1409/1865/1670
f 1372/1843/1648 1373/1844/1649 1398/1866/1671 1397/1864/1669
f 1385/1840/1645 1384/1839/1644 1409/1865/1670 1410/1867/1672
f 1373/1844/1649 1374/1845/1650 1399/1868/1673 1398/1866/1671
f 1386/1828/1633 1385/1840/1645 1410/1867/1672 1411/1869/1674
f 1374/1845/1650 1375/1846/1651 1400/1870/1675 1399/1868/1673
f 1386/1828/1633 1411/1869/1674 1405/1833/1638 1380/1819/1624
f 1363/1847/1652 1376/1823/1628 1401/1871/1676 1388/1872/1677
f 1375/1846/1651 1363/1847/1652 1388/1872/1677 1400/1870/1675
f 1376/1823/1628 1377/1822/1627 1402/1873/1678 1401/1871/1676
f 1362/1825/1630 1364/1824/1629 1389/1849/1654 1387/1858/1663
f 1377/1822/1627 1378/1826/1631 1403/1850/1655 1402/1873/1678
f 1398/1866/1671 1399/1868/1673 1424/1874/1679 1423/1801/1607
f 1411/1869/1674 1410/1867/1672 1435/1875/1680 1436/1876/1681
f 1399/1868/1673 1400/1870/1675 1425/1877/1682 1424/1874/1679
f 1430/1855/1660 1436/1876/1681 1950/1878/1683 1437/1879/1684
f 1388/1872/1677 1401/1871/1676 1426/1880/1685 1413/1881/1686
f 1400/1870/1675 1388/1872/1677 1413/1881/1686 1425/1877/1682
f 1430/1855/1660 1405/1833/1638 1411/1869/1674 1436/1876/1681
f 1401/1871/1676 1402/1873/1678 1427/1882/1687 1426/1880/1685
f 1387/1858/1663 1389/1849/1654 1414/1883/1688 1412/1884/1689
f 1402/1873/1678 1403/1850/1655 1428/1885/1690 1427/1882/1687
f 1389/1849/1654 1390/1848/1653 1415/1886/1691 1414/1883/1688
f 1403/1850/1655 1404/1834/1639 1429/1856/1661 1428/1885/1690
f 1390/1848/1653 1391/1830/1635 1416/1852/1657 1415/1886/1691
f 2002/1887/1692 1437/1879/1684 1950/1878/1683 2001/1888/1693
f 1417/1889/1694 1954/1890/1695 1416/1852/1657 1418/1851/1656
f 1419/1854/1659 1392/1853/1658 1417/1889/1694 1418/1851/1656
f 1981/1891/1696 1429/1856/1661 1430/1855/1660 1437/1879/1684
f 1393/1829/1634 1394/1857/1662 1419/1854/1659 1418/1851/1656
f 1406/1859/1664 1387/1858/1663 1412/1884/1689 1431/1892/1697
f 1394/1857/1662 1395/1860/1665 1420/1831/1636 1419/1854/1659
f 1407/1861/1666 1406/1859/1664 1431/1892/1697 1432/1893/1698
f 1395/1860/1665 1396/1862/1667 1421/1817/1622 1420/1831/1636
f 1408/1863/1668 1407/1861/1666 1432/1893/1698 1433/1894/1699
f 1396/1862/1667 1397/1864/1669 1422/1800/1606 1421/1817/1622
f 1409/1865/1670 1408/1863/1668 1433/1894/1699 1434/1895/1700
f 1397/1864/1669 1398/1866/1671 1423/1801/1607 1422/1800/1606
f 1410/1867/1672 1409/1865/1670 1434/1895/1700 1435/1875/1680
f 4913/1896/1701 4914/1897/1702 1440/1898/1703 1439/1899/1704
f 4915/1900/1705 1441/1901/1706 1440/1898/1703 4914/1897/1702
f 4923/1902/1707 1513/1903/1708 1441/1901/1706 4915/1900/1705
f 4917/1904/1709 1443/1905/1710 1442/1906/1711 4916/1907/1712
f 4918/1908/1713 1444/1909/1714 1443/1905/1710 4917/1904/1709
f 4919/1910/1715 1445/1911/1716 1444/1909/1714 4918/1908/1713
f 1444/1909/1714 1445/1911/1716 1446/1912/1717 1450/1913/1718
f 1447/1914/1719 1451/1915/1720 1450/1913/1718 1446/1912/1717
f 1448/1916/1721 1452/1917/1722 1451/1915/1720 1447/1914/1719
f 1449/1918/1723 1453/1919/1724 1452/1917/1722 1448/1916/1721
f 1450/1913/1718 1438/1920/1725 1443/1905/1710 1444/1909/1714
f 1442/1906/1711 1443/1905/1710 1438/1920/1725 1454/1921/1726
f 1513/1903/1708 1442/1906/1711 1454/1921/1726 1514/1922/1727
f 1440/1898/1703 1441/1901/1706 1455/1923/1728 1456/1924/1729
f 1457/1925/1730 1439/1899/1704 1440/1898/1703 1456/1924/1729
f 1439/1899/1704 1463/1926/1731 4920/1927/1732 4913/1896/1701
f 4921/1928/1733 4920/1927/1732 1463/1926/1731 1464/1929/1734
f 4922/1930/1735 4921/1928/1733 1464/1929/1734 1465/1931/1736
f 1439/1899/1704 1457/1925/1730 1458/1932/1737 1461/1933/1738
f 1459/1934/1739 1462/1935/1740 1461/1933/1738 1458/1932/1737
f 1461/1933/1738 1466/1936/1741 1463/1926/1731 1439/1899/1704
f 1464/1929/1734 1463/1926/1731 1466/1936/1741 1467/1937/1742
f 1465/1931/1736 1464/1929/1734 1467/1937/1742 1468/1938/1743
f 1456/1924/1729 1473/1939/1744 1469/1940/1745 1457/1925/1730
f 1455/1923/1728 1474/1941/1746 1473/1939/1744 1456/1924/1729
f 1514/1922/1727 1515/1942/1747 1474/1941/1746 1455/1923/1728
f 1438/1920/1725 1476/1943/1748 1475/1944/1749 1454/1921/1726
f 1450/1913/1718 1477/1945/1750 1476/1943/1748 1438/1920/1725
f 1451/1915/1720 1478/1946/1751 1477/1945/1750 1450/1913/1718
f 1458/1932/1737 1457/1925/1730 1469/1940/1745 1470/1947/1752
f 1459/1934/1739 1458/1932/1737 1470/1947/1752 1471/1948/1753
f 1460/1949/1754 1459/1934/1739 1471/1948/1753 1472/1950/1755
f 1460/1949/1754 1479/1951/1756 1462/1935/1740 1459/1934/1739
f 1460/1949/1754 1472/1950/1755 1480/1952/1757 1482/1953/1758
f 1481/1954/1759 1483/1955/1760 1482/1953/1758 1480/1952/1757
f 1479/1951/1756 1460/1949/1754 1482/1953/1758 1484/1956/1761
f 1483/1955/1760 1485/1957/1762 1484/1956/1761 1482/1953/1758
f 1462/1935/1740 1486/1958/1763 1466/1936/1741 1461/1933/1738
f 1479/1951/1756 1487/1959/1764 1486/1958/1763 1462/1935/1740
f 1484/1956/1761 1488/1960/1765 1487/1959/1764 1479/1951/1756
f 1452/1917/1722 1493/1961/1766 1478/1946/1751 1451/1915/1720
f 1453/1919/1724 1494/1962/1767 1493/1961/1766 1452/1917/1722
f 1492/1963/1768 1491/1964/1769 1493/1961/1766 1494/1962/1767
f 1491/1964/1769 1485/1957/1762 1478/1946/1751 1493/1961/1766
f 1485/1957/1762 1489/1965/1770 1477/1945/1750 1478/1946/1751
f 1495/1966/1771 1492/1963/1768 1494/1962/1767 1453/1919/1724
f 1496/1967/1772 1495/1966/1771 1453/1919/1724 1449/1918/1723
f 1467/1937/1742 1500/1968/1773 1498/1969/1774 1468/1938/1743
f 1498/1969/1774 1500/1968/1773 1499/1970/1775 1497/1971/1776
f 1495/1966/1771 1496/1967/1772 1497/1971/1776 1499/1970/1775
f 1467/1937/1742 1466/1936/1741 1486/1958/1763 1500/1968/1773
f 1486/1958/1763 1487/1959/1764 1499/1970/1775 1500/1968/1773
f 1487/1959/1764 1488/1960/1765 1495/1966/1771 1499/1970/1775
f 1492/1963/1768 1495/1966/1771 1488/1960/1765 1491/1964/1769
f 1488/1960/1765 1484/1956/1761 1485/1957/1762 1491/1964/1769
f 1489/1965/1770 1485/1957/1762 1483/1955/1760 1490/1972/1777
f 1490/1972/1777 1483/1955/1760 1481/1954/1759 1501/1973/1778
f 1476/1943/1748 1477/1945/1750 1489/1965/1770 1502/1974/1779
f 1503/1975/1780 1475/1944/1749 1476/1943/1748 1502/1974/1779
f 1489/1965/1770 1490/1972/1777 1502/1974/1779
f 1501/1973/1778 1503/1975/1780 1502/1974/1779 1490/1972/1777
f 1473/1939/1744 1506/1976/1781 1504/1977/1782 1469/1940/1745
f 1474/1941/1746 1507/1978/1783 1506/1976/1781 1473/1939/1744
f 1515/1942/1747 1475/1944/1749 1503/1975/1780 1516/1979/1784
f 1470/1947/1752 1469/1940/1745 1504/1977/1782 1505/1980/1785
f 1471/1948/1753 1470/1947/1752 1505/1980/1785 1508/1981/1786
f 1472/1950/1755 1471/1948/1753 1508/1981/1786 1509/1982/1787
f 1480/1952/1757 1472/1950/1755 1509/1982/1787 1510/1983/1788
f 1481/1954/1759 1480/1952/1757 1510/1983/1788 1511/1984/1789
f 1501/1973/1778 1481/1954/1759 1511/1984/1789 1512/1985/1790
f 1474/1941/1746 1515/1942/1747 1516/1979/1784 1507/1978/1783
f 1454/1921/1726 1475/1944/1749 1515/1942/1747 1514/1922/1727
f 1441/1901/1706 1513/1903/1708 1514/1922/1727 1455/1923/1728
f 4916/1907/1712 1442/1906/1711 1513/1903/1708 4923/1902/1707
f 1503/1975/1780 1501/1973/1778 1512/1985/1790 1516/1979/1784
f 1507/1978/1783 1516/1979/1784 1512/1985/1790 1517/1986/1791
f 1518/1987/1792 1506/1976/1781 1507/1978/1783 1517/1986/1791
f 1519/1988/1793 1504/1977/1782 1506/1976/1781 1518/1987/1792
f 1511/1984/1789 1520/1989/1794 1517/1986/1791 1512/1985/1790
f 1521/1990/1795 1520/1989/1794 1511/1984/1789 1510/1983/1788
f 1522/1991/1796 1521/1990/1795 1510/1983/1788 1509/1982/1787
f 1518/1987/1792 1517/1986/1791 1520/1989/1794 1521/1990/1795
f 1519/1988/1793 1518/1987/1792 1521/1990/1795 1522/1991/1796
f 1509/1982/1787 1508/1981/1786 1522/1991/1796
f 1508/1981/1786 1505/1980/1785 1519/1988/1793 1522/1991/1796
f 1505/1980/1785 1504/1977/1782 1519/1988/1793
f 1445/1911/1716 4919/1910/1715 4924/1992/1797 1523/1993/1798
f 1465/1931/1736 1530/1994/1799 4925/1995/1800 4922/1930/1735
f 1468/1938/1743 1531/1996/1801 1530/1994/1799 1465/1931/1736
f 1498/1969/1774 1532/1997/1802 1531/1996/1801 1468/1938/1743
f 1498/1969/1774 1497/1971/1776 1529/1998/1803 1532/1997/1802
f 1497/1971/1776 1496/1967/1772 1528/1999/1804 1529/1998/1803
f 1496/1967/1772 1449/1918/1723 1527/2000/1805 1528/1999/1804
f 1449/1918/1723 1448/1916/1721 1526/2001/1806 1527/2000/1805
f 1448/1916/1721 1447/1914/1719 1525/2002/1807 1526/2001/1806
f 1447/1914/1719 1446/1912/1717 1524/2003/1808 1525/2002/1807
f 1446/1912/1717 1445/1911/1716 1523/1993/1798 1524/2003/1808
f 1737/2004/1809 1784/2005/1810 1785/2006/1811 1729/2007/1812
f 1219/1638/1467 1218/1629/1458 1533/1632/1461 1534/2008/1813
f 1844/1640/1469 1219/1638/1467 1534/2008/1813 1845/2009/1814
f 1221/1644/1473 1220/1643/1472 1535/2010/1815 1536/2011/1816
f 1879/1646/1475 1221/1644/1473 1536/2011/1816 1880/2012/1817
f 1222/2013/1818 1538/2014/1819 4926/2015/1820 4912/2016/1821
f 4927/2017/1822 4926/2015/1820 1538/2014/1819 1539/2018/1823
f 4928/2019/1824 4927/2017/1822 1539/2018/1823 1540/2020/1825
f 4929/2021/1826 4928/2019/1824 1540/2020/1825 1541/2022/1827
f 1541/2023/1827 1542/2024/1828 4930/2025/1829 4929/2026/1826
f 1542/2024/1828 1543/2027/1830 4931/2028/1831 4930/2025/1829
f 1573/2029/1832 1571/2030/1833 1567/2031/1834 1568/2032/1835
f 1565/2033/1836 1567/2031/1834 1571/2030/1833 1572/2034/1837
f 1565/2033/1836 1572/2034/1837 1574/2035/1838 1576/2036/1839
f 1575/2037/1840 1577/2038/1841 1576/2036/1839 1574/2035/1838
f 4933/2039/1842 4934/2040/1843 1577/2038/1841 1575/2037/1840
f 1579/2041/1844 1580/2042/1845 4439/2043/1846 4440/2044/1847
f 1577/2038/1841 1580/2042/1845 2039/2045/1848 1576/2036/1839
f 4934/2040/1843 4439/2043/1846 1580/2042/1845 1577/2038/1841
f 2040/2046/1849 1579/2041/1844 1581/2047/1850 1582/2048/1851
f 4937/2049/1852 1581/2047/1850 1579/2041/1844 4440/2044/1847
f 1579/2041/1844 2040/2046/1849 2039/2045/1848 1580/2042/1845
f 2040/2046/1849 1582/2048/1851 1576/2036/1839 2039/2045/1848
f 1566/2050/1853 1565/2033/1836 1576/2036/1839 1582/2048/1851
f 1570/2051/1854 1568/2032/1835 1586/2052/1855 1588/2053/1856
f 1566/2050/1853 1569/2054/1857 1587/2055/1858 1584/2056/1859
f 1567/2031/1834 1565/2033/1836 1583/2057/1860 1585/2058/1861
f 1569/2054/1857 1570/2051/1854 1588/2053/1856 1587/2055/1858
f 1568/2032/1835 1567/2031/1834 1585/2058/1861 1586/2052/1855
f 1565/2033/1836 1566/2050/1853 1584/2056/1859 1583/2057/1860
f 1583/2059/1860 1584/2060/1859 1590/2061/1862 1589/2062/1863
f 1588/2063/1856 1586/2064/1855 1592/2065/1864 1594/2066/1865
f 1584/2060/1859 1587/2067/1858 1593/2068/1866 1590/2061/1862
f 1585/2069/1861 1583/2059/1860 1589/2062/1863 1591/2070/1867
f 1587/2071/1858 1588/2063/1856 1594/2066/1865 1593/2072/1866
f 1586/2064/1855 1585/2069/1861 1591/2070/1867 1592/2065/1864
f 1593/2072/1866 1594/2066/1865 1600/2073/1868 1599/2074/1869
f 1592/2065/1864 1591/2070/1867 1597/2075/1870 1598/2076/1871
f 1589/2062/1863 1590/2061/1862 1596/2077/1872 1595/2078/1873
f 1594/2066/1865 1592/2065/1864 1598/2076/1871 1600/2073/1868
f 1590/2061/1862 1593/2068/1866 1599/2079/1869 1596/2077/1872
f 1591/2070/1867 1589/2062/1863 1595/2078/1873 1597/2075/1870
f 1600/2073/1868 1598/2076/1871 1604/2080/1874 1606/2081/1875
f 1596/2077/1872 1599/2079/1869 1605/2082/1876 1602/2083/1877
f 1597/2075/1870 1595/2078/1873 1601/2084/1878 1603/2085/1879
f 1599/2074/1869 1600/2073/1868 1606/2081/1875 1605/2086/1876
f 1598/2076/1871 1597/2075/1870 1603/2085/1879 1604/2080/1874
f 1595/2078/1873 1596/2077/1872 1602/2083/1877 1601/2084/1878
f 1601/2087/1878 1602/2088/1877 1605/2089/1876 1606/2090/1875
f 1601/2087/1878 1606/2090/1875 1604/2080/1874 1603/2085/1879
f 1607/2091/1880 4938/2092/1881 4933/2039/1842 1575/2037/1840
f 1574/2035/1838 1608/2093/1882 1607/2091/1880 1575/2037/1840
f 1572/2034/1837 1609/2094/1883 1608/2093/1882 1574/2035/1838
f 1571/2030/1833 1610/2095/1884 1609/2094/1883 1572/2034/1837
f 1573/2029/1832 1611/2096/1885 1610/2095/1884 1571/2030/1833
f 1693/2097/1886 2851/2098/1887 2847/2099/1888 1676/2100/1889
f 1620/2101/1890 1614/2102/1891 1618/2103/1892 1578/2104/1893
f 1581/2047/1850 4937/2049/1852 4489/2105/1894 1622/2106/1895
f 1674/2107/1896 1675/2108/1897 2845/2109/1898 1672/2110/1899
f 1573/2029/1832 1568/2032/1835 1578/2104/1893 1612/2111/1900
f 1570/2051/1854 1620/2101/1890 1578/2104/1893 1568/2032/1835
f 1612/2111/1900 1578/2104/1893 1618/2103/1892 1613/2112/1901
f 1621/2113/1902 2853/2114/1903 2854/2115/1904 1569/2054/1857
f 1569/2054/1857 1566/2050/1853 1582/2048/1851 1621/2113/1902
f 1582/2048/1851 1581/2047/1850 1622/2106/1895 1621/2113/1902
f 1607/2091/1880 1628/2116/1905 4939/2117/1906 4938/2092/1881
f 4932/2118/1907 4939/2117/1906 1628/2116/1905 1564/2119/1908
f 1563/2120/1909 1564/2119/1908 1628/2116/1905 1629/2121/1910
f 1562/2122/1911 1563/2120/1909 1629/2121/1910 1630/2123/1912
f 1631/2124/1913 1561/2125/1914 1562/2122/1911 1630/2123/1912
f 1608/2093/1882 1629/2121/1910 1628/2116/1905 1607/2091/1880
f 1609/2094/1883 1630/2123/1912 1629/2121/1910 1608/2093/1882
f 1610/2095/1884 1631/2124/1913 1630/2123/1912 1609/2094/1883
f 1611/2096/1885 1632/2126/1915 1631/2124/1913 1610/2095/1884
f 1560/2127/1916 1561/2125/1914 1631/2124/1913 1632/2126/1915
f 1573/2029/1832 1612/2111/1900 1635/2128/1917 1611/2096/1885
f 1634/2129/1918 1632/2126/1915 1611/2096/1885 1635/2128/1917
f 1633/2130/1919 1560/2127/1916 1632/2126/1915 1634/2129/1918
f 1613/2112/1901 1637/2131/1920 1635/2128/1917 1612/2111/1900
f 1623/2132/1921 1638/2133/1922 1637/2131/1920 1613/2112/1901
f 1615/2134/1923 1639/2135/1924 1638/2133/1922 1623/2132/1921
f 1624/2136/1925 1640/2137/1926 1639/2135/1924 1615/2134/1923
f 1616/2138/1927 1641/2139/1928 1640/2137/1926 1624/2136/1925
f 1617/2140/1929 1642/2141/1930 1641/2139/1928 1616/2138/1927
f 1625/2142/1931 1643/2143/1932 1642/2141/1930 1617/2140/1929
f 1634/2129/1918 1635/2128/1917 1637/2131/1920 1644/2144/1933
f 1638/2133/1922 1645/2145/1934 1644/2144/1933 1637/2131/1920
f 1639/2135/1924 1646/2146/1935 1645/2145/1934 1638/2133/1922
f 1640/2137/1926 1647/2147/1936 1646/2146/1935 1639/2135/1924
f 1641/2139/1928 1648/2148/1937 1647/2147/1936 1640/2137/1926
f 1642/2141/1930 1649/2149/1938 1648/2148/1937 1641/2139/1928
f 1643/2143/1932 1650/2150/1939 1649/2149/1938 1642/2141/1930
f 1559/2151/1940 1633/2130/1919 1634/2129/1918 1644/2144/1933
f 1636/2152/1941 1559/2151/1940 1644/2144/1933 1645/2145/1934
f 1558/2153/1942 1636/2152/1941 1645/2145/1934 1646/2146/1935
f 1557/2154/1943 1558/2153/1942 1646/2146/1935 1647/2147/1936
f 1556/2155/1944 1557/2154/1943 1647/2147/1936 1648/2148/1937
f 1555/2156/1945 1556/2155/1944 1648/2148/1937 1649/2149/1938
f 1554/2157/1946 1555/2156/1945 1649/2149/1938 1650/2150/1939
f 1654/2158/1947 1655/2159/1948 1625/2142/1931 1627/2160/1949
f 1643/2143/1932 1625/2142/1931 1655/2159/1948 1656/2161/1950
f 1650/2150/1939 1643/2143/1932 1656/2161/1950 1657/2162/1951
f 1652/2163/1952 1554/2157/1946 1650/2150/1939 1657/2162/1951
f 1658/2164/1953 4940/2165/1954 4932/2166/1907 1564/2167/1908
f 1563/2168/1909 1659/2169/1955 1658/2164/1953 1564/2167/1908
f 1562/2170/1911 1660/2171/1956 1659/2169/1955 1563/2168/1909
f 1561/2172/1914 1661/2173/1957 1660/2171/1956 1562/2170/1911
f 1662/2174/1958 1661/2173/1957 1561/2172/1914 1560/2175/1916
f 1633/2176/1919 1663/2177/1959 1662/2174/1958 1560/2175/1916
f 1559/2178/1940 1664/2179/1960 1663/2177/1959 1633/2176/1919
f 1636/2180/1941 1665/2181/1961 1664/2179/1960 1559/2178/1940
f 1558/2182/1942 1666/2183/1962 1665/2181/1961 1636/2180/1941
f 1557/2184/1943 1667/2185/1963 1666/2183/1962 1558/2182/1942
f 1556/2186/1944 1668/2187/1964 1667/2185/1963 1557/2184/1943
f 1555/2188/1945 1669/2189/1965 1668/2187/1964 1556/2186/1944
f 1554/2190/1946 1670/2191/1966 1669/2189/1965 1555/2188/1945
f 1671/2192/1967 1670/2191/1966 1554/2190/1946 1652/2193/1952
f 1618/2103/1892 1619/2194/1968 1623/2132/1921 1613/2112/1901
f 2847/2099/1888 2845/2109/1898 1675/2108/1897 1676/2100/1889
f 1693/2097/1886 1685/2195/1969 1686/2196/1970 1678/2197/1971
f 1684/2198/1972 1692/2199/1973 1677/2200/1974 1685/2195/1969
f 1654/2158/1947 1627/2160/1949 1678/2197/1971 1679/2201/1975
f 1681/2202/1976 1682/2203/1977 1674/2107/1896 2848/2204/1978
f 1685/2195/1969 1677/2200/1974 1694/2205/1979 1686/2196/1970
f 1675/2108/1897 1674/2107/1896 1682/2203/1977 1683/2206/1980
f 1679/2201/1975 1678/2197/1971 1686/2196/1970 1687/2207/1981
f 1676/2100/1889 1675/2108/1897 1683/2206/1980 1684/2198/1972
f 2849/2208/1982 1680/2209/1983 1681/2202/1976 2848/2204/1978
f 1694/2205/1979 1677/2200/1974 4490/2210/1984 4946/2211/1985
f 1682/2203/1977 1681/2202/1976 1689/2212/1986 1690/2213/1987
f 1677/2200/1974 1692/2199/1973 4945/2214/1988 4490/2210/1984
f 1683/2206/1980 1682/2203/1977 1690/2213/1987 1691/2215/1989
f 1687/2207/1981 1686/2196/1970 1694/2205/1979 1695/2216/1990
f 1684/2198/1972 1683/2206/1980 1691/2215/1989 1692/2199/1973
f 1681/2202/1976 1680/2209/1983 1688/2217/1991 1689/2212/1986
f 4557/2218/1992 5838/2219/1993 4491/2220/1994 4542/2221/1995
f 1695/2216/1990 1694/2205/1979 4946/2211/1985 4947/2222/1996
f 1692/2199/1973 1691/2215/1989 4944/2223/1997 4945/2214/1988
f 1689/2212/1986 1688/2217/1991 4941/2224/1998 4942/2225/1999
f 1627/2160/1949 1625/2142/1931 2850/2226/2000 2851/2098/1887
f 1690/2213/1987 1689/2212/1986 4942/2225/1999 4943/2227/2001
f 1625/2142/1931 1617/2140/1929 2850/2226/2000
f 1691/2215/1989 1690/2213/1987 4943/2227/2001 4944/2223/1997
f 1695/2216/1990 4947/2222/1996 4948/2228/2002 1696/2229/2003
f 4949/2230/2004 1697/2231/2005 1696/2229/2003 4948/2228/2002
f 1697/2231/2005 4949/2230/2004 4950/2232/2006 1698/2233/2007
f 1687/2207/1981 1695/2216/1990 1696/2229/2003 1699/2234/2008
f 1697/2231/2005 1700/2235/2009 1699/2234/2008 1696/2229/2003
f 1700/2235/2009 1697/2231/2005 1698/2233/2007 1701/2236/2010
f 1679/2201/1975 1687/2207/1981 1699/2234/2008 1702/2237/2011
f 1654/2158/1947 1679/2201/1975 1702/2237/2011 1703/2238/2012
f 1655/2159/1948 1654/2158/1947 1703/2238/2012 1704/2239/2013
f 1656/2161/1950 1655/2159/1948 1704/2239/2013 1705/2240/2014
f 1657/2162/1951 1656/2161/1950 1705/2240/2014 1706/2241/2015
f 1651/2242/2016 1652/2163/1952 1657/2162/1951 1706/2241/2015
f 1707/2243/2017 1671/2192/1967 1652/2193/1952 1651/2244/2016
f 1700/2235/2009 1708/2245/2018 1702/2237/2011 1699/2234/2008
f 1708/2245/2018 1700/2235/2009 1701/2236/2010 1709/2246/2019
f 1703/2238/2012 1702/2237/2011 1708/2245/2018 1710/2247/2020
f 1710/2247/2020 1708/2245/2018 1709/2246/2019 1711/2248/2021
f 1712/2249/2022 1703/2238/2012 1710/2247/2020 1711/2248/2021
f 1704/2239/2013 1703/2238/2012 1712/2249/2022 1713/2250/2023
f 1705/2240/2014 1704/2239/2013 1713/2250/2023 1714/2251/2024
f 1706/2241/2015 1705/2240/2014 1714/2251/2024 1715/2252/2025
f 1653/2253/2026 1651/2242/2016 1706/2241/2015 1715/2252/2025
f 1716/2254/2027 1707/2243/2017 1651/2244/2016 1653/2255/2026
f 1734/2256/2028 1735/2257/2029 1733/2258/2030 2010/2259/2031
f 1733/2258/2030 2022/2260/2032 2021/2261/2033 2010/2259/2031
f 1738/2262/2034 1735/2257/2029 1740/2263/2035 1739/2264/2036
f 1738/2262/2034 2007/2265/2037 1733/2258/2030 1735/2257/2029
f 1735/2257/2029 1734/2256/2028 1741/2266/2038 1740/2263/2035
f 1740/2263/2035 1741/2266/2038 2006/2267/2039 2009/2268/2040
f 1738/2262/2034 1744/2269/2041 1743/2270/2042 2007/2265/2037
f 1734/2256/2028 4602/2271/2043 4607/2272/2044 1741/2266/2038
f 2010/2259/2031 4978/2273/2045 4602/2271/2043 1734/2256/2028
f 1744/2269/2041 1738/2262/2034 1739/2264/2036 1745/2274/2046
f 1745/2274/2046 1739/2264/2036 1740/2263/2035 2009/2268/2040
f 2022/2260/2032 1733/2258/2030 2007/2265/2037 2008/2275/2047
f 1218/1629/1458 4908/1637/1466 4907/1635/1464 1217/1630/1459
f 4596/2276/2048 4595/2277/2049 6258/2278/2050 6259/2279/2051
f 1743/2270/2042 1742/2280/2052 1726/2281/2053 1725/2282/2054
f 1747/2283/2055 1748/2284/2056 1753/2285/2057 1746/2286/2058
f 1746/2286/2058 1753/2285/2057 1752/2287/2059 1745/2274/2046
f 1745/2274/2046 1752/2287/2059 1751/2288/2060 1744/2269/2041
f 1744/2269/2041 1751/2288/2060 1750/2289/2061 1743/2270/2042
f 1742/2280/2052 1749/2290/2062 1748/2284/2056 1747/2283/2055
f 1743/2270/2042 1750/2289/2061 1749/2290/2062 1742/2280/2052
f 1748/2291/2056 1754/2292/2063 1759/2293/2064 1753/2294/2057
f 1753/2294/2057 1759/2293/2064 1758/2295/2065 1752/2296/2059
f 1751/2297/2060 1757/2298/2066 1756/2299/2067 1750/2300/2061
f 1749/2301/2062 1755/2302/2068 1754/2292/2063 1748/2291/2056
f 1752/2296/2059 1758/2295/2065 1757/2298/2066 1751/2297/2060
f 1749/2301/2062 1750/2303/2061 1756/2304/2067 1755/2302/2068
f 1759/2293/2064 1765/2305/2069 1764/2306/2070 1758/2295/2065
f 1757/2298/2066 1763/2307/2071 1762/2308/2072 1756/2299/2067
f 1755/2302/2068 1761/2309/2073 1760/2310/2074 1754/2292/2063
f 1754/2292/2063 1760/2310/2074 1765/2305/2069 1759/2293/2064
f 1758/2295/2065 1764/2306/2070 1763/2307/2071 1757/2298/2066
f 1755/2302/2068 1756/2304/2067 1762/2311/2072 1761/2309/2073
f 1760/2310/2074 1766/2312/2075 1771/2313/2076 1765/2305/2069
f 1764/2306/2070 1770/2314/2077 1769/2315/2078 1763/2307/2071
f 1761/2309/2073 1762/2311/2072 1768/2316/2079 1767/2317/2080
f 1765/2305/2069 1771/2313/2076 1770/2314/2077 1764/2306/2070
f 1763/2307/2071 1769/2315/2078 1768/2318/2079 1762/2308/2072
f 1761/2309/2073 1767/2317/2080 1766/2312/2075 1760/2310/2074
f 1769/2319/2078 1770/2314/2077 1771/2313/2076 1766/2320/2075
f 1766/2320/2075 1767/2321/2080 1768/2322/2079 1769/2319/2078
f 2042/2323/2081 1793/2324/2082 1745/2274/2046 2009/2268/2040
f 1772/2325/2083 1746/2286/2058 1773/2326/2084 1776/2327/2085
f 1775/2328/2086 1543/2027/1830 1776/2327/2085 1773/2326/2084
f 1747/2283/2055 1746/2286/2058 1772/2325/2083 1779/2329/2087
f 1780/2330/2088 1742/2280/2052 1747/2283/2055 1779/2329/2087
f 1713/2331/2023 1712/2332/2022 1717/2333/2089 1718/2334/2090
f 1718/2334/2090 1732/2335/2091 1788/2336/2092 1789/2337/2093
f 1732/2335/2091 1731/2338/2094 1787/2339/2095 1788/2336/2092
f 1731/2338/2094 1730/2340/2096 1786/2341/2097 1787/2339/2095
f 1730/2340/2096 1729/2007/1812 1785/2006/1811 1786/2341/2097
f 1785/2006/1811 1784/2005/1810 1799/2342/2098 1800/2343/2099
f 1737/2004/1809 1728/2344/2100 1783/2345/2101 1784/2005/1810
f 1728/2344/2100 1727/2346/2102 1782/2347/2103 1783/2345/2101
f 1727/2346/2102 1726/2281/2053 1781/2348/2104 1782/2347/2103
f 1726/2281/2053 1742/2280/2052 1780/2330/2088 1781/2348/2104
f 1775/2328/2086 4951/2349/2105 4931/2028/1831 1543/2027/1830
f 4607/2272/2044 4977/2350/2106 2006/2267/2039 1741/2266/2038
f 1542/2024/1828 1777/2351/2107 1776/2327/2085 1543/2027/1830
f 1772/2325/2083 1776/2327/2085 1777/2351/2107 1778/2352/2108
f 1779/2329/2087 1772/2325/2083 1778/2352/2108 1791/2353/2109
f 1542/2024/1828 1541/2023/1827 1544/2354/2110 1777/2351/2107
f 1545/2355/2111 1778/2352/2108 1777/2351/2107 1544/2354/2110
f 1546/2356/2112 1791/2353/2109 1778/2352/2108 1545/2355/2111
f 1780/2330/2088 1779/2329/2087 1791/2353/2109 1795/2357/2113
f 1781/2348/2104 1780/2330/2088 1795/2357/2113 1796/2358/2114
f 1782/2347/2103 1781/2348/2104 1796/2358/2114 1797/2359/2115
f 1783/2345/2101 1782/2347/2103 1797/2359/2115 1798/2360/2116
f 1784/2005/1810 1783/2345/2101 1798/2360/2116 1799/2342/2098
f 1552/2361/2117 1800/2343/2099 1799/2342/2098 1551/2362/2118
f 1786/2341/2097 1785/2006/1811 1800/2343/2099 1801/2363/2119
f 1787/2339/2095 1786/2341/2097 1801/2363/2119 1802/2364/2120
f 1788/2336/2092 1787/2339/2095 1802/2364/2120 1803/2365/2121
f 1547/2366/2122 1795/2357/2113 1791/2353/2109 1546/2356/2112
f 1548/2367/2123 1796/2358/2114 1795/2357/2113 1547/2366/2122
f 1549/2368/2124 1797/2359/2115 1796/2358/2114 1548/2367/2123
f 1550/2369/2125 1798/2360/2116 1797/2359/2115 1549/2368/2124
f 1551/2362/2118 1799/2342/2098 1798/2360/2116 1550/2369/2125
f 1551/2370/2118 1814/2371/2126 1815/2372/2127 1552/2373/2117
f 1553/2374/2128 1801/2363/2119 1800/2343/2099 1552/2361/2117
f 1804/2375/2129 1802/2364/2120 1801/2363/2119 1553/2374/2128
f 1789/2337/2093 1788/2336/2092 1803/2365/2121 1790/2376/2130
f 1803/2365/2121 1802/2364/2120 1804/2375/2129 1805/2377/2131
f 1806/2378/2132 1790/2376/2130 1803/2365/2121 1805/2377/2131
f 1714/2379/2024 1713/2331/2023 1718/2334/2090 1789/2337/2093
f 1715/2380/2025 1714/2379/2024 1789/2337/2093 1790/2376/2130
f 1653/2381/2026 1715/2380/2025 1790/2376/2130 1806/2378/2132
f 1716/2254/2027 1653/2255/2026 1806/2382/2132 1819/2383/2133
f 1806/2382/2132 1805/2384/2131 1818/2385/2134 1819/2383/2133
f 1805/2384/2131 1804/2386/2129 1817/2387/2135 1818/2385/2134
f 1804/2386/2129 1553/2388/2128 1816/2389/2136 1817/2387/2135
f 1553/2388/2128 1552/2373/2117 1815/2372/2127 1816/2389/2136
f 1832/2390/2137 1831/2391/2138 1815/2372/2127 1814/2371/2126
f 1736/2392/2139 2012/2393/2140 2011/2394/2141 1724/2395/2142
f 1551/2370/2118 1550/2396/2125 1813/2397/2143 1814/2371/2126
f 1550/2396/2125 1549/2398/2124 1812/2399/2144 1813/2397/2143
f 1549/2398/2124 1548/2400/2123 1811/2401/2145 1812/2399/2144
f 1548/2400/2123 1547/2402/2122 1810/2403/2146 1811/2401/2145
f 1547/2402/2122 1546/2404/2112 1809/2405/2147 1810/2403/2146
f 1546/2404/2112 1545/2406/2111 1808/2407/2148 1809/2405/2147
f 1545/2406/2111 1544/2408/2110 1807/2409/2149 1808/2407/2148
f 1540/2020/1825 1807/2409/2149 1544/2408/2110 1541/2022/1827
f 1658/2164/1953 1820/2410/2150 4955/2411/2151 4940/2165/1954
f 1523/1993/1798 4924/1992/1797 4955/2411/2151 1820/2410/2150
f 1659/2169/1955 1821/2412/2152 1820/2410/2150 1658/2164/1953
f 1524/2003/1808 1523/1993/1798 1820/2410/2150 1821/2412/2152
f 1525/2002/1807 1524/2003/1808 1821/2412/2152 1822/2413/2153
f 1660/2171/1956 1822/2413/2153 1821/2412/2152 1659/2169/1955
f 1824/2414/2154 1670/2191/1966 1671/2192/1967 1823/2415/2155
f 1707/2243/2017 1825/2416/2156 1823/2415/2155 1671/2192/1967
f 1716/2254/2027 1826/2417/2157 1825/2416/2156 1707/2243/2017
f 1819/2383/2133 1827/2418/2158 1826/2417/2157 1716/2254/2027
f 1818/2385/2134 1828/2419/2159 1827/2418/2158 1819/2383/2133
f 1829/2420/2160 1828/2419/2159 1818/2385/2134 1817/2387/2135
f 1816/2389/2136 1830/2421/2161 1829/2420/2160 1817/2387/2135
f 1815/2372/2127 1831/2391/2138 1830/2421/2161 1816/2389/2136
f 1831/2391/2138 1832/2390/2137 1862/2422/2162 1863/2423/2163
f 1813/2397/2143 1833/2424/2164 1832/2390/2137 1814/2371/2126
f 1812/2399/2144 1834/2425/2165 1833/2424/2164 1813/2397/2143
f 1835/2426/2166 1834/2425/2165 1812/2399/2144 1811/2401/2145
f 1539/2018/1823 1839/2427/2167 1807/2409/2149 1540/2020/1825
f 1807/2409/2149 1839/2427/2167 1838/2428/2168 1808/2407/2148
f 1808/2407/2148 1838/2428/2168 1837/2429/2169 1809/2405/2147
f 1809/2405/2147 1837/2429/2169 1836/2430/2170 1810/2403/2146
f 1810/2403/2146 1836/2430/2170 1835/2426/2166 1811/2401/2145
f 1222/2013/1818 1840/2431/2171 1841/2432/2172 1537/2433/2173
f 4912/2016/1821 4956/2434/2174 1840/2431/2171 1222/2013/1818
f 1538/2014/1819 1842/2435/2175 1839/2427/2167 1539/2018/1823
f 1843/2436/2176 1838/2428/2168 1839/2427/2167 1842/2435/2175
f 1537/2433/2173 1842/2435/2175 1538/2014/1819 1222/2013/1818
f 1220/1643/1472 1844/1640/1469 1845/2009/1814 1535/2010/1815
f 4910/1642/1471 4957/1639/1468 1844/1640/1469 1220/1643/1472
f 1669/2189/1965 1670/2191/1966 1824/2414/2154 1846/2437/2177
f 1668/2187/1964 1669/2189/1965 1846/2437/2177 1847/2438/2178
f 1667/2185/1963 1668/2187/1964 1847/2438/2178 1848/2439/2179
f 1666/2183/1962 1667/2185/1963 1848/2439/2179 1849/2440/2180
f 1665/2181/1961 1666/2183/1962 1849/2440/2180 1850/2441/2181
f 1664/2179/1960 1665/2181/1961 1850/2441/2181 1851/2442/2182
f 1663/2177/1959 1664/2179/1960 1851/2442/2182 1852/2443/2183
f 1662/2174/1958 1663/2177/1959 1852/2443/2183 1853/2444/2184
f 1854/2445/2185 1661/2173/1957 1662/2174/1958 1853/2444/2184
f 1660/2171/1956 1661/2173/1957 1854/2445/2185 1855/2446/2186
f 1822/2413/2153 1660/2171/1956 1855/2446/2186 1856/2447/2187
f 1526/2001/1806 1525/2002/1807 1822/2413/2153 1856/2447/2187
f 1837/2429/2169 1838/2428/2168 1843/2436/2176 1857/2448/2188
f 1836/2430/2170 1837/2429/2169 1857/2448/2188 1858/2449/2189
f 1835/2426/2166 1836/2430/2170 1858/2449/2189 1859/2450/2190
f 1834/2425/2165 1835/2426/2166 1859/2450/2190 1860/2451/2191
f 1833/2424/2164 1834/2425/2165 1860/2451/2191 1861/2452/2192
f 1832/2390/2137 1833/2424/2164 1861/2452/2192 1862/2422/2162
f 1863/2423/2163 1862/2422/2162 1873/2453/2193 1874/2454/2194
f 4601/2455/2195 4592/2456/2196 6254/2457/2197 6255/2458/2198
f 1830/2421/2161 1831/2391/2138 1863/2423/2163 1864/2459/2199
f 1829/2420/2160 1830/2421/2161 1864/2459/2199 1865/2460/2200
f 1866/2461/2201 1828/2419/2159 1829/2420/2160 1865/2460/2200
f 1843/2436/2176 1842/2435/2175 1537/2433/2173 1867/2462/2202
f 1857/2448/2188 1843/2436/2176 1867/2462/2202 1868/2463/2203
f 1858/2449/2189 1857/2448/2188 1868/2463/2203 1869/2464/2204
f 1859/2450/2190 1858/2449/2189 1869/2464/2204 1870/2465/2205
f 1860/2451/2191 1859/2450/2190 1870/2465/2205 1871/2466/2206
f 1861/2452/2192 1860/2451/2191 1871/2466/2206 1872/2467/2207
f 1862/2422/2162 1861/2452/2192 1872/2467/2207 1873/2453/2193
f 1224/1631/1460 1874/2454/2194 1873/2453/2193 1533/1632/1461
f 1732/2335/2091 1719/2468/2208 6228/2469/2209 6243/2470/2210
f 1864/2459/2199 1863/2423/2163 1874/2454/2194 1875/2471/2211
f 1865/2460/2200 1864/2459/2199 1875/2471/2211 1876/2472/2212
f 1840/2431/2171 1877/2473/2213 1878/2474/2214 1841/2432/2172
f 4956/2434/2174 4958/2475/2215 1877/2473/2213 1840/2431/2171
f 1537/2433/2173 1841/2432/2172 1878/2474/2214 1867/2462/2202
f 1877/2473/2213 1879/1646/1475 1880/2012/1817 1878/2474/2214
f 4958/2475/2215 4959/1645/1474 1879/1646/1475 1877/2473/2213
f 1867/2462/2202 1878/2474/2214 1880/2012/1817 1868/2463/2203
f 1868/2463/2203 1880/2012/1817 1536/2011/1816 1869/2464/2204
f 1535/2010/1815 1870/2465/2205 1869/2464/2204 1536/2011/1816
f 1845/2009/1814 1871/2466/2206 1870/2465/2205 1535/2010/1815
f 1534/2008/1813 1872/2467/2207 1871/2466/2206 1845/2009/1814
f 1533/1632/1461 1873/2453/2193 1872/2467/2207 1534/2008/1813
f 1725/2282/2054 1726/2281/2053 6236/2476/2216 6235/2477/2217
f 1217/1630/1459 1881/1634/1463 2820/2478/2218 1224/1631/1460
f 2820/2478/2218 1875/2471/2211 1874/2454/2194 1224/1631/1460
f 1875/2471/2211 2820/2478/2218 1223/2479/2219 1876/2472/2212
f 1882/2480/2220 1883/2481/2221 2869/2482/2222 2872/2483/2223
f 2869/2482/2222 1883/2481/2221 1866/2461/2201 1915/2484/2224
f 1974/2485/2225 1978/2486/2226 1882/2480/2220 2877/2487/2227
f 1827/2418/2158 1828/2419/2159 1866/2461/2201 1883/2481/2221
f 1826/2417/2157 1827/2418/2158 1883/2481/2221 1884/2488/2228
f 1825/2416/2156 1826/2417/2157 1884/2488/2228 1885/2489/2229
f 1823/2415/2155 1825/2416/2156 1885/2489/2229 1886/2490/2230
f 1824/2414/2154 1823/2415/2155 1886/2490/2230 1887/2491/2231
f 1846/2437/2177 1824/2414/2154 1887/2491/2231 1888/2492/2232
f 1847/2438/2178 1846/2437/2177 1888/2492/2232 1889/2493/2233
f 1848/2439/2179 1847/2438/2178 1889/2493/2233 1890/2494/2234
f 1849/2440/2180 1848/2439/2179 1890/2494/2234 1891/2495/2235
f 1850/2441/2181 1849/2440/2180 1891/2495/2235 1892/2496/2236
f 1851/2442/2182 1850/2441/2181 1892/2496/2236 1893/2497/2237
f 1852/2443/2183 1851/2442/2182 1893/2497/2237 1894/2498/2238
f 1853/2444/2184 1852/2443/2183 1894/2498/2238 1895/2499/2239
f 1854/2445/2185 1853/2444/2184 1895/2499/2239 1896/2500/2240
f 1855/2446/2186 1854/2445/2185 1896/2500/2240 1897/2501/2241
f 1856/2447/2187 1855/2446/2186 1897/2501/2241 1898/2502/2242
f 1527/2000/1805 1526/2001/1806 1856/2447/2187 1898/2502/2242
f 2869/2482/2222 1216/2503/2243 2864/2504/2244 2872/2483/2223
f 1866/2461/2201 1865/2460/2200 1876/2472/2212 1915/2484/2224
f 2861/1628/1457 2870/2505/2245 2873/2506/2246 2841/2507/2247
f 1900/2508/2248 2870/2505/2245 2861/1628/1457 2858/1602/1441
f 1206/1601/1440 2871/2509/2249 1900/2508/2248 2858/1602/1441
f 1207/1606/1442 2060/2510/2250 2871/2509/2249 1206/1601/1440
f 2859/1608/1443 2868/2511/2251 2060/2510/2250 1207/1606/1442
f 1208/1610/1444 2865/2512/2252 2868/2511/2251 2859/1608/1443
f 1209/1612/1445 2867/2513/2253 2865/2512/2252 1208/1610/1444
f 1896/2500/2240 1901/2514/2254 1898/2502/2242 1897/2501/2241
f 1527/2000/1805 1898/2502/2242 1901/2514/2254 1902/2515/2255
f 1528/1999/1804 1527/2000/1805 1902/2515/2255 1903/2516/2256
f 1529/1998/1803 1528/1999/1804 1903/2516/2256 1904/2517/2257
f 1532/1997/1802 1529/1998/1803 1904/2517/2257 1905/2518/2258
f 1531/1996/1801 1532/1997/1802 1905/2518/2258 1906/2519/2259
f 1530/1994/1799 1531/1996/1801 1906/2519/2259 1907/2520/2260
f 4962/2521/2261 4925/1995/1800 1530/1994/1799 1907/2520/2260
f 4962/2521/2261 1907/2520/2260 1914/2522/2262 4963/2523/2263
f 1907/2520/2260 1906/2519/2259 1913/2524/2264 1914/2522/2262
f 1906/2519/2259 1905/2518/2258 1912/2525/2265 1913/2524/2264
f 1905/2518/2258 1904/2517/2257 1911/2526/2266 1912/2525/2265
f 1904/2517/2257 1903/2516/2256 1910/2527/2267 1911/2526/2266
f 1903/2516/2256 1902/2515/2255 1909/2528/2268 1910/2527/2267
f 1902/2515/2255 1901/2514/2254 1908/2529/2269 1909/2528/2268
f 1895/2499/2239 1908/2529/2269 1901/2514/2254 1896/2500/2240
f 2862/2530/2270 1216/2503/2243 2869/2482/2222 1915/2484/2224
f 2877/2487/2227 1882/2480/2220 2872/2483/2223 2843/2531/2271
f 2862/2530/2270 1915/2484/2224 1876/2472/2212 1223/2479/2219
f 2059/2532/2272 1916/2533/2273 2877/2487/2227 2843/2531/2271
f 1894/2498/2238 1920/2534/2274 1908/2529/2269 1895/2499/2239
f 1909/2528/2268 1908/2529/2269 1920/2534/2274 1921/2535/2275
f 1910/2527/2267 1909/2528/2268 1921/2535/2275 1922/2536/2276
f 1911/2526/2266 1910/2527/2267 1922/2536/2276 1923/2537/2277
f 1912/2525/2265 1911/2526/2266 1923/2537/2277 1924/2538/2278
f 1913/2524/2264 1912/2525/2265 1924/2538/2278 1925/2539/2279
f 1914/2522/2262 1913/2524/2264 1925/2539/2279 1926/2540/2280
f 1914/2522/2262 1926/2540/2280 4974/2541/2281 4963/2523/2263
f 4973/2542/2282 4974/2541/2281 1926/2540/2280 1936/2543/2283
f 4961/2544/2284 1979/2545/2285 1935/2546/2286 4972/2547/2287
f 4972/2547/2287 1935/2546/2286 1934/2548/2288 4971/2549/2289
f 4971/2549/2289 1934/2548/2288 1933/2550/2290 4970/2551/2291
f 4970/2551/2291 1933/2550/2290 1932/2552/2292 4969/2553/2293
f 4969/2553/2293 1932/2552/2292 1931/2554/2294 4968/2555/2295
f 4968/2555/2295 1931/2554/2294 1930/2556/2296 4967/2557/2297
f 4967/2557/2297 1930/2556/2296 1929/2558/2298 4966/2559/2299
f 4966/2559/2299 1929/2558/2298 1928/2560/2300 4965/2561/2301
f 4975/2562/2302 2883/2563/2303 1927/2564/2304 4964/2565/2305
f 1215/1625/1454 5858/1626/1455 4964/2565/2305 1927/2564/2304
f 1214/1624/1453 1215/1625/1454 1927/2564/2304 2874/2566/2306
f 2883/2563/2303 1928/2560/2300 2893/2567/2307 1952/2568/2308
f 1928/2560/2300 1929/2558/2298 2892/2569/2309 2893/2567/2307
f 1929/2558/2298 1930/2556/2296 1943/2570/2310 2892/2569/2309
f 1930/2556/2296 1931/2554/2294 1942/2571/2311 1943/2570/2310
f 1931/2554/2294 1932/2552/2292 1941/2572/2312 1942/2571/2311
f 1932/2552/2292 1933/2550/2290 1940/2573/2313 1941/2572/2312
f 1933/2550/2290 1934/2548/2288 1939/2574/2314 1940/2573/2313
f 1934/2548/2288 1935/2546/2286 1938/2575/2315 1939/2574/2314
f 1979/2545/2285 1936/2543/2283 1937/2576/2316 1980/2577/2317
f 1925/2539/2279 1937/2576/2316 1936/2543/2283 1926/2540/2280
f 2860/1614/1446 1210/1616/1447 2867/2513/2253 1209/1612/1445
f 2866/1619/1449 1214/1624/1453 2874/2566/2306 2876/2578/2318
f 1211/1618/1448 2866/1619/1449 2876/2578/2318 2063/1737/1564
f 1211/1618/1448 2063/1737/1564 2875/1715/1544 1210/1616/1447
f 1210/1616/1447 2875/1715/1544 1945/1714/1543 2867/2513/2253
f 2867/2513/2253 1945/1714/1543 2062/2579/2319 2865/2512/2252
f 2865/2512/2252 2062/2579/2319 2061/2580/2320 2868/2511/2251
f 2868/2511/2251 2061/2580/2320 1944/2581/2321 2060/2510/2250
f 2060/2510/2250 1944/2581/2321 2878/2582/2322 2871/2509/2249
f 2871/2509/2249 2878/2582/2322 1919/2583/2323 1900/2508/2248
f 1900/2508/2248 1919/2583/2323 1918/2584/2324 2870/2505/2245
f 2870/2505/2245 1918/2584/2324 1917/2585/2325 2873/2506/2246
f 2873/2506/2246 1917/2585/2325 1916/2533/2273 2059/2532/2272
f 1946/2586/2326 1432/1893/1698 1431/1892/1697 2888/2587/2327
f 1433/1894/1699 1432/1893/1698 1946/2586/2326 1947/2588/2328
f 1434/1895/1700 1433/1894/1699 1947/2588/2328 1948/2589/2329
f 1435/1875/1680 1434/1895/1700 1948/2589/2329 1949/2590/2330
f 1436/1876/1681 1435/1875/1680 1949/2590/2330 1950/1878/1683
f 1942/2571/2311 1947/2588/2328 1946/2586/2326 1943/2570/2310
f 1941/2572/2312 1948/2589/2329 1947/2588/2328 1942/2571/2311
f 1943/2570/2310 1946/2586/2326 2888/2587/2327 2892/2569/2309
f 1412/1884/1689 2889/2591/2331 2888/2587/2327 1431/1892/1697
f 1414/1883/1688 1951/2592/2332 2889/2591/2331 1412/1884/1689
f 1940/2573/2313 1949/2590/2330 1948/2589/2329 1941/2572/2312
f 1939/2574/2314 1950/1878/1683 1949/2590/2330 1940/2573/2313
f 1927/2564/2304 2883/2563/2303 1952/2568/2308 2874/2566/2306
f 4965/2561/2301 1928/2560/2300 2883/2563/2303 4975/2562/2302
f 2893/2567/2307 2892/2569/2309 2888/2587/2327 2889/2591/2331
f 1415/1886/1691 2890/2593/2333 1951/2592/2332 1414/1883/1688
f 1416/1852/1657 1954/1890/1695 2890/2593/2333 1415/1886/1691
f 1951/2592/2332 2894/2594/2334 2893/2567/2307 2889/2591/2331
f 2894/2594/2334 1951/2592/2332 2890/2593/2333 1953/1684/1513
f 1952/2568/2308 2893/2567/2307 2894/2594/2334 2886/2595/2335
f 1953/1684/1513 2887/1683/1512 2886/2595/2335 2894/2594/2334
f 1952/2568/2308 2886/2595/2335 2876/2578/2318 2874/2566/2306
f 2063/1737/1564 2876/2578/2318 2886/2595/2335 2887/1683/1512
f 1256/1686/1515 1233/1679/1508 1234/1678/1507 1258/1677/1506
f 1955/1716/1545 2882/1682/1511 2891/1685/1514 1257/2596/2336
f 2891/1685/1514 1953/1684/1513 2890/2593/2333 1954/1890/1695
f 1257/2596/2336 2891/1685/1514 1954/1890/1695 1417/1889/1694
f 2062/2579/2319 1945/1714/1543 1955/1716/1545 2884/2597/2337
f 1955/1716/1545 1257/2596/2336 1956/2598/2338 2884/2597/2337
f 1392/1853/1658 1956/2598/2338 1257/2596/2336 1417/1889/1694
f 2061/2580/2320 2062/2579/2319 2884/2597/2337 2885/2599/2339
f 2884/2597/2337 1956/2598/2338 1957/2600/2340 2885/2599/2339
f 1367/1832/1637 1957/2600/2340 1956/2598/2338 1392/1853/1658
f 1944/2581/2321 2061/2580/2320 2885/2599/2339 2064/2601/2341
f 2885/2599/2339 1957/2600/2340 1958/2602/2342 2064/2601/2341
f 1351/1816/1621 1958/2602/2342 1957/2600/2340 1367/1832/1637
f 2878/2582/2322 1944/2581/2321 2064/2601/2341 1960/2603/2343
f 2064/2601/2341 1958/2602/2342 1959/2604/2344 1960/2603/2343
f 1328/1799/1605 1959/2604/2344 1958/2602/2342 1351/1816/1621
f 1919/2583/2323 2878/2582/2322 1960/2603/2343 1962/2605/2345
f 1960/2603/2343 1959/2604/2344 1961/2606/2346 1962/2605/2345
f 1303/1798/1604 1961/2606/2346 1959/2604/2344 1328/1799/1605
f 1918/2584/2324 1919/2583/2323 1962/2605/2345 1967/2607/2347
f 1962/2605/2345 1961/2606/2346 1966/2608/2348 1967/2607/2347
f 1961/2606/2346 1303/1798/1604 1965/2609/2349 1966/2608/2348
f 1917/2585/2325 1918/2584/2324 1967/2607/2347 1970/2610/2350
f 1967/2607/2347 1966/2608/2348 1969/2611/2351 1970/2610/2350
f 1966/2608/2348 1965/2609/2349 1968/2612/2352 1969/2611/2351
f 1916/2533/2273 1917/2585/2325 1970/2610/2350 1972/2613/2353
f 1970/2610/2350 1969/2611/2351 1971/2614/2354 1972/2613/2353
f 1963/2615/2355 1971/2614/2354 1969/2611/2351 1968/2612/2352
f 2877/2487/2227 1916/2533/2273 1972/2613/2353 1974/2485/2225
f 1972/2613/2353 1971/2614/2354 1973/2616/2356 1974/2485/2225
f 1964/2617/2357 1973/2616/2356 1971/2614/2354 1963/2615/2355
f 1303/1798/1604 1423/1801/1607 1424/1874/1679 1965/2609/2349
f 1425/1877/1682 1968/2612/2352 1965/2609/2349 1424/1874/1679
f 1413/1881/1686 1963/2615/2355 1968/2612/2352 1425/1877/1682
f 1426/1880/1685 1964/2617/2357 1963/2615/2355 1413/1881/1686
f 1977/2618/2358 1978/2486/2226 1974/2485/2225 1973/2616/2356
f 1977/2618/2358 1973/2616/2356 1964/2617/2357 1975/2619/2359
f 1884/2488/2228 1883/2481/2221 1882/2480/2220 1978/2486/2226
f 1978/2486/2226 1977/2618/2358 1885/2489/2229 1884/2488/2228
f 1885/2489/2229 1977/2618/2358 1975/2619/2359 1886/2490/2230
f 1427/1882/1687 1899/2620/2360 1964/2617/2357 1426/1880/1685
f 1976/2621/2361 1975/2619/2359 1964/2617/2357 1899/2620/2360
f 1887/2491/2231 1886/2490/2230 1975/2619/2359 1976/2621/2361
f 1935/2546/2286 1979/2545/2285 1980/2577/2317 1938/2575/2315
f 4973/2542/2282 1936/2543/2283 1979/2545/2285 4961/2544/2284
f 2002/1887/1692 2003/2622/2362 1981/1891/1696 1437/1879/1684
f 1270/1654/1483 1246/1651/1480 1247/1648/1477 1271/1647/1476
f 1428/1885/1690 1429/1856/1661 1981/1891/1696 1982/2623/2363
f 1427/1882/1687 1428/1885/1690 1982/2623/2363 1983/2624/2364
f 1899/2620/2360 1427/1882/1687 1983/2624/2364 1984/2625/2365
f 1888/2492/2232 1887/2491/2231 1976/2621/2361 1985/2626/2366
f 1976/2621/2361 1899/2620/2360 1984/2625/2365 1985/2626/2366
f 1893/2497/2237 1990/2627/2367 1920/2534/2274 1894/2498/2238
f 1893/2497/2237 1892/2496/2236 1989/2628/2368 1990/2627/2367
f 1892/2496/2236 1891/2495/2235 1988/2629/2369 1989/2628/2368
f 1891/2495/2235 1890/2494/2234 1987/2630/2370 1988/2629/2369
f 1890/2494/2234 1889/2493/2233 1986/2631/2371 1987/2630/2370
f 1889/2493/2233 1888/2492/2232 1985/2626/2366 1986/2631/2371
f 1991/2632/2372 1986/2631/2371 1985/2626/2366 1984/2625/2365
f 1982/2623/2363 1991/2632/2372 1984/2625/2365 1983/2624/2364
f 1981/1891/1696 1992/2633/2373 1991/2632/2372 1982/2623/2363
f 1987/2630/2370 1986/2631/2371 1991/2632/2372 1992/2633/2373
f 1996/2634/2374 1990/2627/2367 1989/2628/2368 2000/2635/2375
f 2000/2635/2375 1989/2628/2368 1988/2629/2369 2004/2636/2376
f 1980/2577/2317 1997/2637/2377 2001/1888/1693 1938/2575/2315
f 1997/2637/2377 1998/2638/2378 2002/1887/1692 2001/1888/1693
f 1998/2638/2378 1999/2639/2379 2003/2622/2362 2002/1887/1692
f 1999/2639/2379 2000/2635/2375 2004/2636/2376 2003/2622/2362
f 1937/2576/2316 1993/2640/2380 1997/2637/2377 1980/2577/2317
f 1993/2640/2380 1994/2641/2381 1998/2638/2378 1997/2637/2377
f 1994/2641/2381 1995/2642/2382 1999/2639/2379 1998/2638/2378
f 1995/2642/2382 1996/2634/2374 2000/2635/2375 1999/2639/2379
f 1920/2534/2274 1990/2627/2367 1996/2634/2374 1921/2535/2275
f 1921/2535/2275 1996/2634/2374 1995/2642/2382 1922/2536/2276
f 1922/2536/2276 1995/2642/2382 1994/2641/2381 1923/2537/2277
f 1923/2537/2277 1994/2641/2381 1993/2640/2380 1924/2538/2278
f 1924/2538/2278 1993/2640/2380 1937/2576/2316 1925/2539/2279
f 1988/2629/2369 1987/2630/2370 1992/2633/2373 2004/2636/2376
f 1992/2633/2373 1981/1891/1696 2003/2622/2362 2004/2636/2376
f 1938/2575/2315 2001/1888/1693 1950/1878/1683 1939/2574/2314
f 1698/2643/2007 4950/2644/2006 4976/2645/2383 2005/2646/2384
f 1745/2274/2046 1793/2324/2082 1794/2647/2385 1746/2286/2058
f 4951/2349/2105 1775/2328/2086 1792/2648/2386 4868/2649/2387
f 1793/2324/2082 2042/2323/2081 2041/2650/2388 1794/2647/2385
f 1774/2651/2389 2006/2267/2039 4977/2350/2106 4954/2652/2390
f 2042/2323/2081 2009/2268/2040 2006/2267/2039 1774/2651/2389
f 1746/2286/2058 1794/2647/2385 2041/2650/2388 1773/2326/2084
f 4868/2649/2387 1792/2648/2386 1774/2651/2389 4954/2652/2390
f 2008/2275/2047 2007/2265/2037 1743/2270/2042 1725/2282/2054
f 1724/2395/2142 2011/2394/2141 2008/2275/2047 1725/2282/2054
f 2012/2393/2140 2025/2653/2391 2024/2654/2392 2011/2394/2141
f 1723/2655/2393 2013/2656/2394 2012/2393/2140 1736/2392/2139
f 1722/2657/2395 2014/2658/2396 2013/2656/2394 1723/2655/2393
f 1721/2659/2397 2015/2660/2398 2014/2658/2396 1722/2657/2395
f 1720/2661/2399 2016/2662/2400 2015/2660/2398 1721/2659/2397
f 1719/2468/2208 2017/2663/2401 2016/2662/2400 1720/2661/2399
f 1701/2664/2010 1698/2643/2007 2005/2646/2384 2020/2665/2402
f 1701/2664/2010 2020/2665/2402 2019/2666/2403 1709/2667/2019
f 1709/2667/2019 2019/2666/2403 2018/2668/2404 1711/2669/2021
f 1711/2669/2021 2018/2668/2404 1717/2333/2089 1712/2332/2022
f 4595/2277/2049 4594/2670/2405 6257/2671/2406 6258/2278/2050
f 1719/2468/2208 1732/2335/2091 1718/2334/2090 1717/2333/2089
f 2037/2672/2407 4987/2673/2408 4986/2674/2409 2036/2675/2410
f 1717/2333/2089 2018/2668/2404 2017/2663/2401 1719/2468/2208
f 2021/2261/2033 4979/2676/2411 4978/2273/2045 2010/2259/2031
f 1792/2648/2386 2041/2650/2388 2042/2323/2081 1774/2651/2389
f 1775/2328/2086 1773/2326/2084 2041/2650/2388 1792/2648/2386
f 2011/2394/2141 2024/2654/2392 2022/2260/2032 2008/2275/2047
f 2025/2653/2391 2031/2677/2412 2023/2678/2413 2024/2654/2392
f 4600/2679/2414 4587/2680/2415 6248/2681/2416 6249/2682/2417
f 2013/2656/2394 2026/2683/2418 2025/2653/2391 2012/2393/2140
f 2014/2658/2396 2027/2684/2419 2026/2683/2418 2013/2656/2394
f 2015/2660/2398 2028/2685/2420 2027/2684/2419 2014/2658/2396
f 2016/2662/2400 2029/2686/2421 2028/2685/2420 2015/2660/2398
f 2017/2663/2401 2030/2687/2422 2029/2686/2421 2016/2662/2400
f 2022/2260/2032 2024/2654/2392 2023/2678/2413 2021/2261/2033
f 4981/2688/2423 4980/2689/2424 2023/2678/2413 2031/2677/2412
f 2026/2683/2418 2032/2690/2425 2031/2677/2412 2025/2653/2391
f 2027/2684/2419 2033/2691/2426 2032/2690/2425 2026/2683/2418
f 2028/2685/2420 2034/2692/2427 2033/2691/2426 2027/2684/2419
f 2029/2686/2421 2035/2693/2428 2034/2692/2427 2028/2685/2420
f 2030/2687/2422 2036/2675/2410 2035/2693/2428 2029/2686/2421
f 2020/2665/2402 2038/2694/2429 2018/2668/2404 2019/2666/2403
f 2021/2261/2033 2023/2678/2413 4980/2689/2424 4979/2676/2411
f 1724/2395/2142 1725/2282/2054 6235/2477/2217 6234/2695/2430
f 4982/2696/2431 4981/2688/2423 2031/2677/2412 2032/2690/2425
f 4983/2697/2432 4982/2696/2431 2032/2690/2425 2033/2691/2426
f 4984/2698/2433 4983/2697/2432 2033/2691/2426 2034/2692/2427
f 4985/2699/2434 4984/2698/2433 2034/2692/2427 2035/2693/2428
f 4986/2674/2409 4985/2699/2434 2035/2693/2428 2036/2675/2410
f 2038/2694/2429 2030/2687/2422 2017/2663/2401 2018/2668/2404
f 2038/2694/2429 2037/2672/2407 2036/2675/2410 2030/2687/2422
f 2092/2700/2435 2093/2701/2436 2073/395/365 2065/367/338
f 5777/2702/2437 2067/2703/2438 2066/2704/2439 5776/2705/2440
f 5778/2706/2441 2068/2707/2442 2238/2708/2443 5802/2709/2444
f 5779/2710/2445 2069/2711/2446 2068/2707/2442 5778/2706/2441
f 5780/2712/2447 2070/2713/2448 2069/2711/2446 5779/2710/2445
f 2214/2714/2449 2134/2715/2450 2086/2716/2451 2212/2717/2452
f 2924/2718/2453 2099/2719/2454 2088/2720/2455 2840/2721/2456
f 2079/2722/2457 5770/2723/2458 5772/2724/2459 2072/2725/2460
f 2126/2726/2461 2920/2727/2462 2917/2728/2463 2127/2729/2464
f 2213/2730/2465 375/430/400 2081/427/397 2207/426/396
f 2067/2703/2438 2075/2731/2466 2074/2732/2467 2066/2704/2439
f 2068/2707/2442 2076/2733/2468 2240/2734/2469 2238/2708/2443
f 2069/2711/2446 2077/2735/2470 2076/2733/2468 2068/2707/2442
f 2070/2713/2448 2078/2736/2471 2077/2735/2470 2069/2711/2446
f 5793/2737/2472 2132/2738/2473 2070/2713/2448 5780/2712/2447
f 2840/2721/2456 2088/2720/2455 2087/2739/2474 2915/2740/2475
f 2800/2741/2476 2801/2742/2477 2099/2719/2454 2924/2718/2453
f 2938/2743/2478 2137/2744/2479 2925/2745/2480 2821/2746/2481
f 2209/2747/2482 2083/2748/2483 2082/2749/2484 2208/2750/2485
f 2210/2751/2486 2084/2752/2487 2239/2753/2488 2243/2754/2489
f 2211/2755/2490 2085/2756/2491 2084/2752/2487 2210/2751/2486
f 2212/2717/2452 2086/2716/2451 2085/2756/2491 2211/2755/2490
f 2134/2715/2450 2135/2757/2492 2101/2758/2493 2086/2716/2451
f 2080/2759/2494 5771/2760/2495 5770/2723/2458 2079/2722/2457
f 2811/2761/2496 5806/2762/2497 5771/2760/2495 2080/2759/2494
f 2822/2763/2498 2821/2746/2481 2920/2727/2462 2126/2726/2461
f 2083/2748/2483 2090/2764/2499 2089/2765/2500 2082/2749/2484
f 2084/2752/2487 2091/2766/2501 2241/2767/2502 2239/2753/2488
f 2149/2768/2503 2151/2769/2504 376/431/401 375/430/400
f 2215/2770/2505 2149/2768/2503 375/430/400 2213/2730/2465
f 2147/2771/2506 2148/2772/2507 2093/2701/2436 2092/2700/2435
f 5798/2773/2508 2147/2771/2506 2092/2700/2435 5784/2774/2509
f 2095/749/709 2190/861/814 2205/2775/2510 2154/2776/2511
f 2791/2777/2512 2119/2778/2513 2145/2779/2514 2790/2780/2515
f 2107/2781/2516 2775/2782/2517 2774/2783/2518 2778/2784/2519
f 2150/2785/2520 2094/746/706 2095/749/709 2154/2776/2511
f 2150/2785/2520 2959/2786/2521 2958/728/688 2094/746/706
f 515/754/714 377/737/697 2153/2787/2522 2206/2788/2523
f 5795/2789/2524 2140/2790/2525 2104/2791/2526 5790/2792/2527
f 2103/2793/2528 2937/2794/2529 2142/2795/2530 2144/2796/2531
f 2086/2716/2451 2101/2758/2493 2098/2797/2532 2085/2756/2491
f 2085/2756/2491 2098/2797/2532 2091/2766/2501 2084/2752/2487
f 5799/2798/2533 5782/753/713 2942/750/710 2152/2799/2534
f 5785/2800/2535 5783/2801/2536 2945/2802/2537 2946/2803/2538
f 5803/2804/2539 5785/2805/2535 2946/2806/2538 2783/2807/2540
f 5787/2808/2541 5786/2809/2542 2932/2810/2543 2933/2811/2544
f 5804/2812/2545 5787/2808/2541 2933/2811/2544 2936/2813/2546
f 2108/2814/2547 2776/2815/2548 2775/2782/2517 2107/2781/2516
f 2109/2816/2549 2777/2817/2550 2776/2815/2548 2108/2814/2547
f 2151/2769/2504 2153/2787/2522 377/737/697 376/431/401
f 2106/2818/2551 2196/2819/2552 2198/2820/2553 2115/2821/2554
f 2233/2822/2555 2230/2823/2556 2105/2824/2557 2195/2825/2558
f 2114/2826/2559 2131/2827/2560 2204/2828/2561 2197/2829/2562
f 2231/2830/2563 2234/2831/2564 2196/2819/2552 2106/2818/2551
f 2090/2764/2499 2114/2826/2559 2105/2824/2557 2089/2765/2500
f 2377/2832/2565 2380/2833/2566 2379/2834/2567 2378/2835/2568
f 2199/2836/2569 2117/2837/2570 2118/2838/2571 2201/2839/2572
f 2824/2840/2573 2113/2841/2574 2945/2802/2537 2947/2842/2575
f 2767/2843/2576 2129/2844/2577 2139/2845/2578 2763/2846/2579
f 2768/2847/2580 2769/2848/2581 2111/2849/2582 2112/2850/2583
f 2793/2851/2584 2839/2852/2585 2115/2821/2554 2130/2853/2586
f 2203/2854/2587 2200/2855/2588 2116/2856/2589 2130/2853/2586
f 2131/2827/2560 2117/2837/2570 2199/2836/2569 2204/2828/2561
f 2098/2797/2532 2118/2838/2571 2117/2837/2570 2091/2766/2501
f 2192/2857/2590 2201/2839/2572 2118/2838/2571 2102/2858/2591
f 2141/2859/2592 2934/2860/2593 2794/2861/2594 2100/2862/2595
f 2096/2863/2596 2110/2864/2597 2770/2865/2598 2771/2866/2599
f 2104/2791/2526 2935/2867/2600 5794/2868/2601 5790/2792/2527
f 2104/2791/2526 2937/2794/2529 2938/2743/2478 2935/2867/2600
f 2937/2794/2529 2103/2793/2528 2137/2744/2479 2938/2743/2478
f 2119/2778/2513 2202/2869/2602 2191/2870/2603 2145/2779/2514
f 2102/2858/2591 2101/2758/2493 2135/2757/2492 2136/2871/2604
f 2164/2872/2605 2816/2873/2606 2124/2874/2607 2125/2875/2608
f 5830/2876/2609 2127/2729/2464 2155/2877/2610 5781/2878/2611
f 2919/2879/2612 2918/2880/2613 2929/2881/2614 2931/2882/2615
f 2819/2883/2616 2071/2884/2617 2122/2885/2618 2123/2886/2619
f 2816/2873/2606 2819/2883/2616 2123/2886/2619 2124/2874/2607
f 2920/2727/2462 2922/2887/2620 2919/2879/2612 2917/2728/2463
f 2071/2884/2617 2072/2725/2460 2121/2888/2621 2122/2885/2618
f 2915/2740/2475 2087/2739/2474 2930/2889/2622 2927/2890/2623
f 2072/2725/2460 5772/2724/2459 5773/2891/2624 2121/2888/2621
f 2191/2870/2603 2192/2857/2590 2146/2892/2625 2193/2893/2626
f 2917/2728/2463 2919/2879/2612 2931/2882/2615 2156/2894/2627
f 2821/2746/2481 2925/2745/2480 2922/2887/2620 2920/2727/2462
f 5783/2801/2536 5774/2895/2628 2947/2842/2575 2945/2802/2537
f 5784/2774/2509 2092/2700/2435 2065/367/338 5775/366/337
f 2926/2896/2629 2924/2718/2453 2840/2721/2456 2923/2897/2630
f 2923/2897/2630 2840/2721/2456 2915/2740/2475 2916/2898/2631
f 2935/2867/2600 2938/2743/2478 2821/2746/2481 2822/2763/2498
f 2827/2899/2632 2926/2896/2629 2923/2897/2630 2921/2900/2633
f 2088/2720/2455 2128/2901/2634 2164/2872/2605 2087/2739/2474
f 2099/2719/2454 2157/2902/2635 2128/2901/2634 2088/2720/2455
f 2801/2742/2477 2803/2903/2636 2157/2902/2635 2099/2719/2454
f 2799/2904/2637 2800/2741/2476 2924/2718/2453 2926/2896/2629
f 2798/2905/2638 2799/2904/2637 2926/2896/2629 2827/2899/2632
f 2795/2906/2639 2789/2907/2640 2790/2780/2515 2145/2779/2514
f 2921/2900/2633 2923/2897/2630 2916/2898/2631 2918/2880/2613
f 2127/2729/2464 2917/2728/2463 2156/2894/2627 2155/2877/2610
f 2198/2820/2553 2203/2854/2587 2130/2853/2586 2115/2821/2554
f 2116/2856/2589 2200/2855/2588 2202/2869/2602 2119/2778/2513
f 2781/2908/2641 2782/2909/2642 2824/2840/2573 2957/2910/2643
f 2768/2847/2580 2112/2850/2583 2129/2844/2577 2767/2843/2576
f 2091/2766/2501 2117/2837/2570 2131/2827/2560 2241/2767/2502
f 2138/2911/2644 2113/2841/2574 2824/2840/2573 2782/2909/2642
f 2830/2912/2645 2957/2910/2643 2824/2840/2573 2831/2913/2646
f 2152/2799/2534 2942/750/710 2952/725/685 2825/2914/2647
f 2132/2738/2473 2133/2915/2648 2078/2736/2471 2070/2713/2448
f 2139/2916/2578 2138/2917/2644 2764/2918/2649 2763/2919/2579
f 2096/2863/2596 2771/2866/2599 2777/2817/2550 2109/2816/2549
f 2782/2920/2642 2765/2921/2650 2764/2918/2649 2138/2917/2644
f 5789/2922/2651 2934/2860/2593 2140/2790/2525 5795/2789/2524
f 5789/2922/2651 5788/2923/2652 2794/2861/2594 2934/2860/2593
f 2140/2790/2525 2934/2860/2593 2141/2859/2592 2142/2795/2530
f 2143/2924/2653 2193/2893/2626 2146/2892/2625 2144/2796/2531
f 2143/2924/2653 2141/2859/2592 2100/2862/2595 2097/2925/2654
f 2110/2864/2597 2111/2849/2582 2769/2848/2581 2770/2865/2598
f 2823/2926/2655 2106/2818/2551 2115/2821/2554 2839/2852/2585
f 2116/2856/2589 2119/2778/2513 2791/2777/2512 2792/2927/2656
f 2130/2853/2586 2116/2856/2589 2792/2927/2656 2793/2851/2584
f 2937/2794/2529 2104/2791/2526 2140/2790/2525 2142/2795/2530
f 2918/2880/2613 2916/2898/2631 2928/2928/2657 2929/2881/2614
f 2087/2739/2474 2164/2872/2605 2125/2875/2608 2930/2889/2622
f 2916/2898/2631 2915/2740/2475 2927/2890/2623 2928/2928/2657
f 2195/2825/2558 2105/2824/2557 2114/2826/2559 2197/2829/2562
f 2102/2858/2591 2118/2838/2571 2098/2797/2532 2101/2758/2493
f 2229/2929/2658 2152/2799/2534 2825/2914/2647 2831/2913/2646
f 2958/728/688 2959/2786/2521 2825/2914/2647 2952/725/685
f 2228/2930/2659 2230/2823/2556 2153/2787/2522 2151/2769/2504
f 5801/2931/2660 5799/2798/2533 2152/2799/2534 2229/2929/2658
f 2832/2932/2661 2830/2912/2645 2959/2786/2521 2150/2785/2520
f 2832/2932/2661 2150/2785/2520 2154/2776/2511 2231/2830/2563
f 5800/2933/2662 2225/2934/2663 2147/2771/2506 5798/2773/2508
f 2225/2934/2663 2226/2935/2664 2148/2772/2507 2147/2771/2506
f 2235/2936/2665 2227/2937/2666 2149/2768/2503 2215/2770/2505
f 2227/2937/2666 2228/2930/2659 2151/2769/2504 2149/2768/2503
f 1091/1424/1278 1084/1423/1277 1085/2938/1309 2176/2939/2667
f 2881/2940/2668 2165/2941/2669 2829/2942/2670 2880/2943/2671
f 2857/2944/2672 2165/2941/2669 2881/2940/2668 2172/2945/2673
f 2857/2944/2672 2172/2945/2673 2173/2946/2674 1086/1627/1456
f 2170/2947/2675 2167/2948/2676 2856/2949/2677 2879/2950/2678
f 2170/2947/2675 2171/2951/2679 2166/2952/2680 2167/2948/2676
f 2880/2943/2671 2829/2942/2670 2166/2952/2680 2171/2951/2679
f 2855/1603/1286 1086/1627/1456 2173/2946/2674 2828/2953/1308
f 2174/2954/2681 2163/2955/2682 2828/2956/1308 2173/2957/2674
f 2175/2958/2683 2162/2959/2684 2163/2955/2682 2174/2954/2681
f 2177/2960/2685 2161/2961/2686 2162/2959/2684 2175/2958/2683
f 2176/2939/2667 1085/2938/1309 2161/2962/2686 2177/2963/2685
f 2156/2894/2627 2931/2882/2615 2170/2964/2675 2879/2965/2678
f 2931/2882/2615 2929/2881/2614 2171/2966/2679 2170/2964/2675
f 2929/2881/2614 2928/2928/2657 2880/2967/2671 2171/2966/2679
f 2928/2928/2657 2927/2890/2623 2881/2968/2668 2880/2967/2671
f 2927/2890/2623 2930/2889/2622 2172/2969/2673 2881/2968/2668
f 2123/2886/2619 2122/2885/2618 2177/2960/2685 2175/2958/2683
f 2124/2874/2607 2123/2886/2619 2175/2958/2683 2174/2954/2681
f 2173/2957/2674 2125/2875/2608 2124/2874/2607 2174/2954/2681
f 5792/2970/2687 5781/2878/2611 2155/2877/2610 2169/2971/2688
f 2155/2877/2610 2156/2894/2627 2879/2965/2678 2169/2971/2688
f 2178/1460/1306 1091/1424/1278 2176/2939/2667 2179/2972/2689
f 2180/2973/2690 2179/2972/2689 2176/2939/2667 2177/2963/2685
f 2161/2974/2686 1072/1412/1267 2159/1411/1266 2162/2975/2684
f 2121/2888/2621 2180/2976/2690 2177/2960/2685 2122/2885/2618
f 1085/1467/1309 2158/1448/1296 1072/1412/1267 2161/2974/2686
f 2163/2977/2682 2053/1373/1240 2160/1372/1239 2828/1466/1308
f 2162/2975/2684 2159/1411/1266 2053/1373/1240 2163/2977/2682
f 2179/2972/2689 2180/2973/2690 5797/2978/2691 5796/2979/2692
f 5791/2980/2693 5792/2981/2687 2169/2982/2688 2168/2983/2694
f 2930/2889/2622 2125/2875/2608 2173/2957/2674 2172/2969/2673
f 2168/2983/2694 2169/2982/2688 2879/2950/2678 2856/2949/2677
f 2121/2888/2621 5773/2891/2624 5797/2984/2691 2180/2976/2690
f 4905/1470/1311 2178/1460/1306 2179/2972/2689 5796/2979/2692
f 2226/2935/2664 2232/2985/2695 2189/2986/2696 2148/2772/2507
f 2148/2772/2507 2189/2986/2696 2187/2987/2697 2093/2701/2436
f 2078/2736/2471 2186/2988/2698 2185/2989/2699 2077/2735/2470
f 2077/2735/2470 2185/2989/2699 2184/2990/2700 2076/2733/2468
f 2076/2733/2468 2184/2990/2700 2242/2991/2701 2240/2734/2469
f 2075/2731/2466 2183/2992/2702 2182/2993/2703 2074/2732/2467
f 2093/2701/2436 2187/2987/2697 2181/868/821 2073/395/365
f 2133/2915/2648 2188/2994/2704 2186/2988/2698 2078/2736/2471
f 2102/2858/2591 2136/2871/2604 2146/2892/2625 2192/2857/2590
f 2233/2822/2555 2195/2825/2558 2196/2819/2552 2234/2831/2564
f 2195/2825/2558 2197/2829/2562 2198/2820/2553 2196/2819/2552
f 2204/2828/2561 2199/2836/2569 2200/2855/2588 2203/2854/2587
f 2199/2836/2569 2201/2839/2572 2202/2869/2602 2200/2855/2588
f 2197/2829/2562 2204/2828/2561 2203/2854/2587 2198/2820/2553
f 2201/2839/2572 2192/2857/2590 2191/2870/2603 2202/2869/2602
f 515/754/714 2206/2788/2523 2205/2775/2510 2190/861/814
f 2236/2995/2705 2235/2936/2665 2215/2770/2505 2218/2996/2706
f 2097/2925/2654 2788/2997/2707 2789/2907/2640 2795/2906/2639
f 2218/2996/2706 2215/2770/2505 2213/2730/2465 2216/2998/2708
f 2224/2999/2709 2212/2717/2452 2211/2755/2490 2223/3000/2710
f 2223/3000/2710 2211/2755/2490 2210/2751/2486 2222/3001/2711
f 2222/3001/2711 2210/2751/2486 2243/2754/2489 2237/3002/2712
f 2221/3003/2713 2209/2747/2482 2208/2750/2485 2220/3004/2714
f 2216/2998/2708 2213/2730/2465 2207/426/396 2219/1322/1192
f 2217/3005/2715 2214/2714/2449 2212/2717/2452 2224/2999/2709
f 2188/2994/2704 2217/3005/2715 2224/2999/2709 2186/2988/2698
f 2187/2987/2697 2216/2998/2708 2219/1322/1192 2181/868/821
f 2183/2992/2702 2221/3003/2713 2220/3004/2714 2182/2993/2703
f 2184/2990/2700 2222/3001/2711 2237/3002/2712 2242/2991/2701
f 2185/2989/2699 2223/3000/2710 2222/3001/2711 2184/2990/2700
f 2186/2988/2698 2224/2999/2709 2223/3000/2710 2185/2989/2699
f 2189/2986/2696 2218/2996/2706 2216/2998/2708 2187/2987/2697
f 2232/2985/2695 2236/2995/2705 2218/2996/2706 2189/2986/2696
f 2182/2993/2703 2220/3004/2714 2236/2995/2705 2232/2985/2695
f 2220/3004/2714 2208/2750/2485 2235/2936/2665 2236/2995/2705
f 2206/2788/2523 2233/2822/2555 2234/2831/2564 2205/2775/2510
f 2074/2732/2467 2182/2993/2703 2232/2985/2695 2226/2935/2664
f 2082/2749/2484 2089/2765/2500 2228/2930/2659 2227/2937/2666
f 2208/2750/2485 2082/2749/2484 2227/2937/2666 2235/2936/2665
f 2066/2704/2439 2074/2732/2467 2226/2935/2664 2225/2934/2663
f 5776/2705/2440 2066/2704/2439 2225/2934/2663 5800/2933/2662
f 2823/2926/2655 2832/2932/2661 2231/2830/2563 2106/2818/2551
f 2823/2926/2655 2957/2910/2643 2830/2912/2645 2832/2932/2661
f 5774/2895/2628 5801/2931/2660 2229/2929/2658 2947/2842/2575
f 2089/2765/2500 2105/2824/2557 2230/2823/2556 2228/2930/2659
f 2947/2842/2575 2229/2929/2658 2831/2913/2646 2824/2840/2573
f 2959/2786/2521 2830/2912/2645 2831/2913/2646 2825/2914/2647
f 2154/2776/2511 2205/2775/2510 2234/2831/2564 2231/2830/2563
f 2206/2788/2523 2153/2787/2522 2230/2823/2556 2233/2822/2555
f 2241/2767/2502 2131/2827/2560 2114/2826/2559 2090/2764/2499
f 2244/3006/2716 2377/3007/2565 2378/3008/2568 2245/3009/2717
f 2242/2991/2701 2237/3002/2712 2221/3003/2713 2183/2992/2702
f 2240/2734/2469 2242/2991/2701 2183/2992/2702 2075/2731/2466
f 2239/2753/2488 2241/2767/2502 2090/2764/2499 2083/2748/2483
f 5802/2709/2444 2238/2708/2443 2067/2703/2438 5777/2702/2437
f 2243/2754/2489 2239/2753/2488 2083/2748/2483 2209/2747/2482
f 2238/2708/2443 2240/2734/2469 2075/2731/2466 2067/2703/2438
f 2237/3002/2712 2243/2754/2489 2209/2747/2482 2221/3003/2713
f 2247/3010/2718 2246/3011/2719 2244/3006/2716 2245/3009/2717
f 2251/3012/2720 2250/3013/2721 2253/3014/2722 2252/3015/2723
f 2248/3016/2724 2250/3013/2721 2251/3012/2720 2249/3017/2725
f 2252/3018/2723 2253/3019/2722 2254/3020/2726 2255/3021/2727
f 2252/3022/2723 2255/3023/2727 2249/3017/2725 2251/3012/2720
f 2248/3016/2724 2254/3020/2726 2253/3019/2722 2250/3013/2721
f 2257/3024/2728 2258/3025/2729 2259/3026/2730 2256/3027/2731
f 2263/3028/2732 2254/3020/2726 2248/3016/2724 2261/3029/2733
f 2254/3030/2726 2263/3031/2732 2262/3032/2734 2255/3033/2727
f 2255/3023/2727 2262/3034/2734 2260/3035/2735 2249/3017/2725
f 2248/3016/2724 2249/3017/2725 2260/3035/2735 2261/3029/2733
f 2265/3036/2736 2260/3035/2735 2262/3034/2734 2264/3037/2737
f 2261/3029/2733 2260/3035/2735 2266/3038/2738 2267/3039/2739
f 2265/3036/2736 2268/3040/2740 2266/3038/2738 2260/3035/2735
f 2274/3041/2741 2277/3042/2742 2275/3043/2743 2271/3044/2744
f 2343/3045/2745 2270/3046/2746 2332/3047/2747 2333/3048/2748
f 2269/3049/2749 2271/3044/2744 2266/3038/2738 2268/3040/2740
f 2267/3039/2739 2266/3038/2738 2271/3044/2744 2275/3043/2743
f 2277/3042/2742 2283/3050/2750 2281/3051/2751 2275/3043/2743
f 2272/3052/2752 2289/3053/2753 2322/3054/2754 2318/3055/2755
f 2279/3056/2756 2278/3057/2757 2263/3028/2732 2261/3029/2733
f 2267/3039/2739 2280/3058/2758 2279/3056/2756 2261/3029/2733
f 2275/3043/2743 2281/3051/2751 2280/3058/2758 2267/3039/2739
f 2282/3059/2759 2340/3060/2760 2339/3061/2761 2342/3062/2762
f 2270/3046/2746 2272/3052/2752 2318/3055/2755 2332/3047/2747
f 2285/3063/2763 2284/3064/2764 2278/3057/2757 2279/3056/2756
f 2280/3058/2758 2286/3065/2765 2285/3063/2763 2279/3056/2756
f 2281/3051/2751 2287/3066/2766 2286/3065/2765 2280/3058/2758
f 2276/3067/2767 2288/3068/2768 2283/3050/2750 2298/3069/2769
f 2282/3059/2759 2342/3062/2762 2288/3068/2768 2276/3067/2767
f 2264/3070/2737 2262/3032/2734 2304/3071/2770 2301/3072/2771
f 2274/3041/2741 2273/3073/2772 2290/3074/2773 2293/3075/2774
f 2291/3076/2775 2296/3077/2776 2293/3075/2774 2290/3074/2773
f 2277/3042/2742 2274/3041/2741 2293/3075/2774 2294/3078/2777
f 2296/3077/2776 2297/3079/2778 2294/3078/2777 2293/3075/2774
f 2291/3076/2775 2295/3080/2779 2297/3079/2778 2296/3077/2776
f 2297/3079/2778 2295/3080/2779 2298/3069/2769 2294/3078/2777
f 2277/3042/2742 2294/3078/2777 2298/3069/2769 2283/3050/2750
f 2284/3081/2764 2302/3082/2780 2303/3083/2781 2278/3084/2757
f 2278/3084/2757 2303/3083/2781 2305/3085/2782 2263/3031/2732
f 2304/3071/2770 2262/3032/2734 2263/3031/2732 2305/3085/2782
f 2300/3086/2783 2306/3087/2784 2301/3072/2771 2304/3071/2770
f 2299/3088/2785 2307/3089/2786 2306/3087/2784 2300/3086/2783
f 2300/3086/2783 2304/3071/2770 2305/3085/2782 2303/3083/2781
f 2299/3088/2785 2300/3086/2783 2303/3083/2781 2302/3082/2780
f 2311/3090/2787 2308/3091/2788 2256/3092/2731 2259/3093/2730
f 2259/3093/2730 2258/3025/2729 2310/3094/2789 2311/3090/2787
f 2258/3025/2729 2257/3024/2728 2309/3095/2790 2310/3094/2789
f 2257/3024/2728 2256/3096/2731 2308/3097/2788 2309/3095/2790
f 2285/3063/2763 2309/3095/2790 2308/3097/2788 2284/3064/2764
f 2310/3094/2789 2309/3095/2790 2285/3063/2763 2312/3098/2791
f 2311/3090/2787 2310/3094/2789 2312/3098/2791 2313/3099/2792
f 2284/3081/2764 2308/3100/2788 2311/3101/2787 2313/3102/2792
f 2313/3099/2792 2312/3098/2791 2314/3103/2793 2315/3104/2794
f 2319/3105/2795 2316/3106/2796 2321/3107/2797 2320/3108/2798
f 2299/3088/2785 2302/3082/2780 2316/3106/2796 2319/3105/2795
f 2284/3081/2764 2317/3109/2799 2316/3106/2796 2302/3082/2780
f 2317/3109/2799 2318/3055/2755 2321/3107/2797 2316/3106/2796
f 2299/3088/2785 2319/3105/2795 2323/3110/2800 2307/3089/2786
f 2319/3105/2795 2320/3108/2798 2322/3054/2754 2323/3110/2800
f 2320/3108/2798 2321/3107/2797 2318/3055/2755 2322/3054/2754
f 2313/3102/2792 2325/3111/2801 2324/3112/2802 2284/3081/2764
f 2317/3109/2799 2284/3081/2764 2324/3112/2802 2326/3113/2803
f 2318/3055/2755 2317/3109/2799 2326/3113/2803 2327/3114/2804
f 2325/3111/2801 2328/3115/2805 2326/3113/2803 2324/3112/2802
f 2327/3114/2804 2326/3113/2803 2328/3115/2805 2329/3116/2806
f 2329/3116/2806 2331/3117/2807 2330/3118/2808 2327/3114/2804
f 2315/3119/2794 2328/3115/2805 2325/3111/2801 2313/3102/2792
f 2329/3116/2806 2328/3115/2805 2315/3119/2794 2334/3120/2809
f 2329/3116/2806 2334/3120/2809 2333/3048/2748 2331/3117/2807
f 2331/3117/2807 2333/3048/2748 2332/3047/2747 2330/3118/2808
f 2318/3055/2755 2327/3114/2804 2330/3118/2808 2332/3047/2747
f 2314/3103/2793 2335/3121/2810 2334/3122/2809 2315/3104/2794
f 2336/3123/2811 2333/3124/2748 2334/3122/2809 2335/3121/2810
f 2286/3065/2765 2337/3125/2812 2312/3098/2791 2285/3063/2763
f 2287/3066/2766 2338/3126/2813 2337/3125/2812 2286/3065/2765
f 2314/3103/2793 2312/3098/2791 2337/3125/2812 2339/3061/2761
f 2335/3121/2810 2314/3103/2793 2339/3061/2761 2340/3060/2760
f 2336/3123/2811 2335/3121/2810 2340/3060/2760 2341/3127/2814
f 2288/3068/2768 2342/3062/2762 2338/3126/2813 2287/3066/2766
f 2338/3126/2813 2342/3062/2762 2339/3061/2761 2337/3125/2812
f 2283/3050/2750 2288/3068/2768 2287/3066/2766 2281/3051/2751
f 2271/3044/2744 2269/3049/2749 2273/3073/2772 2274/3041/2741
f 2345/3128/2815 2289/3053/2753 2272/3052/2752 2346/3129/2816
f 2270/3046/2746 2347/3130/2817 2346/3129/2816 2272/3052/2752
f 2343/3045/2745 2348/3131/2818 2347/3130/2817 2270/3046/2746
f 2349/3132/2819 2345/3128/2815 2346/3129/2816 2347/3130/2817
f 2349/3132/2819 2347/3130/2817 2350/3133/2820 2351/3134/2821
f 2336/3123/2811 2344/3135/2822 2343/3136/2745 2333/3124/2748
f 2348/3131/2818 2343/3045/2745 2352/3137/2823 2353/3138/2824
f 2348/3131/2818 2353/3138/2824 2350/3133/2820 2347/3130/2817
f 2344/3135/2822 2354/3139/2825 2352/3140/2823 2343/3136/2745
f 2341/3127/2814 2355/3141/2826 2344/3135/2822 2336/3123/2811
f 2354/3139/2825 2344/3135/2822 2355/3141/2826 2356/3142/2827
f 2358/3143/2828 2357/3144/2829 2351/3134/2821 2350/3133/2820
f 2352/3137/2823 2358/3143/2828 2350/3133/2820 2353/3138/2824
f 2362/3145/2830 2357/3146/2829 2358/3147/2828 2361/3148/2831
f 2358/3147/2828 2352/3149/2823 2360/3150/2832 2361/3148/2831
f 2359/3151/2833 2360/3150/2832 2352/3149/2823 2354/3152/2825
f 2356/3142/2827 2363/3153/2834 2359/3154/2833 2354/3139/2825
f 2282/3059/2759 2364/3155/2835 2341/3127/2814 2340/3060/2760
f 2276/3067/2767 2365/3156/2836 2364/3155/2835 2282/3059/2759
f 2276/3067/2767 2298/3069/2769 2295/3080/2779 2365/3156/2836
f 2355/3141/2826 2341/3127/2814 2364/3155/2835 2366/3157/2837
f 2365/3156/2836 2367/3158/2838 2366/3157/2837 2364/3155/2835
f 2368/3159/2839 2367/3158/2838 2365/3156/2836 2295/3080/2779
f 2356/3142/2827 2355/3141/2826 2366/3157/2837 2369/3160/2840
f 2367/3158/2838 2370/3161/2841 2369/3160/2840 2366/3157/2837
f 2368/3159/2839 2371/3162/2842 2370/3161/2841 2367/3158/2838
f 2292/3163/2843 2368/3159/2839 2295/3080/2779 2291/3076/2775
f 2371/3162/2842 2368/3159/2839 2292/3163/2843 2372/3164/2844
f 2363/3153/2834 2356/3142/2827 2369/3160/2840 2373/3165/2845
f 2370/3161/2841 2374/3166/2846 2373/3165/2845 2369/3160/2840
f 2371/3162/2842 2375/3167/2847 2374/3166/2846 2370/3161/2841
f 2372/3164/2844 2376/3168/2848 2375/3167/2847 2371/3162/2842
f 2377/3169/2565 2244/3006/2716 2246/3011/2719 2380/3170/2566
f 2247/3010/2718 2245/3009/2717 2378/2835/2568 2379/2834/2567
f 2382/3171/2849 2381/3172/2850 2384/3173/2851 2383/3174/2852
f 2388/3175/2853 2386/3176/2854 2247/3010/2718 2379/2834/2567
f 2379/3177/2567 2380/3178/2566 2387/3179/2855 2388/3180/2853
f 2380/3170/2566 2246/3011/2719 2385/3181/2856 2387/3182/2855
f 2247/3010/2718 2386/3176/2854 2385/3181/2856 2246/3011/2719
f 2265/3036/2736 2264/3037/2737 2387/3182/2855 2385/3181/2856
f 2386/3176/2854 2390/3183/2857 2389/3184/2858 2385/3181/2856
f 2265/3036/2736 2385/3181/2856 2389/3184/2858 2268/3040/2740
f 2394/3185/2859 2392/3186/2860 2395/3187/2861 2397/3188/2862
f 2454/3189/2863 2444/3190/2864 2443/3191/2865 2391/3192/2866
f 2269/3049/2749 2268/3040/2740 2389/3184/2858 2392/3186/2860
f 2390/3183/2857 2395/3187/2861 2392/3186/2860 2389/3184/2858
f 2397/3188/2862 2395/3187/2861 2401/3193/2867 2403/3194/2868
f 2393/3195/2869 2431/3196/2870 2322/3054/2754 2289/3053/2753
f 2399/3197/2871 2386/3176/2854 2388/3175/2853 2398/3198/2872
f 2390/3183/2857 2386/3176/2854 2399/3197/2871 2400/3199/2873
f 2395/3187/2861 2390/3183/2857 2400/3199/2873 2401/3193/2867
f 2402/3200/2874 2453/3201/2875 2450/3202/2876 2451/3203/2877
f 2391/3192/2866 2443/3191/2865 2431/3196/2870 2393/3195/2869
f 2405/3204/2878 2399/3197/2871 2398/3198/2872 2404/3205/2879
f 2400/3199/2873 2399/3197/2871 2405/3204/2878 2406/3206/2880
f 2401/3193/2867 2400/3199/2873 2406/3206/2880 2407/3207/2881
f 2396/3208/2882 2414/3209/2883 2403/3194/2868 2408/3210/2884
f 2402/3200/2874 2396/3208/2882 2408/3210/2884 2453/3201/2875
f 2264/3070/2737 2301/3072/2771 2419/3211/2885 2387/3179/2855
f 2394/3185/2859 2409/3212/2886 2290/3074/2773 2273/3073/2772
f 2291/3076/2775 2290/3074/2773 2409/3212/2886 2412/3213/2887
f 2397/3188/2862 2410/3214/2888 2409/3212/2886 2394/3185/2859
f 2412/3213/2887 2409/3212/2886 2410/3214/2888 2413/3215/2889
f 2291/3076/2775 2412/3213/2887 2413/3215/2889 2411/3216/2890
f 2413/3215/2889 2410/3214/2888 2414/3209/2883 2411/3216/2890
f 2397/3188/2862 2403/3194/2868 2414/3209/2883 2410/3214/2888
f 2404/3217/2879 2398/3218/2872 2418/3219/2891 2417/3220/2892
f 2398/3218/2872 2388/3180/2853 2420/3221/2893 2418/3219/2891
f 2419/3211/2885 2420/3221/2893 2388/3180/2853 2387/3179/2855
f 2416/3222/2894 2419/3211/2885 2301/3072/2771 2306/3087/2784
f 2415/3223/2895 2416/3222/2894 2306/3087/2784 2307/3089/2786
f 2416/3222/2894 2418/3219/2891 2420/3221/2893 2419/3211/2885
f 2415/3223/2895 2417/3220/2892 2418/3219/2891 2416/3222/2894
f 2424/3224/2896 2384/3225/2851 2381/3226/2850 2421/3227/2897
f 2384/3225/2851 2424/3224/2896 2423/3228/2898 2383/3174/2852
f 2383/3174/2852 2423/3228/2898 2422/3229/2899 2382/3171/2849
f 2382/3171/2849 2422/3229/2899 2421/3230/2897 2381/3231/2850
f 2405/3204/2878 2404/3205/2879 2421/3230/2897 2422/3229/2899
f 2423/3228/2898 2425/3232/2900 2405/3204/2878 2422/3229/2899
f 2424/3224/2896 2426/3233/2901 2425/3232/2900 2423/3228/2898
f 2404/3217/2879 2426/3234/2901 2424/3235/2896 2421/3236/2897
f 2426/3233/2901 2428/3237/2902 2427/3238/2903 2425/3232/2900
f 2432/3239/2904 2433/3240/2905 2434/3241/2906 2429/3242/2907
f 2415/3223/2895 2432/3239/2904 2429/3242/2907 2417/3220/2892
f 2404/3217/2879 2417/3220/2892 2429/3242/2907 2430/3243/2908
f 2430/3243/2908 2429/3242/2907 2434/3241/2906 2431/3196/2870
f 2415/3223/2895 2307/3089/2786 2323/3110/2800 2432/3239/2904
f 2432/3239/2904 2323/3110/2800 2322/3054/2754 2433/3240/2905
f 2433/3240/2905 2322/3054/2754 2431/3196/2870 2434/3241/2906
f 2426/3234/2901 2404/3217/2879 2435/3244/2909 2436/3245/2910
f 2430/3243/2908 2437/3246/2911 2435/3244/2909 2404/3217/2879
f 2431/3196/2870 2438/3247/2912 2437/3246/2911 2430/3243/2908
f 2436/3245/2910 2435/3244/2909 2437/3246/2911 2439/3248/2913
f 2438/3247/2912 2440/3249/2914 2439/3248/2913 2437/3246/2911
f 2440/3249/2914 2438/3247/2912 2441/3250/2915 2442/3251/2916
f 2428/3252/2902 2426/3234/2901 2436/3245/2910 2439/3248/2913
f 2440/3249/2914 2445/3253/2917 2428/3252/2902 2439/3248/2913
f 2440/3249/2914 2442/3251/2916 2444/3190/2864 2445/3253/2917
f 2442/3251/2916 2441/3250/2915 2443/3191/2865 2444/3190/2864
f 2431/3196/2870 2443/3191/2865 2441/3250/2915 2438/3247/2912
f 2427/3238/2903 2428/3237/2902 2445/3254/2917 2446/3255/2918
f 2447/3256/2919 2446/3255/2918 2445/3254/2917 2444/3257/2864
f 2406/3206/2880 2405/3204/2878 2425/3232/2900 2448/3258/2920
f 2407/3207/2881 2406/3206/2880 2448/3258/2920 2449/3259/2921
f 2427/3238/2903 2450/3202/2876 2448/3258/2920 2425/3232/2900
f 2446/3255/2918 2451/3203/2877 2450/3202/2876 2427/3238/2903
f 2447/3256/2919 2452/3260/2922 2451/3203/2877 2446/3255/2918
f 2408/3210/2884 2407/3207/2881 2449/3259/2921 2453/3201/2875
f 2449/3259/2921 2448/3258/2920 2450/3202/2876 2453/3201/2875
f 2403/3194/2868 2401/3193/2867 2407/3207/2881 2408/3210/2884
f 2392/3186/2860 2394/3185/2859 2273/3073/2772 2269/3049/2749
f 2345/3128/2815 2456/3261/2923 2393/3195/2869 2289/3053/2753
f 2391/3192/2866 2393/3195/2869 2456/3261/2923 2457/3262/2924
f 2454/3189/2863 2391/3192/2866 2457/3262/2924 2458/3263/2925
f 2349/3132/2819 2457/3262/2924 2456/3261/2923 2345/3128/2815
f 2349/3132/2819 2351/3134/2821 2459/3264/2926 2457/3262/2924
f 2447/3256/2919 2444/3257/2864 2454/3265/2863 2455/3266/2927
f 2458/3263/2925 2461/3267/2928 2460/3268/2929 2454/3189/2863
f 2458/3263/2925 2457/3262/2924 2459/3264/2926 2461/3267/2928
f 2455/3266/2927 2454/3265/2863 2460/3269/2929 2462/3270/2930
f 2452/3260/2922 2447/3256/2919 2455/3266/2927 2463/3271/2931
f 2462/3270/2930 2464/3272/2932 2463/3271/2931 2455/3266/2927
f 2465/3273/2933 2459/3264/2926 2351/3134/2821 2357/3144/2829
f 2460/3268/2929 2461/3267/2928 2459/3264/2926 2465/3273/2933
f 2362/3145/2830 2468/3274/2934 2465/3275/2933 2357/3146/2829
f 2465/3275/2933 2468/3274/2934 2467/3276/2935 2460/3269/2929
f 2466/3277/2936 2462/3270/2930 2460/3269/2929 2467/3276/2935
f 2464/3272/2932 2462/3270/2930 2466/3277/2936 2469/3278/2937
f 2402/3200/2874 2451/3203/2877 2452/3260/2922 2470/3279/2938
f 2396/3208/2882 2402/3200/2874 2470/3279/2938 2471/3280/2939
f 2396/3208/2882 2471/3280/2939 2411/3216/2890 2414/3209/2883
f 2463/3271/2931 2472/3281/2940 2470/3279/2938 2452/3260/2922
f 2471/3280/2939 2470/3279/2938 2472/3281/2940 2473/3282/2941
f 2474/3283/2942 2411/3216/2890 2471/3280/2939 2473/3282/2941
f 2464/3272/2932 2475/3284/2943 2472/3281/2940 2463/3271/2931
f 2473/3282/2941 2472/3281/2940 2475/3284/2943 2476/3285/2944
f 2474/3283/2942 2473/3282/2941 2476/3285/2944 2477/3286/2945
f 2292/3163/2843 2291/3076/2775 2411/3216/2890 2474/3283/2942
f 2477/3286/2945 2372/3164/2844 2292/3163/2843 2474/3283/2942
f 2469/3278/2937 2478/3287/2946 2475/3284/2943 2464/3272/2932
f 2476/3285/2944 2475/3284/2943 2478/3287/2946 2479/3288/2947
f 2477/3286/2945 2476/3285/2944 2479/3288/2947 2480/3289/2948
f 2372/3164/2844 2477/3286/2945 2480/3289/2948 2376/3168/2848
f 2478/3287/2946 2469/3278/2937 2493/3290/2949 2494/3291/2950
f 2469/3278/2937 2466/3277/2936 2490/3292/2951 2493/3290/2949
f 2376/3168/2848 2480/3289/2948 2496/3293/2952 2489/3294/2953
f 2479/3288/2947 2478/3287/2946 2494/3291/2950 2495/3295/2954
f 2363/3153/2834 2373/3165/2845 2486/3296/2955 2485/3297/2956
f 2359/3154/2833 2363/3153/2834 2485/3297/2956 2481/3298/2957
f 2480/3289/2948 2479/3288/2947 2495/3295/2954 2496/3293/2952
f 2373/3165/2845 2374/3166/2846 2487/3299/2958 2486/3296/2955
f 2360/3150/2832 2359/3151/2833 2481/3300/2957 2482/3301/2959
f 2466/3277/2936 2467/3276/2935 2491/3302/2960 2490/3292/2951
f 2374/3166/2846 2375/3167/2847 2488/3303/2961 2487/3299/2958
f 2467/3276/2935 2468/3274/2934 2492/3304/2962 2491/3302/2960
f 2361/3148/2831 2360/3150/2832 2482/3301/2959 2483/3305/2963
f 2375/3167/2847 2376/3168/2848 2489/3294/2953 2488/3303/2961
f 2468/3274/2934 2362/3145/2830 2484/3306/2964 2492/3304/2962
f 2362/3145/2830 2361/3148/2831 2483/3305/2963 2484/3306/2964
f 2487/3299/2958 2488/3303/2961 2502/3307/2965 2501/3308/2966
f 2496/3293/2952 2495/3295/2954 2509/3309/2967 2510/3310/2968
f 2488/3303/2961 2489/3294/2953 2503/3311/2969 2502/3307/2965
f 5474/3312/2970 5478/3313/2971 5462/3314/2972 5458/3315/2973
f 2489/3294/2953 2496/3293/2952 2510/3310/2968 2503/3311/2969
f 2490/3292/2951 2491/3302/2960 2505/3316/2974 2504/3317/2975
f 2483/3305/2963 2482/3301/2959 2497/3318/2976 2498/3319/2977
f 2491/3302/2960 2492/3304/2962 2506/3320/2978 2505/3316/2974
f 2484/3306/2964 2483/3305/2963 2498/3319/2977 2499/3321/2979
f 2492/3304/2962 2484/3306/2964 2499/3321/2979 2506/3320/2978
f 2511/3322/2980 2512/3323/2981 2497/3318/2976 2715/3324/2982
f 2493/3290/2949 2490/3292/2951 2504/3317/2975 2507/3325/2983
f 2481/3300/2957 2715/3324/2982 2497/3318/2976 2482/3301/2959
f 2494/3291/2950 2493/3290/2949 2507/3325/2983 2508/3326/2984
f 2486/3296/2955 2487/3299/2958 2501/3308/2966 2500/3327/2985
f 2495/3295/2954 2494/3291/2950 2508/3326/2984 2509/3309/2967
f 2507/3325/2983 2504/3317/2975 2520/3328/2986 2523/3329/2987
f 2508/3326/2984 2507/3325/2983 2523/3329/2987 2524/3330/2988
f 2500/3327/2985 2501/3308/2966 2517/3331/2989 2516/3332/2990
f 2509/3309/2967 2508/3326/2984 2524/3330/2988 2525/3333/2991
f 2501/3308/2966 2502/3307/2965 2518/3334/2992 2517/3331/2989
f 2510/3310/2968 2509/3309/2967 2525/3333/2991 2526/3335/2993
f 2502/3307/2965 2503/3311/2969 2519/3336/2994 2518/3334/2992
f 2715/3337/2982 2716/3338/2995 2515/3339/2996 2511/3340/2980
f 2503/3311/2969 2510/3310/2968 2526/3335/2993 2519/3336/2994
f 2504/3317/2975 2505/3316/2974 2521/3341/2997 2520/3328/2986
f 2498/3319/2977 2497/3318/2976 2512/3323/2981 2513/3342/2998
f 2505/3316/2974 2506/3320/2978 2522/3343/2999 2521/3341/2997
f 2499/3321/2979 2498/3319/2977 2513/3342/2998 2514/3344/3000
f 2506/3320/2978 2499/3321/2979 2514/3344/3000 2522/3343/2999
f 2521/3341/2997 2522/3343/2999 2538/3345/3001 2537/3346/3002
f 2514/3344/3000 2513/3342/2998 2529/3347/3003 2530/3348/3004
f 2522/3343/2999 2514/3344/3000 2530/3348/3004 2538/3345/3001
f 2527/3349/3005 2531/3350/3006 2547/3351/3007 2543/3352/3008
f 2523/3329/2987 2520/3328/2986 2536/3353/3009 2539/3354/3010
f 2515/3339/2996 2516/3332/2990 2532/3355/3011 2531/3350/3006
f 2524/3330/2988 2523/3329/2987 2539/3354/3010 2540/3356/3012
f 2516/3332/2990 2517/3331/2989 2533/3357/3013 2532/3355/3011
f 2525/3333/2991 2524/3330/2988 2540/3356/3012 2541/3358/3014
f 2517/3331/2989 2518/3334/2992 2534/3359/3015 2533/3357/3013
f 2526/3335/2993 2525/3333/2991 2541/3358/3014 2542/3360/3016
f 2518/3334/2992 2519/3336/2994 2535/3361/3017 2534/3359/3015
f 2519/3336/2994 2526/3335/2993 2542/3360/3016 2535/3361/3017
f 2520/3328/2986 2521/3341/2997 2537/3346/3002 2536/3353/3009
f 2513/3342/2998 2512/3323/2981 2528/3362/3018 2529/3347/3003
f 2542/3360/3016 2541/3358/3014 2557/3363/3019 2558/3364/3020
f 2534/3359/3015 2535/3361/3017 2551/3365/3021 2550/3366/3022
f 2543/3367/3008 2544/3368/3023 2528/3362/3018 2527/3369/3005
f 2535/3361/3017 2542/3360/3016 2558/3364/3020 2551/3365/3021
f 2536/3353/3009 2537/3346/3002 2553/3370/3024 2552/3371/3025
f 2529/3347/3003 2528/3362/3018 2544/3368/3023 2545/3372/3026
f 2537/3346/3002 2538/3345/3001 2554/3373/3027 2553/3370/3024
f 2530/3348/3004 2529/3347/3003 2545/3372/3026 2546/3374/3028
f 2538/3345/3001 2530/3348/3004 2546/3374/3028 2554/3373/3027
f 2539/3354/3010 2536/3353/3009 2552/3371/3025 2555/3375/3029
f 2531/3350/3006 2532/3355/3011 2548/3376/3030 2547/3351/3007
f 2540/3356/3012 2539/3354/3010 2555/3375/3029 2556/3377/3031
f 2532/3355/3011 2533/3357/3013 2549/3378/3032 2548/3376/3030
f 2541/3358/3014 2540/3356/3012 2556/3377/3031 2557/3363/3019
f 2533/3357/3013 2534/3359/3015 2550/3366/3022 2549/3378/3032
f 2547/3351/3007 2548/3376/3030 2564/3379/3033 2563/3380/3034
f 2556/3377/3031 2555/3375/3029 2571/3381/3035 2572/3382/3036
f 2548/3376/3030 2549/3378/3032 2565/3383/3037 2564/3379/3033
f 2557/3363/3019 2556/3377/3031 2572/3382/3036 2573/3384/3038
f 2549/3378/3032 2550/3366/3022 2566/3385/3039 2565/3383/3037
f 2558/3364/3020 2557/3363/3019 2573/3384/3038 2574/3386/3040
f 2550/3366/3022 2551/3365/3021 2567/3387/3041 2566/3385/3039
f 2544/3368/3023 2543/3367/3008 2559/3388/3042 2560/3389/3043
f 2551/3365/3021 2558/3364/3020 2574/3386/3040 2567/3387/3041
f 2552/3371/3025 2553/3370/3024 2569/3390/3044 2568/3391/3045
f 2545/3372/3026 2544/3368/3023 2560/3389/3043 2561/3392/3046
f 2553/3370/3024 2554/3373/3027 2570/3393/3047 2569/3390/3044
f 2546/3374/3028 2545/3372/3026 2561/3392/3046 2562/3394/3048
f 2554/3373/3027 2546/3374/3028 2562/3394/3048 2570/3393/3047
f 2543/3352/3008 2547/3351/3007 2563/3380/3034 2559/3395/3042
f 2555/3375/3029 2552/3371/3025 2568/3391/3045 2571/3381/3035
f 2593/3396/3049 2592/3397/3050 2590/3398/3051 2583/3399/3052
f 2597/3400/3053 2596/3401/3054 2585/3402/3055 2584/3403/3056
f 2601/3404/3057 2600/3405/3058 2576/3406/3059 2577/3407/3060
f 2596/3401/3054 2603/3408/3061 2586/3409/3062 2585/3402/3055
f 2604/3410/3063 2601/3404/3057 2577/3407/3060 2578/3411/3064
f 2603/3408/3061 2604/3410/3063 2578/3411/3064 2586/3409/3062
f 2608/3412/3065 2607/3413/3066 2579/3414/3067 2575/3415/3068
f 2610/3416/3069 2597/3400/3053 2584/3403/3056 2587/3417/3070
f 2607/3413/3066 2613/3418/3071 2580/3419/3072 2579/3414/3067
f 2614/3420/3073 2610/3416/3069 2587/3417/3070 2588/3421/3074
f 2613/3418/3071 2617/3422/3075 2581/3423/3076 2580/3419/3072
f 2618/3424/3077 2614/3420/3073 2588/3421/3074 2589/3425/3078
f 2617/3422/3075 2621/3426/3079 2582/3427/3080 2581/3423/3076
f 2592/3397/3050 2618/3424/3077 2589/3425/3078 2590/3398/3051
f 2621/3426/3079 2593/3396/3049 2583/3399/3052 2582/3427/3080
f 2600/3405/3058 2608/3428/3065 2575/3429/3068 2576/3406/3059
f 2560/3389/3043 2559/3388/3042 2609/3430/3081 2599/3431/3082
f 2599/3431/3082 2609/3430/3081 2608/3428/3065 2600/3405/3058
f 2566/3385/3039 2567/3387/3041 2594/3432/3083 2620/3433/3084
f 2620/3433/3084 2594/3432/3083 2593/3396/3049 2621/3426/3079
f 2574/3386/3040 2573/3384/3038 2619/3434/3085 2591/3435/3086
f 2591/3435/3086 2619/3434/3085 2618/3424/3077 2592/3397/3050
f 2565/3383/3037 2566/3385/3039 2620/3433/3084 2616/3436/3087
f 2616/3436/3087 2620/3433/3084 2621/3426/3079 2617/3422/3075
f 2573/3384/3038 2572/3382/3036 2615/3437/3088 2619/3434/3085
f 2619/3434/3085 2615/3437/3088 2614/3420/3073 2618/3424/3077
f 2564/3379/3033 2565/3383/3037 2616/3436/3087 2612/3438/3089
f 2612/3438/3089 2616/3436/3087 2617/3422/3075 2613/3418/3071
f 2572/3382/3036 2571/3381/3035 2611/3439/3090 2615/3437/3088
f 2615/3437/3088 2611/3439/3090 2610/3416/3069 2614/3420/3073
f 2563/3380/3034 2564/3379/3033 2612/3438/3089 2606/3440/3091
f 2606/3440/3091 2612/3438/3089 2613/3418/3071 2607/3413/3066
f 2571/3381/3035 2568/3391/3045 2598/3441/3092 2611/3439/3090
f 2611/3439/3090 2598/3441/3092 2597/3400/3053 2610/3416/3069
f 2559/3395/3042 2563/3380/3034 2606/3440/3091 2609/3442/3081
f 2609/3442/3081 2606/3440/3091 2607/3413/3066 2608/3412/3065
f 2717/3443/3093 2605/3444/3094 2604/3410/3063 2603/3408/3061
f 2562/3394/3048 2561/3392/3046 2602/3445/3095 2605/3444/3094
f 2605/3444/3094 2602/3445/3095 2601/3404/3057 2604/3410/3063
f 2595/3446/3096 2717/3443/3093 2603/3408/3061 2596/3401/3054
f 2561/3392/3046 2560/3389/3043 2599/3431/3082 2602/3445/3095
f 2602/3445/3095 2599/3431/3082 2600/3405/3058 2601/3404/3057
f 2568/3391/3045 2569/3390/3044 2595/3446/3096 2598/3441/3092
f 2598/3441/3092 2595/3446/3096 2596/3401/3054 2597/3400/3053
f 2567/3387/3041 2574/3386/3040 2591/3435/3086 2594/3432/3083
f 2594/3432/3083 2591/3435/3086 2592/3397/3050 2593/3396/3049
f 2589/3425/3078 2588/3421/3074 2635/3447/3097 2636/3448/3098
f 2581/3423/3076 2582/3427/3080 2629/3449/3099 2628/3450/3100
f 2590/3398/3051 2589/3425/3078 2636/3448/3098 2637/3451/3101
f 2582/3427/3080 2583/3399/3052 2630/3452/3102 2629/3449/3099
f 2576/3406/3059 2575/3429/3068 2622/3453/3103 2623/3454/3104
f 2583/3399/3052 2590/3398/3051 2637/3451/3101 2630/3452/3102
f 2584/3403/3056 2585/3402/3055 2632/3455/3105 2631/3456/3106
f 2577/3407/3060 2576/3406/3059 2623/3454/3104 2624/3457/3107
f 2585/3402/3055 2586/3409/3062 2633/3458/3108 2632/3455/3105
f 2578/3411/3064 2577/3407/3060 2624/3457/3107 2625/3459/3109
f 2586/3409/3062 2578/3411/3064 2625/3459/3109 2633/3458/3108
f 2575/3415/3068 2579/3414/3067 2626/3460/3110 2622/3461/3103
f 2587/3417/3070 2584/3403/3056 2631/3456/3106 2634/3462/3111
f 2579/3414/3067 2580/3419/3072 2627/3463/3112 2626/3460/3110
f 2588/3421/3074 2587/3417/3070 2634/3462/3111 2635/3447/3097
f 2580/3419/3072 2581/3423/3076 2628/3450/3100 2627/3463/3112
f 2636/3448/3098 2635/3447/3097 2651/3464/3113 2652/3465/3114
f 2628/3450/3100 2629/3449/3099 2645/3466/3115 2644/3467/3116
f 2637/3451/3101 2636/3448/3098 2652/3465/3114 2653/3468/3117
f 2629/3449/3099 2630/3452/3102 2646/3469/3118 2645/3466/3115
f 2623/3454/3104 2622/3453/3103 2638/3470/3119 2639/3471/3120
f 2630/3452/3102 2637/3451/3101 2653/3468/3117 2646/3469/3118
f 2631/3456/3106 2632/3455/3105 2648/3472/3121 2647/3473/3122
f 2624/3457/3107 2623/3454/3104 2639/3471/3120 2640/3474/3123
f 2632/3455/3105 2633/3458/3108 2649/3475/3124 2648/3472/3121
f 2625/3459/3109 2624/3457/3107 2640/3474/3123 2641/3476/3125
f 2633/3458/3108 2625/3459/3109 2641/3476/3125 2649/3475/3124
f 2622/3461/3103 2626/3460/3110 2642/3477/3126 2638/3478/3119
f 2634/3462/3111 2631/3456/3106 2647/3473/3122 2650/3479/3127
f 2626/3460/3110 2627/3463/3112 2643/3480/3128 2642/3477/3126
f 2635/3447/3097 2634/3462/3111 2650/3479/3127 2651/3464/3113
f 2627/3463/3112 2628/3450/3100 2644/3467/3116 2643/3480/3128
f 2672/3481/3129 2671/3482/3130 2665/3483/3131 2666/3484/3132
f 2678/3485/3133 2677/3486/3134 2660/3487/3135 2659/3488/3136
f 2681/3489/3137 2672/3481/3129 2666/3484/3132 2667/3490/3138
f 2677/3486/3134 2686/3491/3139 2661/3492/3140 2660/3487/3135
f 2687/3493/3141 2681/3489/3137 2667/3490/3138 2668/3494/3142
f 2686/3491/3139 2692/3495/3143 2662/3496/3144 2661/3492/3140
f 2696/3497/3145 2695/3498/3146 2654/3499/3147 2655/3500/3148
f 2692/3495/3143 2687/3493/3141 2668/3494/3142 2662/3496/3144
f 2701/3501/3149 2834/3502/3150 2833/3503/3151 2663/3504/3152
f 2704/3505/3153 2696/3497/3145 2655/3500/3148 2656/3506/3154
f 2834/3502/3150 3002/3507/3155 2664/3508/3156 2833/3503/3151
f 2709/3509/3157 2704/3505/3153 2656/3506/3154 2657/3510/3158
f 3002/3507/3155 2709/3509/3157 2657/3510/3158 2664/3508/3156
f 2695/3511/3146 2714/3512/3159 2658/3513/3160 2654/3514/3147
f 2671/3482/3130 2701/3501/3149 2663/3504/3152 2665/3483/3131
f 2714/3512/3159 2678/3485/3133 2659/3488/3136 2658/3513/3160
f 2642/3477/3126 2643/3480/3128 2680/3515/3161 2712/3516/3162
f 2712/3516/3162 2680/3515/3161 2679/3517/3163 2713/3518/3164
f 2713/3518/3164 2679/3517/3163 2678/3485/3133 2714/3512/3159
f 2650/3479/3127 2647/3473/3122 2703/3519/3165 2669/3520/3166
f 2669/3520/3166 2703/3519/3165 2702/3521/3167 2670/3522/3168
f 2670/3522/3168 2702/3521/3167 2701/3501/3149 2671/3482/3130
f 2638/3478/3119 2642/3477/3126 2712/3516/3162 2693/3523/3169
f 2693/3523/3169 2712/3516/3162 2713/3518/3164 2694/3524/3170
f 2694/3524/3170 2713/3518/3164 2714/3512/3159 2695/3511/3146
f 2649/3475/3124 2641/3476/3125 2711/3525/3171 2707/3526/3172
f 2707/3526/3172 2711/3525/3171 2710/3527/3173 2708/3528/3174
f 2708/3528/3174 2710/3527/3173 2709/3509/3157 3002/3507/3155
f 2641/3476/3125 2640/3474/3123 2706/3529/3175 2711/3525/3171
f 2711/3525/3171 2706/3529/3175 2705/3530/3176 2710/3527/3173
f 2710/3527/3173 2705/3530/3176 2704/3505/3153 2709/3509/3157
f 2648/3472/3121 2649/3475/3124 2707/3526/3172 2699/3531/3177
f 2699/3531/3177 2707/3526/3172 2708/3528/3174 2700/3532/3178
f 2700/3532/3178 2708/3528/3174 3002/3507/3155 2834/3502/3150
f 2640/3474/3123 2639/3471/3120 2698/3533/3179 2706/3529/3175
f 2706/3529/3175 2698/3533/3179 2697/3534/3180 2705/3530/3176
f 2705/3530/3176 2697/3534/3180 2696/3497/3145 2704/3505/3153
f 2647/3473/3122 2648/3472/3121 2699/3531/3177 2703/3519/3165
f 2703/3519/3165 2699/3531/3177 2700/3532/3178 2702/3521/3167
f 2702/3521/3167 2700/3532/3178 2834/3502/3150 2701/3501/3149
f 2646/3469/3118 2653/3468/3117 2689/3535/3181 2690/3536/3182
f 2690/3536/3182 2689/3535/3181 2688/3537/3183 2691/3538/3184
f 2691/3538/3184 2688/3537/3183 2687/3493/3141 2692/3495/3143
f 2639/3471/3120 2638/3470/3119 2693/3539/3169 2698/3533/3179
f 2698/3533/3179 2693/3539/3169 2694/3540/3170 2697/3534/3180
f 2697/3534/3180 2694/3540/3170 2695/3498/3146 2696/3497/3145
f 2645/3466/3115 2646/3469/3118 2690/3536/3182 2684/3541/3185
f 2684/3541/3185 2690/3536/3182 2691/3538/3184 2685/3542/3186
f 2685/3542/3186 2691/3538/3184 2692/3495/3143 2686/3491/3139
f 2653/3468/3117 2652/3465/3114 2683/3543/3187 2689/3535/3181
f 2689/3535/3181 2683/3543/3187 2682/3544/3188 2688/3537/3183
f 2688/3537/3183 2682/3544/3188 2681/3489/3137 2687/3493/3141
f 2644/3467/3116 2645/3466/3115 2684/3541/3185 2675/3545/3189
f 2675/3545/3189 2684/3541/3185 2685/3542/3186 2676/3546/3190
f 2676/3546/3190 2685/3542/3186 2686/3491/3139 2677/3486/3134
f 2652/3465/3114 2651/3464/3113 2674/3547/3191 2683/3543/3187
f 2683/3543/3187 2674/3547/3191 2673/3548/3192 2682/3544/3188
f 2682/3544/3188 2673/3548/3192 2672/3481/3129 2681/3489/3137
f 2643/3480/3128 2644/3467/3116 2675/3545/3189 2680/3515/3161
f 2680/3515/3161 2675/3545/3189 2676/3546/3190 2679/3517/3163
f 2679/3517/3163 2676/3546/3190 2677/3486/3134 2678/3485/3133
f 2651/3464/3113 2650/3479/3127 2669/3520/3166 2674/3547/3191
f 2674/3547/3191 2669/3520/3166 2670/3522/3168 2673/3548/3192
f 2673/3548/3192 2670/3522/3168 2671/3482/3130 2672/3481/3129
f 2716/3338/2995 2485/3297/2956 2486/3296/2955 2500/3327/2985
f 2516/3332/2990 2515/3339/2996 2716/3338/2995 2500/3327/2985
f 2605/3444/3094 2717/3443/3093 2570/3393/3047 2562/3394/3048
f 2569/3390/3044 2570/3393/3047 2717/3443/3093 2595/3446/3096
f 2485/3297/2956 2716/3338/2995 2715/3337/2982 2481/3298/2957
f 2512/3323/2981 2511/3322/2980 2527/3369/3005 2528/3362/3018
f 2733/3549/3193 2732/3550/3194 2835/3551/3195 2727/3552/3196
f 2735/3553/3197 2734/3554/3198 2719/3555/3199 2720/3556/3200
f 2732/3550/3194 3001/3557/3201 2836/3558/3202 2835/3551/3195
f 2736/3559/3203 2735/3553/3197 2720/3556/3200 2721/3560/3204
f 3001/3557/3201 2736/3559/3203 2721/3560/3204 2836/3558/3202
f 2738/3561/3205 2737/3562/3206 2722/3563/3207 2718/3564/3208
f 2739/3565/3209 2733/3549/3193 2727/3552/3196 2728/3566/3210
f 2737/3562/3206 2740/3567/3211 2723/3568/3212 2722/3563/3207
f 2741/3569/3213 2739/3565/3209 2728/3566/3210 2729/3570/3214
f 2740/3567/3211 2742/3571/3215 2724/3572/3216 2723/3568/3212
f 2743/3573/3217 2741/3569/3213 2729/3570/3214 2730/3574/3218
f 2742/3571/3215 2744/3575/3219 2725/3576/3220 2724/3572/3216
f 2745/3577/3221 2743/3573/3217 2730/3574/3218 2731/3578/3222
f 2744/3575/3219 2746/3579/3223 2726/3580/3224 2725/3576/3220
f 2734/3554/3198 2738/3581/3205 2718/3582/3208 2719/3555/3199
f 2746/3579/3223 2745/3577/3221 2731/3578/3222 2726/3580/3224
f 2662/3496/3144 2668/3494/3142 2745/3577/3221 2746/3579/3223
f 2655/3500/3148 2654/3499/3147 2738/3581/3205 2734/3554/3198
f 2661/3492/3140 2662/3496/3144 2746/3579/3223 2744/3575/3219
f 2668/3494/3142 2667/3490/3138 2743/3573/3217 2745/3577/3221
f 2660/3487/3135 2661/3492/3140 2744/3575/3219 2742/3571/3215
f 2667/3490/3138 2666/3484/3132 2741/3569/3213 2743/3573/3217
f 2659/3488/3136 2660/3487/3135 2742/3571/3215 2740/3567/3211
f 2666/3484/3132 2665/3483/3131 2739/3565/3209 2741/3569/3213
f 2658/3513/3160 2659/3488/3136 2740/3567/3211 2737/3562/3206
f 2665/3483/3131 2663/3504/3152 2733/3549/3193 2739/3565/3209
f 2654/3514/3147 2658/3513/3160 2737/3562/3206 2738/3561/3205
f 2664/3508/3156 2657/3510/3158 2736/3559/3203 3001/3557/3201
f 2657/3510/3158 2656/3506/3154 2735/3553/3197 2736/3559/3203
f 2833/3503/3151 2664/3508/3156 3001/3557/3201 2732/3550/3194
f 2656/3506/3154 2655/3500/3148 2734/3554/3198 2735/3553/3197
f 2663/3504/3152 2833/3503/3151 2732/3550/3194 2733/3549/3193
f 2719/3555/3199 2718/3582/3208 2747/3583/3225 2748/3584/3226
f 2726/3580/3224 2731/3578/3222 2762/3585/3227 2755/3586/3228
f 2727/3552/3196 2835/3551/3195 2757/3587/3229 2756/3588/3230
f 2720/3556/3200 2719/3555/3199 2748/3584/3226 2749/3589/3231
f 2835/3551/3195 2836/3558/3202 2758/3590/3232 2757/3587/3229
f 2721/3560/3204 2720/3556/3200 2749/3589/3231 2750/3591/3233
f 2836/3558/3202 2721/3560/3204 2750/3591/3233 2758/3590/3232
f 2718/3564/3208 2722/3563/3207 2751/3592/3234 2747/3593/3225
f 2728/3566/3210 2727/3552/3196 2756/3588/3230 2759/3594/3235
f 2722/3563/3207 2723/3568/3212 2752/3595/3236 2751/3592/3234
f 2729/3570/3214 2728/3566/3210 2759/3594/3235 2760/3596/3237
f 2723/3568/3212 2724/3572/3216 2753/3597/3238 2752/3595/3236
f 2730/3574/3218 2729/3570/3214 2760/3596/3237 2761/3598/3239
f 2724/3572/3216 2725/3576/3220 2754/3599/3240 2753/3597/3238
f 2731/3578/3222 2730/3574/3218 2761/3598/3239 2762/3585/3227
f 2725/3576/3220 2726/3580/3224 2755/3586/3228 2754/3599/3240
f 2758/3590/3232 2750/3591/3233 2766/3600/3241 2837/3601/3242
f 2747/3593/3225 2751/3592/3234 2767/2843/2576 2763/2846/2579
f 2759/3594/3235 2756/3588/3230 2772/3602/3243 2774/2783/2518
f 2751/3592/3234 2752/3595/3236 2768/2847/2580 2767/2843/2576
f 2760/3596/3237 2759/3594/3235 2774/2783/2518 2775/2782/2517
f 2752/3595/3236 2753/3597/3238 2769/2848/2581 2768/2847/2580
f 2761/3598/3239 2760/3596/3237 2775/2782/2517 2776/2815/2548
f 2753/3597/3238 2754/3599/3240 2770/2865/2598 2769/2848/2581
f 2762/3585/3227 2761/3598/3239 2776/2815/2548 2777/2817/2550
f 2754/3599/3240 2755/3586/3228 2771/2866/2599 2770/2865/2598
f 2748/3584/3226 2747/3583/3225 2763/2919/2579 2764/2918/2649
f 2755/3586/3228 2762/3585/3227 2777/2817/2550 2771/2866/2599
f 2756/3588/3230 2757/3587/3229 2773/3603/3244 2772/3602/3243
f 2749/3589/3231 2748/3584/3226 2764/2918/2649 2765/2921/2650
f 2757/3587/3229 2758/3590/3232 2837/3601/3242 2773/3603/3244
f 2750/3591/3233 2749/3589/3231 2765/2921/2650 2766/3600/3241
f 2778/2784/2519 2774/2783/2518 2772/3602/3243 2779/3604/3245
f 2780/3605/3246 2779/3604/3245 2772/3602/3243 2773/3603/3244
f 2838/3606/3247 2780/3605/3246 2773/3603/3244 2837/3601/3242
f 2781/3607/2641 2838/3606/3247 2837/3601/3242 2766/3600/3241
f 2765/2921/2650 2782/2920/2642 2781/3607/2641 2766/3600/3241
f 5786/2809/2542 5803/2804/2539 2783/2807/2540 2932/2810/2543
f 2100/2862/2595 2794/2861/2594 2936/2813/2546 2939/3608/3248
f 2139/3609/2578 2784/3610/3249 2113/2841/2574 2138/2911/2644
f 2129/3611/2577 2785/3612/3250 2784/3613/3249 2139/3614/2578
f 2112/3615/2583 2786/3616/3251 2785/3612/3250 2129/3611/2577
f 2111/3617/2582 2787/3618/3252 2786/3616/3251 2112/3615/2583
f 2110/3619/2597 2939/3608/3248 2787/3618/3252 2111/3617/2582
f 2096/3620/2596 2788/2997/2707 2939/3608/3248 2110/3619/2597
f 2109/3621/2549 2789/2907/2640 2788/2997/2707 2096/3620/2596
f 2108/3622/2547 2790/2780/2515 2789/2907/2640 2109/3621/2549
f 2107/3623/2516 2791/2777/2512 2790/2780/2515 2108/3622/2547
f 2778/3624/2519 2792/2927/2656 2791/2777/2512 2107/3623/2516
f 2779/3625/3245 2793/2851/2584 2792/2927/2656 2778/3624/2519
f 2780/3626/3246 2839/2852/2585 2793/2851/2584 2779/3625/3245
f 2838/3627/3247 2823/2926/2655 2839/2852/2585 2780/3626/3246
f 2838/3627/3247 2781/2908/2641 2957/2910/2643 2823/2926/2655
f 2946/2803/2538 2945/2802/2537 2113/2841/2574 2784/3610/3249
f 2784/3613/3249 2785/3612/3250 2783/2807/2540 2946/2806/2538
f 2932/2810/2543 2783/2807/2540 2785/3612/3250 2786/3616/3251
f 2933/2811/2544 2932/2810/2543 2786/3616/3251 2787/3618/3252
f 2936/2813/2546 2933/2811/2544 2787/3618/3252 2939/3608/3248
f 5788/2923/2652 5804/2812/2545 2936/2813/2546 2794/2861/2594
f 2097/2925/2654 2100/2862/2595 2939/3608/3248 2788/2997/2707
f 2142/2795/2530 2141/2859/2592 2143/2924/2653 2144/2796/2531
f 2146/2892/2625 2194/3628/3253 2103/2793/2528 2144/2796/2531
f 2193/2893/2626 2795/2906/2639 2145/2779/2514 2191/2870/2603
f 2097/2925/2654 2795/2906/2639 2193/2893/2626 2143/2924/2653
f 2136/2871/2604 2120/3629/3254 2194/3628/3253 2146/2892/2625
f 2135/2757/2492 2796/3630/3255 2120/3629/3254 2136/2871/2604
f 2134/2715/2450 2797/3631/3256 2796/3630/3255 2135/2757/2492
f 2137/2744/2479 2103/2793/2528 2194/3628/3253 2798/2905/2638
f 2120/3629/3254 2799/2904/2637 2798/2905/2638 2194/3628/3253
f 2796/3630/3255 2800/2741/2476 2799/2904/2637 2120/3629/3254
f 2797/3631/3256 2801/2742/2477 2800/2741/2476 2796/3630/3255
f 2214/2714/2449 2802/3632/3257 2797/3631/3256 2134/2715/2450
f 2801/2742/2477 2797/3631/3256 2802/3632/3257 2803/2903/2636
f 5793/2737/2472 5805/3633/3258 2807/3634/3259 2132/2738/2473
f 2132/2738/2473 2807/3634/3259 2806/3635/3260 2133/2915/2648
f 2133/2915/2648 2806/3635/3260 2805/3636/3261 2188/2994/2704
f 2188/2994/2704 2805/3636/3261 2804/3637/3262 2217/3005/2715
f 2217/3005/2715 2804/3637/3262 2802/3632/3257 2214/2714/2449
f 5805/3633/3258 5806/2762/2497 2811/2761/2496 2807/3634/3259
f 2807/3634/3259 2811/2761/2496 2810/3638/3263 2806/3635/3260
f 2806/3635/3260 2810/3638/3263 2809/3639/3264 2805/3636/3261
f 2805/3636/3261 2809/3639/3264 2808/3640/3265 2804/3637/3262
f 2803/2903/2636 2802/3632/3257 2804/3637/3262 2808/3640/3265
f 2810/3638/3263 2811/2761/2496 2080/2759/2494 2813/3641/3266
f 2813/3641/3266 2080/2759/2494 2079/2722/2457 2812/3642/3267
f 2812/3642/3267 2079/2722/2457 2072/2725/2460 2071/2884/2617
f 2808/3640/3265 2809/3639/3264 2817/3643/3268 2814/3644/3269
f 2814/3644/3269 2817/3643/3268 2818/3645/3270 2815/3646/3271
f 2815/3646/3271 2818/3645/3270 2819/2883/2616 2816/2873/2606
f 2809/3639/3264 2810/3638/3263 2813/3641/3266 2817/3643/3268
f 2817/3643/3268 2813/3641/3266 2812/3642/3267 2818/3645/3270
f 2818/3645/3270 2812/3642/3267 2071/2884/2617 2819/2883/2616
f 2137/2744/2479 2798/2905/2638 2827/2899/2632 2925/2745/2480
f 2925/2745/2480 2827/2899/2632 2921/2900/2633 2922/2887/2620
f 2922/2887/2620 2921/2900/2633 2918/2880/2613 2919/2879/2612
f 5794/2868/2601 2935/2867/2600 2822/2763/2498 5920/3647/3272
f 5920/3647/3272 2822/2763/2498 2126/2726/2461 5807/3648/3273
f 5807/3648/3273 2126/2726/2461 2127/2729/2464 5830/2876/2609
f 2803/2903/2636 2808/3640/3265 2814/3644/3269 2157/2902/2635
f 2157/2902/2635 2814/3644/3269 2815/3646/3271 2128/2901/2634
f 2128/2901/2634 2815/3646/3271 2816/2873/2606 2164/2872/2605
f 2857/2944/2672 1086/1627/1456 2861/1628/1457 2841/2507/2247
f 2165/2941/2669 2857/2944/2672 2841/2507/2247 2863/3649/3274
f 2829/2942/2670 2165/2941/2669 2863/3649/3274 2842/3650/3275
f 2166/2952/2680 2829/2942/2670 2842/3650/3275 2864/2504/2244
f 2167/2948/2676 2166/2952/2680 2864/2504/2244 1216/2503/2243
f 2862/2530/2270 2856/2949/2677 2167/2948/2676 1216/2503/2243
f 2168/2983/2694 2856/2949/2677 2862/2530/2270 1223/2479/2219
f 1881/1634/1463 2168/2983/2694 1223/2479/2219 2820/2478/2218
f 5791/2980/2693 2168/2983/2694 1881/1634/1463 4960/1633/1462
f 2863/3649/3274 2059/2532/2272 2843/2531/2271 2842/3650/3275
f 2841/2507/2247 2873/2506/2246 2059/2532/2272 2863/3649/3274
f 2842/3650/3275 2843/2531/2271 2872/2483/2223 2864/2504/2244
f 949/1280/1165 493/839/797 490/521/487 926/520/486
f 424/791/751 2950/650/611 425/649/610 920/1292/1171
f 493/839/797 913/840/758 261/1285/757 490/521/487
f 2511/3340/2980 2515/3339/2996 2531/3350/3006 2527/3349/3005
f 1615/2134/1923 1623/2132/1921 1619/2194/1968 2844/3651/3276
f 1624/2136/1925 1615/2134/1923 2844/3651/3276 1626/3652/3277
f 1616/2138/1927 1624/2136/1925 1626/3652/3277 2846/3653/3278
f 1617/2140/1929 1616/2138/1927 2846/3653/3278 2850/2226/2000
f 1673/3654/3279 2848/2204/1978 1674/2107/1896 1672/2110/1899
f 1676/2100/1889 1684/2198/1972 1685/2195/1969 1693/2097/1886
f 1614/2102/1891 2849/2208/1982 2848/2204/1978 1673/3654/3279
f 2849/2208/1982 1614/2102/1891 1620/2101/1890 2854/2115/1904
f 1569/2054/1857 2854/2115/1904 1620/2101/1890 1570/2051/1854
f 4484/3655/3280 5840/3656/3281 5839/3657/3282 4489/2105/1894
f 1688/2217/1991 2852/3658/3283 5839/3657/3282 4941/2224/1998
f 1680/2209/1983 2853/2114/1903 2852/3658/3283 1688/2217/1991
f 2849/2208/1982 2854/2115/1904 2853/2114/1903 1680/2209/1983
f 1626/3652/3277 2844/3651/3276 1672/2110/1899 2845/2109/1898
f 1618/2103/1892 1614/2102/1891 1673/3654/3279 1619/2194/1968
f 1673/3654/3279 1672/2110/1899 2844/3651/3276 1619/2194/1968
f 1626/3652/3277 2845/2109/1898 2847/2099/1888 2846/3653/3278
f 2846/3653/3278 2847/2099/1888 2851/2098/1887 2850/2226/2000
f 2037/2672/2407 2038/2694/2429 2020/2665/2402 2005/2646/2384
f 4976/2645/2383 4987/2673/2408 2037/2672/2407 2005/2646/2384
f 3765/3659/3284 3857/250/221 3779/249/220 3004/3660/3285
f 3780/251/222 3005/3661/3286 3004/3660/3285 3779/249/220
f 3781/253/224 3006/3662/3287 3005/3661/3286 3780/251/222
f 3782/255/226 3007/3663/3288 3006/3662/3287 3781/253/224
f 3777/257/228 3066/3664/3289 3007/3663/3288 3782/255/226
f 3784/259/230 3009/3665/3290 3008/3666/3291 3783/260/231
f 3785/263/234 3010/3667/3292 3009/3665/3290 3784/259/230
f 3023/3668/3293 3331/3669/3294 3334/3670/3295 3223/3671/3296
f 3823/269/240 3197/3672/3297 3382/3673/3298 3852/270/241
f 3228/3674/3299 3370/3675/3300 3356/3676/3301 3183/3677/3302
f 3018/3678/3303 3354/3679/3304 3369/3680/3305 3198/3681/3306
f 3788/281/252 3014/3682/3307 3013/3683/3308 3787/282/253
f 3795/3684/256 3819/3685/259 3870/3686/3309 3861/3687/3310
f 3236/3688/3311 3183/3677/3302 3356/3676/3301 3381/3689/3312
f 3186/3690/3313 3230/3691/3314 3373/3692/3315 3360/3693/3316
f 3813/295/266 3186/3690/3313 3184/3694/3317 3811/296/267
f 3188/3695/3318 3233/3696/3319 3376/3697/3320 3362/3698/3321
f 3361/3699/3322 3189/3700/3323 5983/3701/3324 5990/3702/3325
f 5977/3703/3326 5980/3704/3327 5974/3705/3328 3861/3687/3310
f 5969/3706/3329 3200/3707/3330 3019/3708/3331 3020/3709/3332
f 5969/3706/3329 3020/3709/3332 3792/3710/285 3825/3711/284
f 3791/315/286 3018/3678/3303 3198/3681/3306 3824/316/287
f 3235/3712/3333 3380/3713/3334 3350/3714/3335 3014/3682/3307
f 3237/3715/3336 3868/3716/3337 5966/3717/3338 3238/3718/3339
f 3829/324/295 3228/3674/3299 3183/3677/3302 3809/325/296
f 3371/3719/3340 3358/3720/3341 3185/3721/3342 5981/3722/3343
f 3815/330/301 3188/3695/3318 3231/3723/3344 3834/331/302
f 3817/333/304 3191/3724/3345 3234/3725/3346 3838/334/305
f 3796/337/308 3021/3726/3347 3015/3727/3348 3789/338/309
f 3015/3727/3348 3021/3726/3347 3215/3728/3349 3351/3729/3350
f 3352/3730/3351 3353/3731/3352 3012/3732/3353 3215/3728/3349
f 3014/3682/3307 3350/3714/3335 3349/3733/3354 3013/3683/3308
f 3019/3708/3331 3355/3734/3355 3348/3735/3356 3859/3736/3357
f 3810/3737/321 3843/3738/322 3238/3718/3339 5966/3717/3338
f 5981/3722/3343 3185/3721/3342 5967/3739/3358 5976/3740/3359
f 3186/3690/3313 3360/3693/3316 3357/3741/3360 3184/3694/3317
f 3187/3742/3361 5982/3743/3362 5971/3744/3363 5968/3745/3364
f 3189/3700/3323 3872/3746/3365 5973/3747/3366 3190/3748/3367
f 5985/3749/3368 3017/3750/3369 3859/3736/3357 3348/3735/3356
f 3787/282/253 3013/3683/3308 3018/3678/3303 3791/315/286
f 3003/3751/3370 5013/3752/3371 5775/366/337 3778/365/336
f 3200/3707/3330 3368/3753/3372 3355/3734/3355 3019/3708/3331
f 3814/3754/340 3812/3755/341 5967/3739/3358 5968/3745/3364
f 3794/3756/342 3793/3757/345 5965/3758/3373 3860/3759/3374
f 3793/3757/345 3792/3710/285 3020/3709/3332 5965/3758/3373
f 3859/3736/3357 5965/3758/3373 3020/3709/3332 3019/3708/3331
f 3017/3750/3369 3860/3759/3374 5965/3758/3373 3859/3736/3357
f 3812/3755/341 3831/3760/346 5976/3740/3359 5967/3739/3358
f 3187/3742/3361 5968/3745/3364 5967/3739/3358 3185/3721/3342
f 3836/3761/347 3814/3754/340 5968/3745/3364 5971/3744/3363
f 3840/3762/109 3816/3763/348 3190/3748/3367 5973/3747/3366
f 3790/379/349 3016/3764/3375 3021/3726/3347 3796/337/308
f 3795/3684/256 3861/3687/3310 5974/3705/3328 3853/3765/351
f 5986/3766/3376 5977/3703/3326 5978/3767/3377 3364/3768/3378
f 3847/385/355 3329/3769/3379 3010/3667/3292 3785/263/234
f 3009/3665/3290 3010/3667/3292 3023/3668/3293 3024/3770/3380
f 3008/3666/3291 3009/3665/3290 3024/3770/3380 3025/3771/3381
f 3066/3664/3289 3008/3666/3291 3025/3771/3381 3065/3772/3382
f 3006/3662/3287 3007/3663/3288 3026/3773/3383 3027/3774/3384
f 3005/3661/3286 3006/3662/3287 3027/3774/3384 3028/3775/3385
f 3004/3660/3285 3005/3661/3286 3028/3775/3385 3029/3776/3386
f 3765/3659/3284 3004/3660/3285 3029/3776/3386 3766/3777/3387
f 5013/3752/3371 3003/3751/3370 3030/3778/3388 5021/3779/3389
f 3763/3780/3390 3762/3781/3391 3382/3673/3298 3386/3782/3392
f 3219/3783/3393 3828/3784/373 3797/3785/372 3040/3786/3394
f 3707/3787/3395 3273/3788/3396 3274/3789/3397 3727/3790/3398
f 3216/3791/3399 3028/3775/3385 3027/3774/3384 3227/3792/3400
f 3742/3793/3401 3741/3794/3402 3037/3795/3403 3036/3796/3404
f 3745/3797/3405 3742/3793/3401 3036/3796/3404 3062/3798/3406
f 3744/3799/3407 3743/3800/3408 3035/3801/3409 3034/3802/3410
f 3738/3803/3411 3737/3804/3412 3031/3805/3413 3032/3806/3414
f 3775/3807/3415 3738/3803/3411 3032/3806/3414 3767/3808/3416
f 5154/3809/3417 3739/3810/3418 3033/3811/3419 5029/3812/3420
f 3164/3813/3421 5029/3812/3420 3159/3814/3422 3165/3815/3423
f 3741/3794/3402 3740/3816/3424 3038/3817/3425 3037/3795/3403
f 3278/3818/3426 3044/3819/3427 3055/3820/3428 3273/3788/3396
f 3341/3821/3429 3695/3822/3430 3146/3823/3431 3337/3824/3432
f 3264/3825/3433 3086/3826/3434 3090/3827/3435 3254/3828/3436
f 3265/3829/3437 3082/3830/3438 3088/3831/3439 3258/3832/3440
f 3257/3833/3441 3089/3834/3442 3077/3835/3443 3255/3836/3444
f 3255/3836/3444 3077/3835/3443 3075/3837/3445 3261/3838/3446
f 3678/3839/3447 3249/3840/3448 3242/3841/3449 3676/3842/3450
f 3675/3843/3451 3241/3844/3452 3091/3845/3453 3679/3846/3454
f 3267/3847/3455 3084/3848/3456 3086/3826/3434 3264/3825/3433
f 3679/3846/3454 3091/3845/3453 3243/3849/3457 3681/3850/3458
f 3263/3851/3459 3081/3852/3460 3083/3853/3461 3266/3854/3462
f 3313/3855/3463 3067/3856/3464 3060/3857/3465 3336/3858/3466
f 3254/3859/3436 3090/3860/3435 3076/3861/3467 3253/3862/3468
f 3256/3863/3469 3078/3864/3470 3087/3865/3471 3262/3866/3472
f 3317/3867/3473 3058/3868/3474 3692/3869/3475 3314/3870/3476
f 3262/3866/3472 3087/3865/3471 3081/3852/3460 3263/3851/3459
f 3092/3871/3477 3259/3872/3478 3265/3829/3437 3249/3840/3448
f 3676/3842/3450 3242/3841/3449 3239/3873/3479 3683/3874/3480
f 3249/3840/3448 3265/3829/3437 3258/3832/3440 3242/3841/3449
f 3244/3875/3481 3262/3866/3472 3263/3851/3459 3250/3876/3482
f 3241/3844/3452 3257/3833/3441 3255/3836/3444 3091/3845/3453
f 3688/3877/3483 3247/3878/3484 3245/3879/3485 3685/3880/3486
f 3240/3881/3487 3254/3859/3436 3253/3862/3468 3252/3882/3488
f 3681/3850/3458 3243/3849/3457 3251/3883/3489 3684/3884/3490
f 3091/3845/3453 3255/3836/3444 3261/3838/3446 3243/3849/3457
f 3239/3873/3479 3256/3863/3469 3262/3866/3472 3244/3875/3481
f 3339/3885/3491 3048/3886/3492 3050/3887/3493 3338/3888/3494
f 3677/3889/3495 3092/3871/3477 3249/3840/3448 3678/3839/3447
f 3253/3862/3468 3076/3861/3467 3089/3834/3442 3257/3833/3441
f 3674/3890/3496 3244/3875/3481 3250/3876/3482 3686/3891/3497
f 3266/3854/3462 3083/3853/3461 3084/3848/3456 3267/3847/3455
f 3685/3880/3486 3245/3879/3485 3240/3892/3487 3680/3893/3498
f 3259/3872/3478 3079/3894/3499 3082/3830/3438 3265/3829/3437
f 3680/3895/3498 3240/3881/3487 3252/3882/3488 3673/3896/3500
f 3261/3838/3446 3075/3837/3445 3080/3897/3501 3260/3898/3502
f 3260/3898/3502 3080/3897/3501 3085/3899/3503 3268/3900/3504
f 3251/3883/3489 3260/3898/3502 3268/3900/3504 3246/3901/3505
f 3268/3900/3504 3085/3899/3503 3079/3894/3499 3259/3872/3478
f 3258/3832/3440 3088/3831/3439 3078/3864/3470 3256/3863/3469
f 3706/3902/3506 3275/3903/3507 3277/3904/3508 3709/3905/3509
f 3250/3876/3482 3263/3851/3459 3266/3854/3462 3248/3906/3510
f 3682/3907/3511 3246/3901/3505 3092/3871/3477 3677/3889/3495
f 3247/3878/3484 3267/3847/3455 3264/3825/3433 3245/3879/3485
f 3248/3906/3510 3266/3854/3462 3267/3847/3455 3247/3878/3484
f 3245/3879/3485 3264/3825/3433 3254/3828/3436 3240/3892/3487
f 3684/3884/3490 3251/3883/3489 3246/3901/3505 3682/3907/3511
f 3246/3901/3505 3268/3900/3504 3259/3872/3478 3092/3871/3477
f 3687/3908/3512 3248/3906/3510 3247/3878/3484 3688/3877/3483
f 3243/3849/3457 3261/3838/3446 3260/3898/3502 3251/3883/3489
f 3673/3896/3500 3252/3882/3488 3241/3844/3452 3675/3843/3451
f 3686/3891/3497 3250/3876/3482 3248/3906/3510 3687/3908/3512
f 3252/3882/3488 3253/3862/3468 3257/3833/3441 3241/3844/3452
f 3242/3841/3449 3258/3832/3440 3256/3863/3469 3239/3873/3479
f 3125/3909/3513 3116/3910/3514 3113/3911/3515 3128/3912/3516
f 3124/3913/3517 3318/3914/3518 3108/3915/3519 3133/3916/3520
f 3131/3917/3521 3110/3918/3522 3112/3919/3523 3129/3920/3524
f 3321/3921/3525 3117/3922/3526 3103/3923/3527 3106/3924/3528
f 3132/3925/3529 3109/3926/3530 3107/3927/3531 3134/3928/3532
f 3123/3929/3533 3319/3930/3534 3318/3914/3518 3124/3913/3517
f 3122/3931/3535 3320/3932/3536 3319/3930/3534 3123/3929/3533
f 3108/3933/3519 3101/3934/3537 3093/3935/3538 3116/3910/3514
f 3128/3912/3516 3113/3911/3515 3109/3926/3530 3132/3925/3529
f 3106/3924/3528 3103/3923/3527 3098/3936/3539 3111/3937/3540
f 3133/3938/3520 3108/3933/3519 3116/3910/3514 3125/3909/3513
f 3319/3930/3534 3119/3939/3541 3120/3940/3542 3318/3914/3518
f 3111/3937/3540 3098/3936/3539 3099/3941/3543 3110/3918/3522
f 3110/3918/3522 3099/3941/3543 3097/3942/3544 3112/3919/3523
f 3112/3919/3523 3097/3942/3544 3104/3943/3545 3105/3944/3546
f 3129/3920/3524 3112/3919/3523 3105/3944/3546 3136/3945/3547
f 3114/3946/3548 3095/3947/3549 3094/3948/3550 3115/3949/3551
f 3134/3928/3532 3107/3927/3531 3321/3921/3525 3121/3950/3552
f 3318/3914/3518 3120/3940/3542 3101/3951/3537 3108/3915/3519
f 3116/3910/3514 3093/3935/3538 3096/3952/3553 3113/3911/3515
f 3107/3927/3531 3102/3953/3554 3117/3922/3526 3321/3921/3525
f 3127/3954/3555 3114/3946/3548 3115/3949/3551 3126/3955/3556
f 3136/3945/3547 3105/3944/3546 3114/3946/3548 3127/3954/3555
f 3320/3932/3536 3118/3956/3557 3119/3939/3541 3319/3930/3534
f 3322/3957/3558 3154/3958/3559 3153/3959/3560 3327/3960/3561
f 3126/3955/3556 3115/3949/3551 3320/3932/3536 3122/3931/3535
f 3130/3961/3562 3111/3937/3540 3110/3918/3522 3131/3917/3521
f 3608/3962/3563 6265/3963/3564 6271/3964/3565 3564/3965/3566
f 3569/3966/3567 6263/3967/3568 6269/3968/3569 3585/3969/3570
f 6264/3970/3571 6269/3968/3569 6280/3971/3572 6289/3972/3573
f 6268/3973/3574 6266/3974/3575 6281/3975/3576 6282/3976/3577
f 3585/3969/3570 6269/3968/3569 6264/3970/3571 3586/3977/3578
f 3555/3978/3579 6272/3979/3580 6263/3967/3568 3569/3966/3567
f 6271/3964/3565 6265/3963/3564 6290/3980/3581 6286/3981/3582
f 6269/3968/3569 6263/3967/3568 6279/3982/3583 6280/3971/3572
f 3570/3983/3584 6262/3984/3585 6270/3985/3586 3536/3986/3587
f 3536/3986/3587 6270/3985/3586 6267/3987/3588 3533/3988/3589
f 3620/3989/3590 6266/3974/3575 6268/3973/3574 3614/3990/3591
f 3209/1228/1117 3612/3991/3592 3405/3992/3593 3206/1229/1118
f 3622/616/579 6261/615/578 6262/3984/3585 3570/3983/3584
f 420/609/572 718/1107/1011 720/3993/1013 417/607/570
f 3131/3917/3521 3129/3920/3524 6288/3994/3594 6283/3995/3595
f 6260/3996/3596 6275/614/577 3393/617/580 3532/3997/3597
f 3612/3991/3592 6274/3998/3598 6273/3999/3599 3405/3992/3593
f 6289/3972/3573 3126/3955/3556 3122/3931/3535 6281/3975/3576
f 3586/3977/3578 6264/3970/3571 6266/3974/3575 3620/3989/3590
f 6291/4000/3600 3133/3938/3520 3125/3909/3513 6290/3980/3581
f 3533/3988/3589 6267/3987/3588 6272/3979/3580 3555/3978/3579
f 6271/3964/3565 6260/3996/3596 3532/3997/3597 3564/3965/3566
f 6272/3979/3580 6267/3987/3588 6283/3995/3595 6288/3994/3594
f 6273/4001/3599 6265/3963/3564 3608/3962/3563 3405/4002/3593
f 3614/3990/3591 6268/3973/3574 6274/3998/3598 3612/3991/3592
f 3130/3961/3562 3131/3917/3521 6283/3995/3595 6278/4003/3601
f 3062/3798/3406 3061/4004/3602 3041/4005/3603 3035/3801/3409
f 3061/4004/3602 3140/4006/3604 3139/4007/3605 3059/4008/3606
f 3043/4009/3607 3161/4010/3608 3301/4011/3609 3287/4012/3610
f 3059/4008/3606 3139/4007/3605 3289/4013/3611 3735/4014/3612
f 3269/4015/3613 3311/4016/3614 3212/4017/3615 3271/4018/3616
f 3211/4019/3617 3162/4020/3618 5938/4021/3619 3214/4022/3620
f 3162/4020/3618 3211/4019/3617 3827/4023/614 3804/4024/613
f 3712/4025/3621 3276/4026/3622 3269/4015/3613 3729/4027/3623
f 3274/3789/3397 3054/4028/3624 3056/4029/3625 3272/4030/3626
f 3875/4031/3627 3699/4032/3628 5947/4033/3629 3282/4034/3630
f 3281/4035/3631 3698/4036/3632 3052/4037/3633 3276/4038/3622
f 3295/4039/3634 3293/4040/3635 3151/4041/3636 3152/4042/3637
f 3148/4043/3638 3147/4044/3639 3800/4045/634 3801/4046/633
f 3149/4047/3640 3148/4043/3638 3801/4046/633 3802/4048/637
f 3150/4049/3641 3149/4047/3640 3802/4048/637 3803/4050/639
f 3798/4051/640 3046/4052/3642 3150/4049/3641 3803/4050/639
f 5963/4053/3643 3194/4054/3644 3193/4055/3645 3290/4056/3646
f 3211/4019/3617 3214/4022/3620 3045/4057/3647 3046/4052/3642
f 3300/4058/3648 3306/4059/3649 3170/4060/3650 3160/4061/3651
f 3291/4062/3652 5962/4063/3653 5963/4053/3643 3290/4056/3646
f 3298/4064/3654 3297/4065/3655 3153/3959/3560 3871/4066/3656
f 3786/696/656 3011/4067/3657 3328/4068/3658 3848/697/657
f 3297/4065/3655 3346/4069/3659 3327/3960/3561 3153/3959/3560
f 3139/4007/3605 3151/4041/3636 3293/4040/3635 3289/4013/3611
f 3822/4070/661 3845/4071/662 3290/4056/3646 3193/4055/3645
f 3139/4007/3605 3140/4006/3604 3141/4072/3660 3151/4041/3636
f 3037/3795/3403 3141/4072/3660 3140/4006/3604 3036/3796/3404
f 3038/3817/3425 3142/4073/3661 3141/4072/3660 3037/3795/3403
f 3144/4074/3662 3143/4075/3663 3292/4076/3664 3294/4077/3665
f 3142/4073/3661 3152/4042/3637 3151/4041/3636 3141/4072/3660
f 3182/4078/3666 3299/4079/3667 5964/4080/3668 3040/3786/3394
f 3154/3958/3559 5960/4081/3669 3871/4066/3656 3153/3959/3560
f 3323/4082/3670 3326/4083/3671 3152/4042/3637 3142/4073/3661
f 3328/4068/3658 3011/4067/3657 3022/4084/3672 3330/4085/3673
f 3010/3667/3292 3329/3769/3379 3331/3669/3294 3023/3668/3293
f 3039/4086/3674 3154/3958/3559 3322/3957/3558 3332/4087/3675
f 3145/4088/3676 3324/4089/3677 3345/4090/3678 3296/4091/3679
f 3154/3958/3559 3039/4086/3674 5958/4092/3680 5960/4081/3669
f 3347/4093/3681 3295/4039/3634 3152/4042/3637 3326/4083/3671
f 5939/4094/3682 5944/4095/3683 5941/4096/3684 3864/4097/3685
f 3325/4098/3686 3144/4074/3662 3294/4077/3665 3344/4099/3687
f 3323/4082/3670 3142/4073/3661 3038/3817/3425 3333/4100/3688
f 3034/3802/3410 3035/3801/3409 3041/4005/3603 3155/4101/3689
f 3031/3805/3413 3034/3802/3410 3155/4101/3689 3156/4102/3690
f 3032/3806/3414 3031/3805/3413 3156/4102/3690 3157/4103/3691
f 3767/3808/3416 3032/3806/3414 3157/4103/3691 3768/4104/3692
f 5029/3812/3420 3033/3811/3419 3158/4105/3693 3159/3814/3422
f 3159/3814/3422 3167/4106/3694 3166/4107/3695 3165/3815/3423
f 3042/4108/3696 3160/4061/3651 3155/4101/3689 3041/4005/3603
f 3734/4109/3697 3288/4110/3698 3138/4111/3699 3057/4112/3700
f 3288/4110/3698 3292/4076/3664 3143/4075/3663 3138/4111/3699
f 3272/4030/3626 3056/4029/3625 3696/4113/3701 3279/4114/3702
f 5041/4115/3703 5042/4116/3704 3168/4117/3705 3169/4118/3706
f 5932/4119/3707 5939/4094/3682 3864/4097/3685 3865/4120/3708
f 3808/4121/712 5782/4122/713 5932/4119/3707 3865/4120/3708
f 3302/4123/3709 3166/4107/3695 3167/4106/3694 3303/4124/3710
f 5944/4095/3683 5041/4115/3703 3169/4118/3706 5941/4096/3684
f 3175/4125/3711 3167/4106/3694 3159/3814/3422 3158/4105/3693
f 3769/4126/3712 3175/4125/3711 3158/4105/3693 3768/4104/3692
f 3170/4060/3650 3174/4127/3713 3157/4103/3691 3156/4102/3690
f 3770/4128/3714 3177/4129/3715 3310/4130/3716 3774/4131/3717
f 3171/4132/3718 3176/4133/3719 3307/4134/3720 3305/4135/3721
f 3177/4129/3715 3168/4117/3705 3304/4136/3722 3310/4130/3716
f 3773/4137/3723 3309/4138/3724 3175/4125/3711 3769/4126/3712
f 3306/4059/3649 3308/4139/3725 3174/4127/3713 3170/4060/3650
f 3877/4140/3726 3181/4141/3727 3177/4129/3715 3770/4128/3714
f 3173/4142/3728 3805/4143/736 3806/4144/735 3178/4145/3729
f 3181/4141/3727 3169/4118/3706 3168/4117/3705 3177/4129/3715
f 3858/4146/737 3807/4147/740 3179/4148/3730 5933/4149/3731
f 5936/4150/3732 3173/4142/3728 3178/4145/3729 5937/4151/3733
f 3807/4147/740 3808/4121/712 3865/4120/3708 3179/4148/3730
f 5933/4149/3731 3179/4148/3730 5940/4152/3734 3771/4153/3735
f 3172/4154/3736 3180/4155/3737 3176/4133/3719 3171/4132/3718
f 3179/4148/3730 3865/4120/3708 3864/4097/3685 5940/4152/3734
f 3876/4156/3738 3867/4157/3739 3181/4141/3727 3877/4140/3726
f 3866/4158/3740 5942/4159/3741 3180/4155/3737 3172/4154/3736
f 3867/4157/3739 5941/4096/3684 3169/4118/3706 3181/4141/3727
f 3866/4158/3740 3172/4154/3736 3163/4160/3742 3213/4161/3743
f 3156/4102/3690 3155/4101/3689 3160/4061/3651 3170/4060/3650
f 3161/4010/3608 3171/4132/3718 3305/4135/3721 3301/4011/3609
f 3163/4160/3742 3172/4154/3736 3171/4132/3718 3161/4010/3608
f 5940/4152/3734 3864/4097/3685 5941/4096/3684 3867/4157/3739
f 5936/4150/3732 5937/4151/3733 5942/4159/3741 3866/4158/3740
f 3805/4143/736 3173/4142/3728 3162/4020/3618 3804/4024/613
f 3291/4062/3652 3846/4162/755 3799/4163/754 3210/4164/3744
f 3697/4165/3745 3047/4166/3746 3045/4057/3647 3701/4167/3747
f 5989/4168/3748 5979/4169/3749 3868/3716/3337 5987/4170/3750
f 5991/4171/3751 5984/4172/3752 3017/3750/3369 5985/3749/3368
f 3015/3727/3348 3351/3729/3350 3365/4173/3753 3192/4174/3754
f 3844/4175/766 3794/3756/342 3860/3759/3374 3874/4176/3755
f 5984/4172/3752 3874/4176/3755 3860/3759/3374 3017/3750/3369
f 3841/808/768 3235/3712/3333 3014/3682/3307 3788/281/252
f 3359/4177/3756 3187/3742/3361 3185/3721/3342 3358/3720/3341
f 5992/4178/3757 5987/4170/3750 3868/3716/3337 3237/3715/3336
f 3229/4179/3758 3184/3694/3317 3357/3741/3360 3372/4180/3759
f 3832/4181/773 3810/3737/321 5966/3717/3338 5970/4182/3760
f 5979/4169/3749 5970/4182/3760 5966/3717/3338 3868/3716/3337
f 5977/3703/3326 3861/3687/3310 3870/3686/3309 5978/3767/3377
f 3361/3699/3322 3377/4183/3761 3872/3746/3365 3189/3700/3323
f 3813/295/266 3833/816/776 3230/3691/3314 3186/3690/3313
f 3191/3724/3345 3192/4174/3754 3365/4173/3753 3363/4184/3762
f 3816/3763/348 3835/4185/779 3232/4186/3763 3190/3748/3367
f 3189/3700/3323 3190/3748/3367 3232/4186/3763 5983/3701/3324
f 3849/4187/780 3352/4188/3351 3016/3764/3375 3790/379/349
f 3197/4189/3297 3198/3681/3306 3369/3680/3305 3367/4190/3764
f 3815/330/301 3837/824/782 3233/3696/3319 3188/3695/3318
f 3191/3724/3345 3363/4184/3762 3379/4191/3765 3234/3725/3346
f 3820/4192/784 3839/4193/787 5972/4194/3766 5975/4195/3767
f 3869/4196/3768 5975/4195/3767 5972/4194/3766 3873/4197/3769
f 3015/3727/3348 3192/4174/3754 3818/832/790 3789/338/309
f 3817/333/304 3818/832/790 3192/4174/3754 3191/3724/3345
f 5988/4198/3770 3364/3768/3378 5978/3767/3377 3869/4196/3768
f 5988/4198/3770 3869/4196/3768 3873/4197/3769 3378/4199/3771
f 3819/3685/259 3820/4192/784 5975/4195/3767 3870/3686/3309
f 3869/4196/3768 5978/3767/3377 3870/3686/3309 5975/4195/3767
f 3021/3726/3347 3016/3764/3375 3352/3730/3351 3215/3728/3349
f 3797/3785/372 3821/4200/793 3182/4078/3666 3040/3786/3394
f 5959/4201/3772 3145/4088/3676 3296/4091/3679 5956/4202/3773
f 3195/4203/3774 5962/4063/3653 3291/4062/3652 3210/4164/3744
f 3821/4200/793 3822/4070/661 3193/4055/3645 3182/4078/3666
f 3046/4052/3642 3798/4051/640 3827/4023/614 3211/4019/3617
f 3280/4204/3775 3697/4205/3745 3044/3819/3427 3278/3818/3426
f 3273/3788/3396 3055/3820/3428 3054/4028/3624 3274/3789/3397
f 3799/4163/754 3800/4206/634 3147/4207/3639 3210/4164/3744
f 5936/4150/3732 5938/4021/3619 3162/4020/3618 3173/4142/3728
f 3771/4153/3735 5940/4152/3734 3867/4157/3739 3876/4156/3738
f 3823/843/240 3824/316/287 3198/3681/3306 3197/4189/3297
f 3366/4208/3776 3368/3753/3372 3200/3707/3330 3199/4209/3777
f 3228/3674/3299 3229/4179/3758 3372/4180/3759 3370/3675/3300
f 3199/4209/3777 3200/3707/3330 5969/3706/3329 3201/4210/3778
f 3201/4210/3778 5969/3706/3329 3825/3711/284 3826/4211/801
f 3208/4212/3779 3614/3990/3591 3612/3991/3592 3209/1228/1117
f 3206/4213/1118 3405/4002/3593 3608/3962/3563 3205/4214/3780
f 3203/4215/3781 3393/617/580 3622/616/579 3202/4216/3782
f 3395/4217/3783 3555/3978/3579 3569/3966/3567 3394/4218/3784
f 3392/4219/3785 3586/3977/3578 3620/3989/3590 3207/4220/3786
f 3518/4221/3787 3515/4222/3788 3514/4223/3789 3519/4224/3790
f 3207/4220/3786 3620/3989/3590 3614/3990/3591 3208/4212/3779
f 3309/4138/3724 3303/4124/3710 3167/4106/3694 3175/4125/3711
f 5042/4116/3704 5137/4225/3791 3304/4136/3722 3168/4117/3705
f 3749/4226/3792 3335/4227/3793 3222/4228/3794 3753/4229/3795
f 3740/3816/3424 3747/4230/3796 3333/4100/3688 3038/3817/3425
f 3024/3770/3380 3023/3668/3293 3223/3671/3296 3224/4231/3797
f 5021/3779/3389 3030/3778/3388 3218/4232/3798 5128/4233/3799
f 3766/3777/3387 3029/3776/3386 3217/4234/3800 3772/4235/3801
f 3029/3776/3386 3028/3775/3385 3216/3791/3399 3217/4234/3800
f 3027/3774/3384 3026/3773/3383 3226/4236/3802 3227/3792/3400
f 3065/3772/3382 3025/3771/3381 3225/4237/3803 3051/4238/3804
f 3025/3771/3381 3024/3770/3380 3224/4231/3797 3225/4237/3803
f 3750/4239/3805 3216/3791/3399 3227/3792/3400 3758/4240/3806
f 3335/4227/3793 3330/4085/3673 3022/4084/3672 3222/4228/3794
f 3829/324/295 3830/877/830 3229/4179/3758 3228/3674/3299
f 5989/4168/3748 3371/3719/3340 5981/3722/3343 5979/4169/3749
f 5983/3701/3324 5982/3743/3362 3374/4241/3807 5990/3702/3325
f 5970/4182/3760 5976/3740/3359 3831/3760/346 3832/4181/773
f 5979/4169/3749 5981/3722/3343 5976/3740/3359 5970/4182/3760
f 3830/877/830 3811/296/267 3184/3694/3317 3229/4179/3758
f 3231/3723/3344 3230/3691/3314 3833/816/776 3834/331/302
f 3873/4197/3769 3872/3746/3365 3377/4183/3761 3378/4199/3771
f 3375/4242/3808 3373/3692/3315 3230/3691/3314 3231/3723/3344
f 3835/4185/779 3836/3761/347 5971/3744/3363 3232/4186/3763
f 3232/4186/3763 5971/3744/3363 5982/3743/3362 5983/3701/3324
f 3359/4177/3756 3374/4241/3807 5982/3743/3362 3187/3742/3361
f 3234/3725/3346 3233/3696/3319 3837/824/782 3838/334/305
f 3235/3712/3333 3236/3688/3311 3381/3689/3312 3380/3713/3334
f 3379/4191/3765 3376/3697/3320 3233/3696/3319 3234/3725/3346
f 3839/4193/787 3840/3762/109 5973/3747/3366 5972/4194/3766
f 5972/4194/3766 5973/3747/3366 3872/3746/3365 3873/4197/3769
f 3188/3695/3318 3362/3698/3321 3375/4242/3808 3231/3723/3344
f 3841/808/768 3842/880/833 3236/3688/3311 3235/3712/3333
f 5991/4171/3751 5992/4178/3757 3237/3715/3336 5984/4172/3752
f 3874/4176/3755 3238/3718/3339 3843/3738/322 3844/4175/766
f 5984/4172/3752 3237/3715/3336 3238/3718/3339 3874/4176/3755
f 3842/880/833 3809/325/296 3183/3677/3302 3236/3688/3311
f 3063/4243/3809 3713/4244/3810 3708/4245/3811 3048/3886/3492
f 3073/4246/3812 3722/4247/3813 3725/4248/3814 3074/4249/3815
f 3723/4250/3816 3279/4114/3702 3270/4251/3817 3724/4252/3818
f 3072/4253/3819 3720/4254/3820 3722/4247/3813 3073/4246/3812
f 3074/4249/3815 3725/4248/3814 3719/4255/3821 3069/4256/3822
f 3076/3861/3467 3343/4257/3823 3341/3821/3429 3089/3834/3442
f 3727/3790/3398 3274/3789/3397 3272/4030/3626 3721/4258/3824
f 3715/4259/3825 3283/4260/3826 3281/4035/3631 3717/4261/3827
f 3069/4256/3822 3719/4255/3821 5948/4262/3828 3068/4263/3829
f 3068/4263/3829 5948/4262/3828 3716/4264/3830 3064/4265/3831
f 3694/4266/3832 3195/4203/3774 3698/4267/3632 3700/4268/3833
f 3692/3869/3475 3730/4269/3834 3713/4244/3810 3063/4243/3809
f 3067/3856/3464 3718/4270/3835 3711/4271/3836 3060/3857/3465
f 3714/4272/3837 3278/3818/3426 3273/3788/3396 3707/3787/3395
f 3060/4273/3465 3711/4274/3836 3728/4275/3838 3690/4276/3839
f 3078/3864/3470 3315/4277/3840 3342/4278/3841 3087/3865/3471
f 3080/3897/3501 3314/3870/3476 3316/4279/3842 3085/3899/3503
f 3084/3848/3456 3284/4280/3843 3313/3855/3463 3086/3826/3434
f 3083/3853/3461 3285/4281/3844 3284/4280/3843 3084/3848/3456
f 3294/4077/3665 3295/4039/3634 3347/4093/3681 3344/4099/3687
f 3082/3830/3438 3338/3888/3494 3340/4282/3845 3088/3831/3439
f 3079/3894/3499 3339/3885/3491 3338/3888/3494 3082/3830/3438
f 3081/3852/3460 3312/4283/3846 3285/4281/3844 3083/3853/3461
f 3086/3826/3434 3313/3855/3463 3336/3858/3466 3090/3827/3435
f 3058/3868/3474 3710/4284/3847 3730/4269/3834 3692/3869/3475
f 3087/3865/3471 3342/4278/3841 3312/4283/3846 3081/3852/3460
f 3695/3822/3430 3733/4285/3848 3705/4286/3849 3146/3823/3431
f 3683/3874/3480 3239/3873/3479 3244/3875/3481 3674/3890/3496
f 3734/4109/3697 3735/4014/3612 3289/4013/3611 3288/4110/3698
f 3291/4062/3652 3290/4056/3646 3845/4071/662 3846/4162/755
f 3288/4110/3698 3289/4013/3611 3293/4040/3635 3292/4076/3664
f 3292/4076/3664 3293/4040/3635 3295/4039/3634 3294/4077/3665
f 3345/4090/3678 3346/4069/3659 3297/4065/3655 3296/4091/3679
f 3296/4091/3679 3297/4065/3655 3298/4064/3654 5956/4202/3773
f 3193/4055/3645 3194/4054/3644 3299/4079/3667 3182/4078/3666
f 3220/4287/3850 3219/3783/3393 3040/3786/3394 5964/4080/3668
f 3286/4288/3851 3287/4012/3610 3301/4011/3609 3300/4058/3648
f 3773/4137/3723 3774/4131/3717 3310/4130/3716 3309/4138/3724
f 3306/4059/3649 3305/4135/3721 3307/4134/3720 3308/4139/3725
f 3309/4138/3724 3310/4130/3716 3304/4136/3722 3303/4124/3710
f 5137/4225/3791 3302/4123/3709 3303/4124/3710 3304/4136/3722
f 3300/4058/3648 3301/4011/3609 3305/4135/3721 3306/4059/3649
f 3286/4288/3851 3300/4058/3648 3160/4061/3651 3042/4108/3696
f 3085/3899/3503 3316/4279/3842 3339/3885/3491 3079/3894/3499
f 3135/4289/3852 3106/3924/3528 3111/3937/3540 3130/3961/3562
f 3121/3950/3552 3321/3921/3525 3106/3924/3528 3135/4289/3852
f 3323/4082/3670 3322/3957/3558 3327/3960/3561 3326/4083/3671
f 3283/4260/3826 3700/4290/3833 3698/4036/3632 3281/4035/3631
f 3322/3957/3558 3323/4082/3670 3333/4100/3688 3332/4087/3675
f 3335/4227/3793 3334/3670/3295 3331/3669/3294 3330/4085/3673
f 3330/4085/3673 3331/3669/3294 3329/3769/3379 3328/4068/3658
f 3847/385/355 3848/697/657 3328/4068/3658 3329/3769/3379
f 3749/4226/3792 3759/4291/3853 3334/3670/3295 3335/4227/3793
f 3089/3834/3442 3341/3821/3429 3337/3824/3432 3077/3835/3443
f 3075/3837/3445 3317/3867/3473 3314/3870/3476 3080/3897/3501
f 3090/3860/3435 3336/4292/3466 3343/4257/3823 3076/3861/3467
f 3088/3831/3439 3340/4282/3845 3315/4277/3840 3078/3864/3470
f 3077/3835/3443 3337/3824/3432 3317/3867/3473 3075/3837/3445
f 3345/4090/3678 3344/4099/3687 3347/4093/3681 3346/4069/3659
f 3346/4069/3659 3347/4093/3681 3326/4083/3671 3327/3960/3561
f 3324/4089/3677 3325/4098/3686 3344/4099/3687 3345/4090/3678
f 3276/4026/3622 3052/4293/3633 3311/4016/3614 3269/4015/3613
f 3355/3734/3355 3354/3679/3304 3349/3733/3354 3348/3735/3356
f 3348/3735/3356 3349/3733/3354 3350/3714/3335 5985/3749/3368
f 3849/4187/780 3850/4294/878 3353/4295/3352 3352/4188/3351
f 3215/3728/3349 3012/3732/3353 5986/3766/3376 3351/3729/3350
f 3358/3720/3341 3357/3741/3360 3360/3693/3316 3359/4177/3756
f 5988/4198/3770 3363/4184/3762 3365/4173/3753 3364/3768/3378
f 3364/3768/3378 3365/4173/3753 3351/3729/3350 5986/3766/3376
f 3366/4208/3776 3367/4190/3764 3369/3680/3305 3368/3753/3372
f 3368/3753/3372 3369/3680/3305 3354/3679/3304 3355/3734/3355
f 5989/4168/3748 3370/3675/3300 3372/4180/3759 3371/3719/3340
f 3371/3719/3340 3372/4180/3759 3357/3741/3360 3358/3720/3341
f 5987/4170/3750 3356/3676/3301 3370/3675/3300 5989/4168/3748
f 3374/4241/3807 3373/3692/3315 3375/4242/3808 5990/3702/3325
f 3359/4177/3756 3360/3693/3316 3373/3692/3315 3374/4241/3807
f 5990/3702/3325 3375/4242/3808 3362/3698/3321 3361/3699/3322
f 3377/4183/3761 3376/3697/3320 3379/4191/3765 3378/4199/3771
f 3361/3699/3322 3362/3698/3321 3376/3697/3320 3377/4183/3761
f 3378/4199/3771 3379/4191/3765 3363/4184/3762 5988/4198/3770
f 5991/4171/3751 3380/3713/3334 3381/3689/3312 5992/4178/3757
f 5992/4178/3757 3381/3689/3312 3356/3676/3301 5987/4170/3750
f 5985/3749/3368 3350/3714/3335 3380/3713/3334 5991/4171/3751
f 3013/3683/3308 3349/3733/3354 3354/3679/3304 3018/3678/3303
f 3856/933/879 3852/270/241 3382/3673/3298 3762/3781/3391
f 3851/934/880 3383/4296/3854 3011/4067/3657 3786/696/656
f 5980/3704/3327 5977/3703/3326 5986/3766/3376 3012/3732/3353
f 5980/3704/3327 3012/3732/3353 3353/3731/3352 3385/4297/3855
f 3385/4297/3855 3384/4298/3856 5974/3705/3328 5980/3704/3327
f 3384/4298/3856 3854/4299/884 3853/3765/351 5974/3705/3328
f 3850/4294/878 3855/4300/885 3385/4301/3855 3353/4295/3352
f 3385/4301/3855 3855/4300/885 3854/4302/884 3384/4303/3856
f 3826/4304/801 3828/3784/373 3219/3783/3393 3201/4305/3778
f 3071/4306/3857 3220/4287/3850 5964/4080/3668 3862/4307/3858
f 3220/4287/3850 3071/4306/3857 3201/4305/3778 3219/3783/3393
f 3367/4308/3764 3386/3782/3392 3382/3673/3298 3197/3672/3297
f 3367/4308/3764 3366/4309/3776 3221/4310/3859 3386/3782/3392
f 3210/4164/3744 3147/4207/3639 3196/4311/3860 3195/4203/3774
f 3148/4043/3638 3049/4312/3861 3196/4313/3860 3147/4044/3639
f 3149/4047/3640 3387/4314/3862 3049/4312/3861 3148/4043/3638
f 3150/4049/3641 3388/4315/3863 3387/4314/3862 3149/4047/3640
f 3150/4049/3641 3046/4052/3642 3045/4057/3647 3388/4315/3863
f 6263/3967/3568 6272/3979/3580 6288/3994/3594 6279/3982/3583
f 3520/4316/3864 3521/4317/3865 3522/4318/3866 3523/4319/3867
f 3631/4320/3868 3632/4321/3869 3628/4322/3870 3629/4323/3871
f 3137/4324/3872 3204/4325/3873 3521/4326/3865 3520/4327/3864
f 3390/4328/3874 3204/4325/3873 3137/4324/3872 3389/4329/3875
f 3400/4330/3876 3401/4331/3877 3402/4332/3878 3399/4333/3879
f 3397/4334/3880 3398/4335/3881 3400/4330/3876 3399/4333/3879
f 3401/4336/3877 3404/4337/3882 3403/4338/3883 3402/4339/3878
f 3401/4340/3877 3400/4330/3876 3398/4335/3881 3404/4341/3882
f 3397/4334/3880 3399/4333/3879 3402/4339/3878 3403/4338/3883
f 3536/3986/3587 3533/3988/3589 3632/4321/3869 3631/4320/3868
f 3202/4216/3782 3622/616/579 3570/3983/3584 3396/4342/3884
f 3519/4224/3790 3564/3965/3566 3532/3997/3597 3518/4221/3787
f 3394/4218/3784 3569/3966/3567 3585/3969/3570 3391/4343/3885
f 3391/4343/3885 3585/3969/3570 3586/3977/3578 3392/4219/3785
f 3407/4344/3886 3406/4345/3887 3409/4346/3888 3408/4347/3889
f 3413/4348/3890 3411/4349/3891 3397/4334/3880 3403/4338/3883
f 3403/4350/3883 3404/4351/3882 3412/4352/3892 3413/4353/3890
f 3404/4341/3882 3398/4335/3881 3410/4354/3893 3412/4355/3892
f 3397/4334/3880 3411/4349/3891 3410/4354/3893 3398/4335/3881
f 3415/4356/3894 3414/4357/3895 3412/4355/3892 3410/4354/3893
f 3411/4349/3891 3417/4358/3896 3416/4359/3897 3410/4354/3893
f 3415/4356/3894 3410/4354/3893 3416/4359/3897 3418/4360/3898
f 3424/4361/3899 3421/4362/3900 3425/4363/3901 3427/4364/3902
f 3493/4365/3903 3483/4366/3904 3482/4367/3905 3420/4368/3906
f 3419/4369/3907 3418/4360/3898 3416/4359/3897 3421/4362/3900
f 3417/4358/3896 3425/4363/3901 3421/4362/3900 3416/4359/3897
f 3427/4364/3902 3425/4363/3901 3431/4370/3908 3433/4371/3909
f 3422/4372/3910 3468/4373/3911 3472/4374/3912 3439/4375/3913
f 3429/4376/3914 3411/4349/3891 3413/4348/3890 3428/4377/3915
f 3417/4358/3896 3411/4349/3891 3429/4376/3914 3430/4378/3916
f 3425/4363/3901 3417/4358/3896 3430/4378/3916 3431/4370/3908
f 3432/4379/3917 3492/4380/3918 3489/4381/3919 3490/4382/3920
f 3420/4368/3906 3482/4367/3905 3468/4373/3911 3422/4372/3910
f 3435/4383/3921 3429/4376/3914 3428/4377/3915 3434/4384/3922
f 3430/4378/3916 3429/4376/3914 3435/4383/3921 3436/4385/3923
f 3431/4370/3908 3430/4378/3916 3436/4385/3923 3437/4386/3924
f 3426/4387/3925 3448/4388/3926 3433/4371/3909 3438/4389/3927
f 3432/4379/3917 3426/4387/3925 3438/4389/3927 3492/4380/3918
f 3414/4390/3895 3451/4391/3928 3454/4392/3929 3412/4352/3892
f 3424/4361/3899 3443/4393/3930 3440/4394/3931 3423/4395/3932
f 3441/4396/3933 3440/4394/3931 3443/4393/3930 3446/4397/3934
f 3427/4364/3902 3444/4398/3935 3443/4393/3930 3424/4361/3899
f 3446/4397/3934 3443/4393/3930 3444/4398/3935 3447/4399/3936
f 3441/4396/3933 3446/4397/3934 3447/4399/3936 3445/4400/3937
f 3447/4399/3936 3444/4398/3935 3448/4388/3926 3445/4400/3937
f 3427/4364/3902 3433/4371/3909 3448/4388/3926 3444/4398/3935
f 3434/4401/3922 3428/4402/3915 3453/4403/3938 3452/4404/3939
f 3428/4402/3915 3413/4353/3890 3455/4405/3940 3453/4403/3938
f 3454/4392/3929 3455/4405/3940 3413/4353/3890 3412/4352/3892
f 3450/4406/3941 3454/4392/3929 3451/4391/3928 3456/4407/3942
f 3449/4408/3943 3450/4406/3941 3456/4407/3942 3457/4409/3944
f 3450/4406/3941 3453/4403/3938 3455/4405/3940 3454/4392/3929
f 3449/4408/3943 3452/4404/3939 3453/4403/3938 3450/4406/3941
f 3461/4410/3945 3409/4411/3888 3406/4412/3887 3458/4413/3946
f 3409/4411/3888 3461/4410/3945 3460/4414/3947 3408/4347/3889
f 3408/4347/3889 3460/4414/3947 3459/4415/3948 3407/4344/3886
f 3407/4344/3886 3459/4415/3948 3458/4416/3946 3406/4417/3887
f 3435/4383/3921 3434/4384/3922 3458/4416/3946 3459/4415/3948
f 3460/4414/3947 3462/4418/3949 3435/4383/3921 3459/4415/3948
f 3461/4410/3945 3463/4419/3950 3462/4418/3949 3460/4414/3947
f 3434/4401/3922 3463/4420/3950 3461/4421/3945 3458/4422/3946
f 3463/4419/3950 3465/4423/3951 3464/4424/3952 3462/4418/3949
f 3469/4425/3953 3470/4426/3954 3471/4427/3955 3466/4428/3956
f 3449/4408/3943 3469/4425/3953 3466/4428/3956 3452/4404/3939
f 3434/4401/3922 3452/4404/3939 3466/4428/3956 3467/4429/3957
f 3467/4429/3957 3466/4428/3956 3471/4427/3955 3468/4373/3911
f 3449/4408/3943 3457/4409/3944 3473/4430/3958 3469/4425/3953
f 3469/4425/3953 3473/4430/3958 3472/4374/3912 3470/4426/3954
f 3470/4426/3954 3472/4374/3912 3468/4373/3911 3471/4427/3955
f 3463/4420/3950 3434/4401/3922 3474/4431/3959 3475/4432/3960
f 3467/4429/3957 3476/4433/3961 3474/4431/3959 3434/4401/3922
f 3468/4373/3911 3477/4434/3962 3476/4433/3961 3467/4429/3957
f 3475/4432/3960 3474/4431/3959 3476/4433/3961 3478/4435/3963
f 3477/4434/3962 3479/4436/3964 3478/4435/3963 3476/4433/3961
f 3479/4436/3964 3477/4434/3962 3480/4437/3965 3481/4438/3966
f 3465/4439/3951 3463/4420/3950 3475/4432/3960 3478/4435/3963
f 3479/4436/3964 3484/4440/3967 3465/4439/3951 3478/4435/3963
f 3479/4436/3964 3481/4438/3966 3483/4366/3904 3484/4440/3967
f 3481/4438/3966 3480/4437/3965 3482/4367/3905 3483/4366/3904
f 3468/4373/3911 3482/4367/3905 3480/4437/3965 3477/4434/3962
f 3464/4424/3952 3465/4423/3951 3484/4441/3967 3485/4442/3968
f 3486/4443/3969 3485/4442/3968 3484/4441/3967 3483/4444/3904
f 3436/4385/3923 3435/4383/3921 3462/4418/3949 3487/4445/3970
f 3437/4386/3924 3436/4385/3923 3487/4445/3970 3488/4446/3971
f 3464/4424/3952 3489/4381/3919 3487/4445/3970 3462/4418/3949
f 3485/4442/3968 3490/4382/3920 3489/4381/3919 3464/4424/3952
f 3486/4443/3969 3491/4447/3972 3490/4382/3920 3485/4442/3968
f 3438/4389/3927 3437/4386/3924 3488/4446/3971 3492/4380/3918
f 3488/4446/3971 3487/4445/3970 3489/4381/3919 3492/4380/3918
f 3433/4371/3909 3431/4370/3908 3437/4386/3924 3438/4389/3927
f 3421/4362/3900 3424/4361/3899 3423/4395/3932 3419/4369/3907
f 3495/4448/3973 3496/4449/3974 3422/4372/3910 3439/4375/3913
f 3420/4368/3906 3422/4372/3910 3496/4449/3974 3497/4450/3975
f 3493/4365/3903 3420/4368/3906 3497/4450/3975 3498/4451/3976
f 3499/4452/3977 3497/4450/3975 3496/4449/3974 3495/4448/3973
f 3499/4452/3977 3501/4453/3978 3500/4454/3979 3497/4450/3975
f 3486/4443/3969 3483/4444/3904 3493/4455/3903 3494/4456/3980
f 3498/4451/3976 3503/4457/3981 3502/4458/1120 3493/4365/3903
f 3498/4451/3976 3497/4450/3975 3500/4454/3979 3503/4457/3981
f 3494/4456/3980 3493/4455/3903 3502/4459/1120 3504/4460/1119
f 3491/4447/3972 3486/4443/3969 3494/4456/3980 3505/4461/3982
f 3504/4460/1119 3506/4462/3983 3505/4461/3982 3494/4456/3980
f 3508/4463/3984 3500/4454/3979 3501/4453/3978 3507/4464/3985
f 3502/4458/1120 3503/4457/3981 3500/4454/3979 3508/4463/3984
f 3205/4214/3780 3506/4462/3983 3504/4460/1119 3206/4213/1118
f 3207/4220/3786 3208/4212/3779 3508/4465/3984 3507/4466/3985
f 3208/4212/3779 3209/1228/1117 3502/1231/1120 3508/4465/3984
f 3519/4224/3790 3514/4223/3789 3506/4462/3983 3205/4214/3780
f 3432/4379/3917 3490/4382/3920 3491/4447/3972 3509/4467/3986
f 3426/4387/3925 3432/4379/3917 3509/4467/3986 3510/4468/3987
f 3426/4387/3925 3510/4468/3987 3445/4400/3937 3448/4388/3926
f 3505/4461/3982 3511/4469/3988 3509/4467/3986 3491/4447/3972
f 3510/4468/3987 3509/4467/3986 3511/4469/3988 3512/4470/3989
f 3513/4471/3990 3445/4400/3937 3510/4468/3987 3512/4470/3989
f 3506/4462/3983 3514/4223/3789 3511/4469/3988 3505/4461/3982
f 3512/4470/3989 3511/4469/3988 3514/4223/3789 3515/4222/3788
f 3513/4471/3990 3512/4470/3989 3515/4222/3788 3516/4472/3991
f 3442/4473/3992 3441/4396/3933 3445/4400/3937 3513/4471/3990
f 3516/4472/3991 3517/4474/3993 3442/4473/3992 3513/4471/3990
f 3518/4221/3787 3203/4215/3781 3516/4472/3991 3515/4222/3788
f 3202/4216/3782 3517/4474/3993 3516/4472/3991 3203/4215/3781
f 3391/4343/3885 3615/4475/3994 3617/4476/3995 3394/4218/3784
f 3205/4214/3780 3608/3962/3563 3564/3965/3566 3519/4224/3790
f 3518/4221/3787 3532/3997/3597 3393/617/580 3203/4215/3781
f 3520/4477/3864 3523/4478/3867 3389/4329/3875 3137/4324/3872
f 3390/4328/3874 3522/4318/3866 3521/4317/3865 3204/4325/3873
f 3525/4479/3996 3526/4480/3997 3527/4481/3998 3524/4482/3999
f 3531/4483/4000 3522/4318/3866 3390/4328/3874 3529/4484/4001
f 3522/4485/3866 3531/4486/4000 3530/4487/4002 3523/4488/3867
f 3523/4478/3867 3530/4489/4002 3528/4490/4003 3389/4329/3875
f 3390/4328/3874 3389/4329/3875 3528/4490/4003 3529/4484/4001
f 3415/4356/3894 3528/4490/4003 3530/4489/4002 3414/4357/3895
f 3529/4484/4001 3528/4490/4003 3534/4491/4004 3535/4492/4005
f 3415/4356/3894 3418/4360/3898 3534/4491/4004 3528/4490/4003
f 3540/4493/4006 3543/4494/4007 3541/4495/4008 3538/4496/4009
f 3606/4497/4010 3537/4498/4011 3595/4499/4012 3596/4500/4013
f 3419/4369/3907 3538/4496/4009 3534/4491/4004 3418/4360/3898
f 3535/4492/4005 3534/4491/4004 3538/4496/4009 3541/4495/4008
f 3543/4494/4007 3549/4501/4014 3547/4502/4015 3541/4495/4008
f 3539/4503/4016 3439/4375/3913 3472/4374/3912 3581/4504/4017
f 3545/4505/4018 3544/4506/4019 3531/4483/4000 3529/4484/4001
f 3535/4492/4005 3546/4507/4020 3545/4505/4018 3529/4484/4001
f 3541/4495/4008 3547/4502/4015 3546/4507/4020 3535/4492/4005
f 3548/4508/4021 3603/4509/4022 3602/4510/4023 3605/4511/4024
f 3537/4498/4011 3539/4503/4016 3581/4504/4017 3595/4499/4012
f 3551/4512/4025 3550/4513/4026 3544/4506/4019 3545/4505/4018
f 3546/4507/4020 3552/4514/4027 3551/4512/4025 3545/4505/4018
f 3547/4502/4015 3553/4515/4028 3552/4514/4027 3546/4507/4020
f 3542/4516/4029 3554/4517/4030 3549/4501/4014 3561/4518/4031
f 3548/4508/4021 3605/4511/4024 3554/4517/4030 3542/4516/4029
f 3414/4390/3895 3530/4487/4002 3567/4519/4032 3451/4391/3928
f 3540/4493/4006 3423/4395/3932 3440/4394/3931 3556/4520/4033
f 3441/4396/3933 3559/4521/4034 3556/4520/4033 3440/4394/3931
f 3543/4494/4007 3540/4493/4006 3556/4520/4033 3557/4522/4035
f 3559/4521/4034 3560/4523/4036 3557/4522/4035 3556/4520/4033
f 3441/4396/3933 3558/4524/4037 3560/4523/4036 3559/4521/4034
f 3560/4523/4036 3558/4524/4037 3561/4518/4031 3557/4522/4035
f 3543/4494/4007 3557/4522/4035 3561/4518/4031 3549/4501/4014
f 3550/4525/4026 3565/4526/4038 3566/4527/4039 3544/4528/4019
f 3544/4528/4019 3566/4527/4039 3568/4529/4040 3531/4486/4000
f 3567/4519/4032 3530/4487/4002 3531/4486/4000 3568/4529/4040
f 3563/4530/4041 3456/4407/3942 3451/4391/3928 3567/4519/4032
f 3562/4531/4042 3457/4409/3944 3456/4407/3942 3563/4530/4041
f 3563/4530/4041 3567/4519/4032 3568/4529/4040 3566/4527/4039
f 3562/4531/4042 3563/4530/4041 3566/4527/4039 3565/4526/4038
f 3574/4532/4043 3571/4533/4044 3524/4534/3999 3527/4535/3998
f 3527/4535/3998 3526/4480/3997 3573/4536/4045 3574/4532/4043
f 3526/4480/3997 3525/4479/3996 3572/4537/4046 3573/4536/4045
f 3525/4479/3996 3524/4538/3999 3571/4539/4044 3572/4537/4046
f 3551/4512/4025 3572/4537/4046 3571/4539/4044 3550/4513/4026
f 3573/4536/4045 3572/4537/4046 3551/4512/4025 3575/4540/4047
f 3574/4532/4043 3573/4536/4045 3575/4540/4047 3576/4541/4048
f 3550/4525/4026 3571/4542/4044 3574/4543/4043 3576/4544/4048
f 3576/4541/4048 3575/4540/4047 3577/4545/4049 3578/4546/4050
f 3582/4547/4051 3579/4548/4052 3584/4549/4053 3583/4550/4054
f 3562/4531/4042 3565/4526/4038 3579/4548/4052 3582/4547/4051
f 3550/4525/4026 3580/4551/4055 3579/4548/4052 3565/4526/4038
f 3580/4551/4055 3581/4504/4017 3584/4549/4053 3579/4548/4052
f 3562/4531/4042 3582/4547/4051 3473/4430/3958 3457/4409/3944
f 3582/4547/4051 3583/4550/4054 3472/4374/3912 3473/4430/3958
f 3583/4550/4054 3584/4549/4053 3581/4504/4017 3472/4374/3912
f 3576/4544/4048 3588/4552/4056 3587/4553/4057 3550/4525/4026
f 3580/4551/4055 3550/4525/4026 3587/4553/4057 3589/4554/4058
f 3581/4504/4017 3580/4551/4055 3589/4554/4058 3590/4555/4059
f 3588/4552/4056 3591/4556/4060 3589/4554/4058 3587/4553/4057
f 3590/4555/4059 3589/4554/4058 3591/4556/4060 3592/4557/4061
f 3592/4557/4061 3594/4558/4062 3593/4559/4063 3590/4555/4059
f 3578/4560/4050 3591/4556/4060 3588/4552/4056 3576/4544/4048
f 3592/4557/4061 3591/4556/4060 3578/4560/4050 3597/4561/4064
f 3592/4557/4061 3597/4561/4064 3596/4500/4013 3594/4558/4062
f 3594/4558/4062 3596/4500/4013 3595/4499/4012 3593/4559/4063
f 3581/4504/4017 3590/4555/4059 3593/4559/4063 3595/4499/4012
f 3577/4545/4049 3598/4562/4065 3597/4563/4064 3578/4546/4050
f 3599/4564/4066 3596/4565/4013 3597/4563/4064 3598/4562/4065
f 3552/4514/4027 3600/4566/4067 3575/4540/4047 3551/4512/4025
f 3553/4515/4028 3601/4567/4068 3600/4566/4067 3552/4514/4027
f 3577/4545/4049 3575/4540/4047 3600/4566/4067 3602/4510/4023
f 3598/4562/4065 3577/4545/4049 3602/4510/4023 3603/4509/4022
f 3599/4564/4066 3598/4562/4065 3603/4509/4022 3604/4568/4069
f 3554/4517/4030 3605/4511/4024 3601/4567/4068 3553/4515/4028
f 3601/4567/4068 3605/4511/4024 3602/4510/4023 3600/4566/4067
f 3549/4501/4014 3554/4517/4030 3553/4515/4028 3547/4502/4015
f 3538/4496/4009 3419/4369/3907 3423/4395/3932 3540/4493/4006
f 3495/4448/3973 3439/4375/3913 3539/4503/4016 3609/4569/4070
f 3537/4498/4011 3610/4570/4071 3609/4569/4070 3539/4503/4016
f 3606/4497/4010 3611/4571/4072 3610/4570/4071 3537/4498/4011
f 3499/4452/3977 3495/4448/3973 3609/4569/4070 3610/4570/4071
f 3499/4452/3977 3610/4570/4071 3613/4572/4073 3501/4453/3978
f 3599/4564/4066 3607/4573/4074 3606/4574/4010 3596/4565/4013
f 3611/4571/4072 3606/4497/4010 3615/4575/3994 3616/4576/4075
f 3611/4571/4072 3616/4576/4075 3613/4572/4073 3610/4570/4071
f 3607/4573/4074 3617/4476/3995 3615/4475/3994 3606/4574/4010
f 3604/4568/4069 3618/4577/4076 3607/4573/4074 3599/4564/4066
f 3617/4476/3995 3607/4573/4074 3618/4577/4076 3619/4578/4077
f 3621/4579/4078 3507/4464/3985 3501/4453/3978 3613/4572/4073
f 3615/4575/3994 3621/4579/4078 3613/4572/4073 3616/4576/4075
f 3395/4217/3783 3394/4218/3784 3617/4476/3995 3619/4578/4077
f 3207/4220/3786 3507/4466/3985 3621/4580/4078 3392/4219/3785
f 3392/4219/3785 3621/4580/4078 3615/4475/3994 3391/4343/3885
f 3619/4578/4077 3628/4322/3870 3632/4321/3869 3395/4217/3783
f 3548/4508/4021 3623/4581/4079 3604/4568/4069 3603/4509/4022
f 3542/4516/4029 3624/4582/4080 3623/4581/4079 3548/4508/4021
f 3542/4516/4029 3561/4518/4031 3558/4524/4037 3624/4582/4080
f 3618/4577/4076 3604/4568/4069 3623/4581/4079 3625/4583/4081
f 3624/4582/4080 3626/4584/4082 3625/4583/4081 3623/4581/4079
f 3627/4585/4083 3626/4584/4082 3624/4582/4080 3558/4524/4037
f 3619/4578/4077 3618/4577/4076 3625/4583/4081 3628/4322/3870
f 3626/4584/4082 3629/4323/3871 3628/4322/3870 3625/4583/4081
f 3627/4585/4083 3630/4586/4084 3629/4323/3871 3626/4584/4082
f 3442/4473/3992 3627/4585/4083 3558/4524/4037 3441/4396/3933
f 3630/4586/4084 3627/4585/4083 3442/4473/3992 3517/4474/3993
f 3631/4320/3868 3629/4323/3871 3630/4586/4084 3396/4342/3884
f 3202/4216/3782 3396/4342/3884 3630/4586/4084 3517/4474/3993
f 3533/3988/3589 3555/3978/3579 3395/4217/3783 3632/4321/3869
f 3570/3983/3584 3536/3986/3587 3631/4320/3868 3396/4342/3884
f 3123/3929/3533 3124/3913/3517 6284/4587/4085 6282/3976/3577
f 6287/4588/4086 3121/3950/3552 3135/4289/3852 6277/4589/4087
f 6284/4587/4085 3124/3913/3517 3133/3916/3520 6291/4590/3600
f 6265/3963/3564 6273/4001/3599 6291/4000/3600 6290/3980/3581
f 3115/3949/3551 3094/3948/3550 3118/3956/3557 3320/3932/3536
f 3109/3926/3530 3100/4591/4088 3102/3953/3554 3107/3927/3531
f 3105/3944/3546 3104/3943/3545 3095/3947/3549 3114/3946/3548
f 3113/3911/3515 3096/3952/3553 3100/4591/4088 3109/3926/3530
f 3635/4592/4089 3634/4593/4090 3118/3956/3557 3094/3948/3550
f 3119/3939/3541 3118/3956/3557 3634/4593/4090 3633/4594/4091
f 3764/4595/4092 3763/3780/3390 3386/3782/3392 3221/4310/3859
f 3022/4084/3672 3011/4067/3657 3383/4296/3854 3637/4596/4093
f 3638/4597/4094 3222/4228/3794 3022/4084/3672 3637/4596/4093
f 3095/3947/3549 3636/4598/4095 3635/4592/4089 3094/3948/3550
f 3636/4598/4095 3639/4599/4096 3634/4593/4090 3635/4592/4089
f 3633/4594/4091 3634/4593/4090 3639/4599/4096 3640/4600/4097
f 3120/3940/3542 3119/3939/3541 3633/4594/4091 3640/4600/4097
f 3117/3922/3526 3652/4601/4098 3650/4602/4099 3103/3923/3527
f 3097/3942/3544 3644/4603/4100 3651/4604/4101 3104/3943/3545
f 3120/3940/3542 3653/4605/4102 3648/4606/4103 3101/3951/3537
f 3103/3923/3527 3650/4602/4099 3645/4607/4104 3098/3936/3539
f 3101/3934/3537 3648/4608/4103 3641/4609/4105 3093/3935/3538
f 3102/3953/3554 3649/4610/4106 3652/4601/4098 3117/3922/3526
f 3095/3947/3549 3642/4611/4107 3654/4612/4108 3636/4598/4095
f 3100/4591/4088 3647/4613/4109 3649/4610/4106 3102/3953/3554
f 3636/4598/4095 3654/4612/4108 3655/4614/4110 3639/4599/4096
f 3098/3936/3539 3645/4607/4104 3646/4615/4111 3099/3941/3543
f 3639/4599/4096 3655/4614/4110 3656/4616/4112 3640/4600/4097
f 3099/3941/3543 3646/4615/4111 3644/4603/4100 3097/3942/3544
f 3093/3935/3538 3641/4609/4105 3643/4617/4113 3096/3952/3553
f 3104/3943/3545 3651/4604/4101 3642/4611/4107 3095/3947/3549
f 3096/3952/3553 3643/4617/4113 3647/4613/4109 3100/4591/4088
f 3640/4600/4097 3656/4616/4112 3653/4605/4102 3120/3940/3542
f 3646/4615/4111 3662/4618/4114 3660/4619/4115 3644/4603/4100
f 3641/4609/4105 3657/4620/4116 3659/4621/4117 3643/4617/4113
f 3656/4616/4112 3672/4622/4118 3669/4623/4119 3653/4605/4102
f 3652/4601/4098 3668/4624/4120 3666/4625/4121 3650/4602/4099
f 3651/4604/4101 3667/4626/4122 3658/4627/4123 3642/4611/4107
f 3648/4608/4103 3664/4628/4124 3657/4620/4116 3641/4609/4105
f 3643/4617/4113 3659/4621/4117 3663/4629/4125 3647/4613/4109
f 3644/4603/4100 3660/4619/4115 3667/4626/4122 3651/4604/4101
f 3650/4602/4099 3666/4625/4121 3661/4630/4126 3645/4607/4104
f 3649/4610/4106 3665/4631/4127 3668/4624/4120 3652/4601/4098
f 3647/4613/4109 3663/4629/4125 3665/4631/4127 3649/4610/4106
f 3642/4611/4107 3658/4627/4123 3670/4632/4128 3654/4612/4108
f 3653/4605/4102 3669/4623/4119 3664/4633/4124 3648/4606/4103
f 3654/4612/4108 3670/4632/4128 3671/4634/4129 3655/4614/4110
f 3645/4607/4104 3661/4630/4126 3662/4618/4114 3646/4615/4111
f 3655/4614/4110 3671/4634/4129 3672/4622/4118 3656/4616/4112
f 3658/4627/4123 3674/3890/3496 3686/3891/3497 3670/4632/4128
f 3669/4623/4119 3685/3880/3486 3680/3893/3498 3664/4633/4124
f 3670/4632/4128 3686/3891/3497 3687/3908/3512 3671/4634/4129
f 3661/4630/4126 3677/3889/3495 3678/3839/3447 3662/4618/4114
f 3671/4634/4129 3687/3908/3512 3688/3877/3483 3672/4622/4118
f 3662/4618/4114 3678/3839/3447 3676/3842/3450 3660/4619/4115
f 3657/4620/4116 3673/3896/3500 3675/3843/3451 3659/4621/4117
f 3672/4622/4118 3688/3877/3483 3685/3880/3486 3669/4623/4119
f 3668/4624/4120 3684/3884/3490 3682/3907/3511 3666/4625/4121
f 3667/4626/4122 3683/3874/3480 3674/3890/3496 3658/4627/4123
f 3664/4628/4124 3680/3895/3498 3673/3896/3500 3657/4620/4116
f 3659/4621/4117 3675/3843/3451 3679/3846/3454 3663/4629/4125
f 3660/4619/4115 3676/3842/3450 3683/3874/3480 3667/4626/4122
f 3666/4625/4121 3682/3907/3511 3677/3889/3495 3661/4630/4126
f 3665/4631/4127 3681/3850/3458 3684/3884/3490 3668/4624/4120
f 3663/4629/4125 3679/3846/3454 3681/3850/3458 3665/4631/4127
f 3336/4292/3466 3060/4273/3465 3690/4276/3839 3343/4257/3823
f 3717/4261/3827 3281/4035/3631 3276/4038/3622 3712/4635/3621
f 3343/4257/3823 3690/4276/3839 3695/3822/3430 3341/3821/3429
f 3729/4027/3623 3269/4015/3613 3271/4018/3616 3732/4636/4130
f 3314/3870/3476 3692/3869/3475 3063/4243/3809 3316/4279/3842
f 3731/4637/4131 3280/4204/3775 3278/3818/3426 3714/4272/3837
f 3284/4280/3843 3064/4265/3831 3067/3856/3464 3313/3855/3463
f 5953/4638/4132 3282/4034/3630 3283/4260/3826 3715/4259/3825
f 3285/4281/3844 3068/4263/3829 3064/4265/3831 3284/4280/3843
f 3064/4265/3831 3716/4264/3830 3718/4270/3835 3067/3856/3464
f 3342/4278/3841 3074/4249/3815 3069/4256/3822 3312/4283/3846
f 3724/4252/3818 3270/4251/3817 3875/4031/3627 5957/4639/4133
f 3312/4283/3846 3069/4256/3822 3068/4263/3829 3285/4281/3844
f 5957/4639/4133 3875/4031/3627 3282/4034/3630 5953/4638/4132
f 3338/3888/3494 3050/3887/3493 3072/4253/3819 3340/4282/3845
f 3721/4258/3824 3272/4030/3626 3279/4114/3702 3723/4250/3816
f 3340/4282/3845 3072/4253/3819 3073/4246/3812 3315/4277/3840
f 3050/3887/3493 3726/4640/4134 3720/4254/3820 3072/4253/3819
f 3315/4277/3840 3073/4246/3812 3074/4249/3815 3342/4278/3841
f 3690/4276/3839 3728/4275/3838 3733/4285/3848 3695/3822/3430
f 3337/3824/3432 3146/3823/3431 3058/3868/3474 3317/3867/3473
f 3732/4636/4130 3271/4018/3616 3275/3903/3507 3706/3902/3506
f 3316/4279/3842 3063/4243/3809 3048/3886/3492 3339/3885/3491
f 3048/3886/3492 3708/4245/3811 3726/4640/4134 3050/3887/3493
f 3270/4251/3817 5993/4641/4135 3699/4032/3628 3875/4031/3627
f 3275/3903/3507 3053/4642/4136 3047/4643/3746 3277/3904/3508
f 3271/4018/3616 3212/4017/3615 3053/4642/4136 3275/3903/3507
f 3282/4034/3630 5947/4033/3629 3700/4290/3833 3283/4260/3826
f 3279/4114/3702 3696/4113/3701 5993/4641/4135 3270/4251/3817
f 3196/4311/3860 3052/4644/3633 3698/4267/3632 3195/4203/3774
f 3049/4312/3861 3311/4645/3614 3052/4646/3633 3196/4313/3860
f 3212/4647/3615 3311/4645/3614 3049/4312/3861 3387/4314/3862
f 3053/4648/4136 3212/4647/3615 3387/4314/3862 3388/4315/3863
f 3053/4648/4136 3388/4315/3863 3045/4057/3647 3047/4166/3746
f 3214/4022/3620 3703/4649/4137 3701/4167/3747 3045/4057/3647
f 3702/4650/4138 3044/4651/3427 3697/4165/3745 3701/4167/3747
f 3866/4158/3740 3213/4161/3743 5938/4021/3619 5936/4150/3732
f 3704/4652/4139 3703/4649/4137 3213/4161/3743 3163/4160/3742
f 3702/4650/4138 3701/4167/3747 3703/4649/4137 3704/4652/4139
f 3706/3902/3506 3705/4286/3849 3733/4285/3848 3732/4636/4130
f 3727/3790/3398 3726/4640/4134 3708/4245/3811 3707/3787/3395
f 3731/4637/4131 3730/4269/3834 3710/4284/3847 3709/3905/3509
f 3712/4635/3621 3711/4271/3836 3718/4270/3835 3717/4261/3827
f 3729/4027/3623 3728/4275/3838 3711/4274/3836 3712/4025/3621
f 3732/4636/4130 3733/4285/3848 3728/4275/3838 3729/4027/3623
f 3714/4272/3837 3713/4244/3810 3730/4269/3834 3731/4637/4131
f 3717/4261/3827 3718/4270/3835 3716/4264/3830 3715/4259/3825
f 3715/4259/3825 3716/4264/3830 5948/4262/3828 5953/4638/4132
f 5957/4639/4133 3719/4255/3821 3725/4248/3814 3724/4252/3818
f 5953/4638/4132 5948/4262/3828 3719/4255/3821 5957/4639/4133
f 3721/4258/3824 3720/4254/3820 3726/4640/4134 3727/3790/3398
f 3723/4250/3816 3722/4247/3813 3720/4254/3820 3721/4258/3824
f 3724/4252/3818 3725/4248/3814 3722/4247/3813 3723/4250/3816
f 3709/3905/3509 3710/4284/3847 3705/4286/3849 3706/3902/3506
f 3707/3787/3395 3708/4245/3811 3713/4244/3810 3714/4272/3837
f 3146/3823/3431 3705/4286/3849 3710/4284/3847 3058/3868/3474
f 3693/4653/4140 5962/4063/3653 3195/4203/3774 3694/4266/3832
f 3691/4654/4141 5963/4053/3643 5962/4063/3653 3693/4653/4140
f 3689/4655/4142 3194/4054/3644 5963/4053/3643 3691/4654/4141
f 3299/4079/3667 3194/4054/3644 3689/4655/4142 3863/4656/4143
f 3862/4307/3858 5964/4080/3668 3299/4079/3667 3863/4656/4143
f 3070/4657/4144 3199/4658/3777 3201/4305/3778 3071/4306/3857
f 3199/4658/3777 3070/4657/4144 3221/4310/3859 3366/4309/3776
f 3287/4012/3610 3286/4288/3851 3735/4014/3612 3734/4109/3697
f 3026/3773/3383 3065/3772/3382 3051/4238/3804 3226/4236/3802
f 3287/4012/3610 3734/4109/3697 3057/4112/3700 3043/4009/3607
f 3042/4108/3696 3059/4008/3606 3735/4014/3612 3286/4288/3851
f 3041/4005/3603 3061/4004/3602 3059/4008/3606 3042/4108/3696
f 3036/3796/3404 3140/4006/3604 3061/4004/3602 3062/3798/3406
f 3743/3800/3408 3745/3797/3405 3062/3798/3406 3035/3801/3409
f 3007/3663/3288 3066/3664/3289 3065/3772/3382 3026/3773/3383
f 3783/260/231 3008/3666/3291 3066/3664/3289 3777/257/228
f 3694/4266/3832 3700/4268/3833 5947/4659/3629 5949/4660/4145
f 5949/4660/4145 5954/4661/4146 3693/4653/4140 3694/4266/3832
f 5950/4662/4147 3691/4654/4141 3693/4653/4140 5954/4661/4146
f 5951/4663/4148 3689/4655/4142 3691/4654/4141 5950/4662/4147
f 3863/4656/4143 3689/4655/4142 5951/4663/4148 5955/4664/4149
f 3862/4307/3858 3863/4656/4143 5955/4664/4149 5952/4665/4150
f 3043/4009/3607 3057/4112/3700 3702/4650/4138 3704/4652/4139
f 3057/4112/3700 3138/4111/3699 3044/4651/3427 3702/4650/4138
f 3143/4075/3663 3055/4666/3428 3044/4651/3427 3138/4111/3699
f 3144/4074/3662 3054/4667/3624 3055/4666/3428 3143/4075/3663
f 3054/4667/3624 3144/4074/3662 3325/4098/3686 3056/4668/3625
f 3056/4668/3625 3325/4098/3686 3324/4089/3677 3696/4669/3701
f 3696/4669/3701 3324/4089/3677 3145/4088/3676 5993/4670/4135
f 3699/4671/3628 5993/4670/4135 3145/4088/3676 5959/4201/3772
f 3043/4009/3607 3704/4652/4139 3163/4160/3742 3161/4010/3608
f 5949/4660/4145 5947/4659/3629 3699/4671/3628 5959/4201/3772
f 5956/4202/3773 5954/4661/4146 5949/4660/4145 5959/4201/3772
f 5950/4662/4147 5954/4661/4146 5956/4202/3773 3298/4064/3654
f 5951/4663/4148 5950/4662/4147 3298/4064/3654 3871/4066/3656
f 5960/4081/3669 5955/4664/4149 5951/4663/4148 3871/4066/3656
f 5958/4092/3680 5952/4665/4150 5955/4664/4149 5960/4081/3669
f 3736/4672/4151 3071/4306/3857 3862/4307/3858 5952/4665/4150
f 3757/4673/4152 3748/4674/4153 3745/3797/3405 3743/3800/3408
f 3332/4087/3675 3333/4100/3688 3747/4230/3796 3746/4675/4154
f 3031/3805/3413 3737/3804/3412 3744/3799/3407 3034/3802/3410
f 3754/4676/4155 3759/4291/3853 3747/4230/3796 3740/3816/3424
f 3332/4087/3675 3746/4675/4154 5994/4677/4156 3039/4086/3674
f 3755/4678/4157 3754/4676/4155 3740/3816/3424 3741/3794/3402
f 5166/4679/4158 3752/4680/4159 3739/3810/3418 5154/3809/3417
f 3776/4681/4160 3751/4682/4161 3738/3803/3411 3775/3807/3415
f 3751/4682/4161 3750/4239/3805 3737/3804/3412 3738/3803/3411
f 3758/4240/3806 3757/4673/4152 3743/3800/3408 3744/3799/3407
f 3748/4674/4153 3756/4683/4162 3742/3793/3401 3745/3797/3405
f 3756/4683/4162 3755/4678/4157 3741/3794/3402 3742/3793/3401
f 5961/4684/4163 3736/4672/4151 5952/4665/4150 5958/4092/3680
f 5958/4092/3680 3039/4086/3674 5994/4677/4156 5961/4684/4163
f 3225/4237/3803 3224/4231/3797 3755/4678/4157 3756/4683/4162
f 3051/4238/3804 3225/4237/3803 3756/4683/4162 3748/4674/4153
f 3227/3792/3400 3226/4236/3802 3757/4673/4152 3758/4240/3806
f 3217/4234/3800 3216/3791/3399 3750/4239/3805 3751/4682/4161
f 3772/4235/3801 3217/4234/3800 3751/4682/4161 3776/4681/4160
f 5128/4233/3799 3218/4232/3798 3752/4680/4159 5166/4679/4158
f 3224/4231/3797 3223/3671/3296 3754/4676/4155 3755/4678/4157
f 3223/3671/3296 3334/3670/3295 3759/4291/3853 3754/4676/4155
f 3226/4236/3802 3051/4238/3804 3748/4674/4153 3757/4673/4152
f 3746/4675/4154 3747/4230/3796 3759/4291/3853 3749/4226/3792
f 3737/3804/3412 3750/4239/3805 3758/4240/3806 3744/3799/3407
f 3746/4675/4154 3749/4226/3792 3753/4229/3795 5994/4677/4156
f 3760/4685/4164 3753/4229/3795 3222/4228/3794 3638/4597/4094
f 3753/4229/3795 3760/4685/4164 5961/4684/4163 5994/4677/4156
f 3761/4686/4165 3736/4672/4151 5961/4684/4163 3760/4685/4164
f 3070/4657/4144 3071/4306/3857 3736/4672/4151 3761/4686/4165
f 3638/4597/4094 3637/4596/4093 3763/3780/3390 3764/4595/4092
f 3851/934/880 3856/933/879 3762/3781/3391 3383/4296/3854
f 3637/4596/4093 3383/4296/3854 3762/3781/3391 3763/3780/3390
f 3764/4595/4092 3221/4310/3859 3070/4657/4144 3761/4686/4165
f 3760/4685/4164 3638/4597/4094 3764/4595/4092 3761/4686/4165
f 3218/4232/3798 3772/4235/3801 3776/4681/4160 3752/4680/4159
f 3752/4680/4159 3776/4681/4160 3775/3807/3415 3739/3810/3418
f 3308/4139/3725 3307/4134/3720 3774/4131/3717 3773/4137/3723
f 3030/3778/3388 3766/3777/3387 3772/4235/3801 3218/4232/3798
f 5937/4151/3733 3771/4153/3735 3876/4156/3738 5942/4159/3741
f 5942/4159/3741 3876/4156/3738 3877/4140/3726 3180/4155/3737
f 3178/4145/3729 5933/4149/3731 3771/4153/3735 5937/4151/3733
f 3806/4144/735 3858/4146/737 5933/4149/3731 3178/4145/3729
f 3180/4155/3737 3877/4140/3726 3770/4128/3714 3176/4133/3719
f 3308/4139/3725 3773/4137/3723 3769/4126/3712 3174/4127/3713
f 3176/4133/3719 3770/4128/3714 3774/4131/3717 3307/4134/3720
f 3174/4127/3713 3769/4126/3712 3768/4104/3692 3157/4103/3691
f 3033/3811/3419 3767/3808/3416 3768/4104/3692 3158/4105/3693
f 3739/3810/3418 3775/3807/3415 3767/3808/3416 3033/3811/3419
f 3003/3751/3370 3765/3659/3284 3766/3777/3387 3030/3778/3388
f 3003/3751/3370 3778/365/336 3857/250/221 3765/3659/3284
f 3878/4687/4166 3901/4688/4167 3900/4689/4168 5905/4690/4169
f 3906/4691/4170 3881/4692/4171 4989/4693/4172 3907/4694/4173
f 3892/4695/4174 3893/4696/4175 3882/4697/4176 5907/4698/4177
f 3894/4699/4178 3895/4700/4179 3884/4701/4180 3883/4702/4181
f 3897/4703/4182 3983/4704/4183 5002/4705/4184 3891/4706/4185
f 3898/4707/4186 3911/4708/4187 3912/4709/4188 3886/4710/4189
f 3984/4711/4190 3981/4712/4191 3890/4713/4192 3896/4714/4193
f 3897/4703/4182 3891/4706/4185 4991/4715/4194 3898/4716/4186
f 3901/4717/4167 3899/4718/4195 5902/4719/4196 3900/4720/4168
f 3903/4721/4197 4992/4722/4198 5903/4723/4199 3902/4724/4200
f 3922/4725/4201 5813/4726/4202 3924/4727/4203 3923/4728/4204
f 5813/4726/4202 4998/4729/4205 5110/4730/4206 3924/4727/4203
f 3933/4731/4207 3915/4732/4208 3914/4733/4209 3932/4734/4210
f 3931/4735/4211 3932/4734/4210 3914/4733/4209 3913/4736/4212
f 3930/4737/4213 3931/4735/4211 3913/4736/4212 3912/4709/4188
f 3901/4717/4167 3902/4724/4200 5903/4723/4199 3899/4718/4195
f 4991/4715/4194 3910/4738/4214 3911/4739/4187 3898/4716/4186
f 3896/4740/4193 3885/4741/4215 3982/4742/4216 3984/4743/4190
f 3895/4744/4179 3894/4745/4178 3888/4746/4217 3889/4747/4218
f 3907/4748/4173 4996/4749/4219 4995/4750/4220 3906/4751/4170
f 3893/4752/4175 5901/4753/4221 3888/4746/4217 3894/4745/4178
f 3882/4697/4176 3893/4696/4175 3894/4699/4178 3883/4702/4181
f 4989/4693/4172 3923/4728/4204 3927/4754/4222 3907/4694/4173
f 3906/4691/4170 3905/4755/4223 4988/4756/4224 3881/4692/4171
f 5906/4757/4225 3902/4758/4200 3901/4688/4167 3878/4687/4166
f 3928/4759/4226 3936/4760/4227 4999/4761/4228 3926/4762/4229
f 3925/4763/4230 3927/4764/4222 3928/4759/4226 3926/4762/4229
f 5110/4730/4206 3936/4765/4227 3928/4766/4226 3924/4727/4203
f 3924/4727/4203 3928/4766/4226 3927/4754/4222 3923/4728/4204
f 3921/4767/4231 5109/4768/4232 4998/4729/4205 5813/4726/4202
f 3935/4769/4233 5109/4768/4232 3921/4767/4231 3920/4770/4234
f 3919/4771/4235 3921/4767/4231 5813/4726/4202 3922/4725/4201
f 3920/4770/4234 3921/4767/4231 3919/4771/4235 3918/4772/4236
f 4997/4773/4237 3929/4774/4238 3911/4739/4187 3910/4738/4214
f 3930/4737/4213 3912/4709/4188 3911/4708/4187 3929/4775/4238
f 3941/4776/4239 3942/4777/4240 3929/4774/4238 4997/4773/4237
f 3953/4778/4241 3954/4779/4242 3948/4780/4243 3947/4781/4244
f 3952/4782/4245 3953/4778/4241 3947/4781/4244 3946/4783/4246
f 3951/4784/4247 3952/4782/4245 3946/4783/4246 3945/4785/4248
f 3942/4786/4240 3944/4787/4249 3930/4737/4213 3929/4775/4238
f 3950/4788/4250 3951/4784/4247 3945/4785/4248 3944/4789/4249
f 3944/4787/4249 3945/4790/4248 3931/4735/4211 3930/4737/4213
f 3936/4760/4227 5000/4791/4251 3943/4792/4252 4999/4761/4228
f 5906/4757/4225 3879/4793/4253 3903/4794/4197 3902/4758/4200
f 3880/4795/4254 3904/4796/4255 3903/4794/4197 3879/4793/4253
f 3915/4732/4208 3933/4731/4207 3934/4797/4256 3916/4798/4257
f 3904/4796/4255 3880/4795/4254 4988/4756/4224 3905/4755/4223
f 3903/4721/4197 3904/4799/4255 4993/4800/4258 4992/4722/4198
f 3905/4801/4223 4994/4802/4259 4993/4800/4258 3904/4799/4255
f 3905/4801/4223 3906/4751/4170 4995/4750/4220 4994/4802/4259
f 3909/4803/4260 3917/4804/4261 3920/4770/4234 3918/4772/4236
f 5108/4805/4262 3935/4769/4233 3920/4770/4234 3917/4804/4261
f 3917/4804/4261 3916/4798/4257 3934/4797/4256 5108/4805/4262
f 3983/4806/4183 3897/4807/4182 4990/4808/4263 5001/4809/4264
f 3908/4810/4265 3916/4798/4257 3917/4804/4261 3909/4803/4260
f 3955/4811/4266 3956/4812/4267 3951/4784/4247 3950/4788/4250
f 3957/4813/4268 3958/4814/4269 3953/4778/4241 3952/4782/4245
f 3955/4811/4266 4901/1459/1305 4902/1458/1304 3956/4812/4267
f 3958/4814/4269 5125/4815/4270 3954/4779/4242 3953/4778/4241
f 3956/4812/4267 3957/4813/4268 3952/4782/4245 3951/4784/4247
f 4996/4749/4219 3907/4748/4173 3927/4764/4222 3925/4763/4230
f 3898/4707/4186 3886/4710/4189 4990/4808/4263 3897/4807/4182
f 3892/4816/4174 3887/4817/4271 5901/4753/4221 3893/4752/4175
f 3931/4735/4211 3945/4790/4248 3946/4818/4246 3932/4734/4210
f 3946/4818/4246 3947/4819/4244 3933/4731/4207 3932/4734/4210
f 5110/4730/4206 5816/4820/4272 5000/4821/4251 3936/4765/4227
f 3949/4822/4273 5108/4805/4262 3934/4797/4256 3948/4823/4243
f 3947/4819/4244 3948/4823/4243 3934/4797/4256 3933/4731/4207
f 4904/1469/1310 4905/1470/1311 5125/4815/4270 3958/4814/4269
f 4903/1471/1312 3957/4813/4268 3956/4812/4267 4902/1458/1304
f 4903/1471/1312 4904/1469/1310 3958/4814/4269 3957/4813/4268
f 3883/4702/4181 3970/4824/4274 3966/4825/4275 3882/4697/4176
f 3966/4825/4275 3970/4824/4274 3969/4826/4276 3965/4827/4277
f 3965/4827/4277 3969/4826/4276 3968/4828/4278 3964/4829/4279
f 3964/4829/4279 3968/4828/4278 3967/4830/4280 3963/4831/4281
f 5906/4757/4225 3878/4687/4166 3963/4831/4281 3967/4830/4280
f 5903/4723/4199 3974/4832/4282 3962/4833/4283 3899/4718/4195
f 3962/4833/4283 3974/4832/4282 3973/4834/4284 3961/4835/4285
f 3961/4835/4285 3973/4834/4284 3972/4836/4286 3960/4837/4287
f 3960/4837/4287 3972/4836/4286 3971/4838/4288 3959/4839/4289
f 3888/4746/4217 5901/4753/4221 3959/4839/4289 3971/4838/4288
f 4992/4722/4198 5908/4840/4290 3974/4832/4282 5903/4723/4199
f 3974/4832/4282 5908/4840/4290 3976/4841/4291 3973/4834/4284
f 3973/4834/4284 3976/4841/4291 3975/4842/4292 3972/4836/4286
f 3972/4836/4286 3975/4842/4292 5895/4843/4293 3971/4838/4288
f 3889/4747/4218 3888/4746/4217 3971/4838/4288 5895/4843/4293
f 3884/4701/4180 3980/4844/4294 3970/4824/4274 3883/4702/4181
f 3970/4824/4274 3980/4844/4294 3979/4845/4295 3969/4826/4276
f 3969/4826/4276 3979/4845/4295 3978/4846/4296 3968/4828/4278
f 3968/4828/4278 3978/4846/4296 3977/4847/4297 3967/4830/4280
f 3879/4793/4253 5906/4757/4225 3967/4830/4280 3977/4847/4297
f 3984/4711/4190 3983/4806/4183 5001/4809/4264 3981/4712/4191
f 3982/4742/4216 5002/4705/4184 3983/4704/4183 3984/4743/4190
f 3896/4714/4193 3890/4713/4192 3884/4701/4180 3895/4700/4179
f 3895/4744/4179 3889/4747/4218 3885/4741/4215 3896/4740/4193
f 5902/4719/4196 3899/4718/4195 3962/4833/4283 3985/4848/4298
f 3959/4839/4289 5901/4753/4221 3887/4817/4271 3986/4849/4299
f 3985/4848/4298 3962/4833/4283 3961/4835/4285 3988/4850/4300
f 3961/4835/4285 3960/4837/4287 3987/4851/4301 3988/4850/4300
f 3986/4849/4299 3987/4851/4301 3960/4837/4287 3959/4839/4289
f 3887/4817/4271 3989/4852/4302 3987/4851/4301 3986/4849/4299
f 5904/4853/4303 3988/4850/4300 3987/4851/4301 3989/4852/4302
f 5902/4719/4196 3985/4848/4298 3988/4850/4300 5904/4853/4303
f 3900/4720/4168 5902/4719/4196 5904/4853/4303 3991/4854/4304
f 5904/4853/4303 3989/4852/4302 3990/4855/4305 3991/4854/4304
f 3892/4816/4174 3990/4855/4305 3989/4852/4302 3887/4817/4271
f 5907/4698/4177 3882/4697/4176 3966/4825/4275 3993/4856/4306
f 5905/4690/4169 3992/4857/4307 3963/4831/4281 3878/4687/4166
f 3965/4827/4277 3995/4858/4308 3993/4856/4306 3966/4825/4275
f 3965/4827/4277 3964/4829/4279 3994/4859/4309 3995/4858/4308
f 3964/4829/4279 3963/4831/4281 3992/4857/4307 3994/4859/4309
f 5907/4698/4177 3993/4856/4306 3995/4858/4308 3997/4860/4310
f 3997/4860/4310 3995/4858/4308 3994/4859/4309 3996/4861/4311
f 5905/4690/4169 3996/4861/4311 3994/4859/4309 3992/4857/4307
f 5905/4690/4169 3900/4689/4168 3991/4862/4304 3996/4861/4311
f 3990/4863/4305 3997/4860/4310 3996/4861/4311 3991/4862/4304
f 5907/4698/4177 3997/4860/4310 3990/4863/4305 3892/4695/4174
f 4997/4773/4237 5896/4864/4312 5894/4865/4313 3941/4776/4239
f 3910/4738/4214 5899/4866/4314 5896/4864/4312 4997/4773/4237
f 4991/4715/4194 3998/4867/4315 5899/4866/4314 3910/4738/4214
f 3891/4706/4185 5003/4868/4316 3998/4867/4315 4991/4715/4194
f 5002/4705/4184 5900/4869/4317 5003/4868/4316 3891/4706/4185
f 3982/4742/4216 5897/4870/4318 5900/4869/4317 5002/4705/4184
f 3885/4741/4215 5898/4871/4319 5897/4870/4318 3982/4742/4216
f 5895/4843/4293 5898/4871/4319 3885/4741/4215 3889/4747/4218
f 3886/4710/4189 3912/4709/4188 3913/4736/4212 4001/4872/4320
f 3913/4736/4212 3914/4733/4209 4000/4873/4321 4001/4872/4320
f 3914/4733/4209 3915/4732/4208 3999/4874/4322 4000/4873/4321
f 3908/4810/4265 3999/4874/4322 3915/4732/4208 3916/4798/4257
f 4989/4693/4172 5004/4875/4323 3922/4725/4201 3923/4728/4204
f 3919/4771/4235 3922/4725/4201 5004/4875/4323 4002/4876/4324
f 3918/4772/4236 3919/4771/4235 4002/4876/4324 4003/4877/4325
f 3909/4803/4260 3918/4772/4236 4003/4877/4325 4008/4878/4326
f 3909/4803/4260 4008/4878/4326 4007/4879/4327 3908/4810/4265
f 3908/4810/4265 4007/4879/4327 4006/4880/4328 3999/4874/4322
f 3999/4874/4322 4006/4880/4328 4005/4881/4329 4000/4873/4321
f 4000/4873/4321 4005/4881/4329 4004/4882/4330 4001/4872/4320
f 4990/4808/4263 3886/4710/4189 4001/4872/4320 4004/4882/4330
f 4009/4883/4331 4999/4761/4228 3943/4792/4252 3937/4884/4332
f 3938/4885/4333 4011/4886/4334 4009/4883/4331 3937/4884/4332
f 4012/4887/4335 4011/4886/4334 3938/4885/4333 4010/4888/4336
f 5896/4864/4312 4013/4889/4337 5995/4890/4338 5894/4865/4313
f 5995/4890/4338 4013/4889/4337 4014/4891/4339 3940/4892/4340
f 4012/4887/4335 4014/4891/4339 4019/4893/4341 4017/4894/4342
f 3939/4895/4343 4015/4896/4344 5897/4870/4318 5898/4871/4319
f 5899/4866/4314 4020/4897/4345 4013/4889/4337 5896/4864/4312
f 4013/4889/4337 4020/4897/4345 4019/4893/4341 4014/4891/4339
f 4022/4898/4346 4023/4899/4347 4017/4894/4342 4019/4893/4341
f 5897/4870/4318 4015/4896/4344 4018/4900/4348 5900/4869/4317
f 4012/4887/4335 4017/4894/4342 4016/4901/4349 4011/4886/4334
f 4011/4886/4334 4016/4901/4349 5909/4902/4350 4009/4883/4331
f 3926/4762/4229 4999/4761/4228 4009/4883/4331 5909/4902/4350
f 3925/4763/4230 3926/4762/4229 5909/4902/4350 5910/4903/4351
f 5909/4902/4350 4016/4901/4349 4024/4904/4352 5910/4903/4351
f 4016/4901/4349 4017/4894/4342 4023/4899/4347 4024/4904/4352
f 5003/4868/4316 5996/4905/4353 4021/4906/4354 3998/4867/4315
f 5900/4869/4317 4018/4900/4348 5996/4905/4353 5003/4868/4316
f 4019/4893/4341 4020/4897/4345 4021/4906/4354 4022/4898/4346
f 3998/4867/4315 4021/4906/4354 4020/4897/4345 5899/4866/4314
f 4993/4800/4258 5913/4907/4355 5908/4840/4290 4992/4722/4198
f 4993/4800/4258 4994/4802/4259 5912/4908/4356 5913/4907/4355
f 4994/4802/4259 4995/4750/4220 5911/4909/4357 5912/4908/4356
f 4995/4750/4220 4996/4749/4219 4025/4910/4358 5911/4909/4357
f 4996/4749/4219 3925/4763/4230 5910/4903/4351 4025/4910/4358
f 3880/4795/4254 3879/4793/4253 3977/4847/4297 4028/4911/4359
f 3880/4795/4254 4028/4911/4359 4027/4912/4360 4988/4756/4224
f 4988/4756/4224 4027/4912/4360 4026/4913/4361 3881/4692/4171
f 3881/4692/4171 4026/4913/4361 5004/4875/4323 4989/4693/4172
f 5001/4809/4264 4990/4808/4263 4004/4882/4330 4029/4914/4362
f 3981/4712/4191 5001/4809/4264 4029/4914/4362 4030/4915/4363
f 3890/4713/4192 3981/4712/4191 4030/4915/4363 4031/4916/4364
f 3890/4713/4192 4031/4916/4364 3980/4844/4294 3884/4701/4180
f 3940/4892/4340 4014/4891/4339 4012/4887/4335 4010/4888/4336
f 5895/4843/4293 4032/4917/4365 3939/4895/4343 5898/4871/4319
f 3975/4842/4292 4033/4918/4366 4032/4917/4365 5895/4843/4293
f 3976/4841/4291 4034/4919/4367 4033/4918/4366 3975/4842/4292
f 5908/4840/4290 4035/4920/4368 4034/4919/4367 3976/4841/4291
f 5913/4907/4355 4036/4921/4369 4035/4920/4368 5908/4840/4290
f 5912/4908/4356 4037/4922/4370 4036/4921/4369 5913/4907/4355
f 5911/4909/4357 4038/4923/4371 4037/4922/4370 5912/4908/4356
f 4025/4910/4358 4039/4924/4372 4038/4923/4371 5911/4909/4357
f 4024/4904/4352 4039/4924/4372 4025/4910/4358 5910/4903/4351
f 4022/4898/4346 4021/4906/4354 5996/4905/4353 4041/4925/4373
f 4022/4898/4346 4041/4925/4373 4040/4926/4374 4023/4899/4347
f 4023/4899/4347 4040/4926/4374 4039/4924/4372 4024/4904/4352
f 4018/4900/4348 4043/4927/4375 4041/4925/4373 5996/4905/4353
f 4041/4925/4373 4043/4927/4375 4042/4928/4376 4040/4926/4374
f 4038/4923/4371 4039/4924/4372 4040/4926/4374 4042/4928/4376
f 4015/4896/4344 4045/4929/4377 4043/4927/4375 4018/4900/4348
f 4043/4927/4375 4045/4929/4377 4044/4930/4378 4042/4928/4376
f 4037/4922/4370 4038/4923/4371 4042/4928/4376 4044/4930/4378
f 3939/4895/4343 4047/4931/4379 4045/4929/4377 4015/4896/4344
f 4045/4929/4377 4047/4931/4379 4046/4932/4380 4044/4930/4378
f 4036/4921/4369 4037/4922/4370 4044/4930/4378 4046/4932/4380
f 4034/4919/4367 4035/4920/4368 4036/4921/4369 4046/4932/4380
f 4033/4918/4366 4034/4919/4367 4046/4932/4380 4047/4931/4379
f 4033/4918/4366 4047/4931/4379 3939/4895/4343 4032/4917/4365
f 4005/4881/4329 4057/4933/4381 4029/4914/4362 4004/4882/4330
f 4029/4914/4362 4057/4933/4381 4056/4934/4382 4030/4915/4363
f 4030/4915/4363 4056/4934/4382 4055/4935/4383 4031/4916/4364
f 4031/4916/4364 4055/4935/4383 4054/4936/4384 3980/4844/4294
f 3980/4844/4294 4054/4936/4384 4053/4937/4385 3979/4845/4295
f 3979/4845/4295 4053/4937/4385 4052/4938/4386 3978/4846/4296
f 3978/4846/4296 4052/4938/4386 4051/4939/4387 3977/4847/4297
f 3977/4847/4297 4051/4939/4387 4050/4940/4388 4028/4911/4359
f 4028/4911/4359 4050/4940/4388 4049/4941/4389 4027/4912/4360
f 4027/4912/4360 4049/4941/4389 4048/4942/4390 4026/4913/4361
f 4002/4876/4324 5004/4875/4323 4026/4913/4361 4048/4942/4390
f 4006/4880/4328 4061/4943/4391 4057/4933/4381 4005/4881/4329
f 4006/4880/4328 4007/4879/4327 4060/4944/4392 4061/4943/4391
f 4007/4879/4327 4008/4878/4326 4059/4945/4393 4060/4944/4392
f 4008/4878/4326 4003/4877/4325 4058/4946/4394 4059/4945/4393
f 4003/4877/4325 4002/4876/4324 4048/4942/4390 4058/4946/4394
f 4063/4947/4395 4062/4948/4396 4060/4944/4392 4059/4945/4393
f 4049/4941/4389 4064/4949/4397 4058/4946/4394 4048/4942/4390
f 4058/4946/4394 4064/4949/4397 4063/4947/4395 4059/4945/4393
f 4056/4934/4382 4057/4933/4381 4061/4943/4391 4066/4950/4398
f 4061/4943/4391 4060/4944/4392 4062/4948/4396 4066/4950/4398
f 4062/4948/4396 4063/4947/4395 4064/4949/4397 4066/4950/4398
f 4055/4935/4383 4056/4934/4382 4066/4950/4398 4067/4951/4399
f 4066/4950/4398 4064/4949/4397 4065/4952/4400 4067/4951/4399
f 4050/4940/4388 4065/4952/4400 4064/4949/4397 4049/4941/4389
f 4053/4937/4385 4054/4936/4384 4055/4935/4383 4067/4951/4399
f 4053/4937/4385 4067/4951/4399 4065/4952/4400 4052/4938/4386
f 4050/4940/4388 4051/4939/4387 4052/4938/4386 4065/4952/4400
f 5847/4953/4401 3943/4954/4252 5000/4955/4251 4068/4956/4402
f 3937/4957/4332 3943/4954/4252 5847/4953/4401 4069/4958/4403
f 3938/4959/4333 3937/4957/4332 4069/4958/4403 4070/4960/4404
f 4010/4961/4336 3938/4959/4333 4070/4960/4404 5848/4962/4405
f 3940/4963/4340 4010/4961/4336 5848/4962/4405 4071/4964/4406
f 5995/4965/4338 3940/4963/4340 4071/4964/4406 4072/4966/4407
f 5894/4967/4313 5995/4965/4338 4072/4966/4407 5854/4968/4408
f 3941/4969/4239 5894/4967/4313 5854/4968/4408 4073/4970/4409
f 5005/4971/4410 3942/4972/4240 3941/4969/4239 4073/4970/4409
f 3942/4972/4240 4074/4973/4411 3950/4788/4250 3944/4789/4249
f 3955/4811/4266 3950/4788/4250 4074/4973/4411 4075/4974/4412
f 4901/1459/1305 3955/4811/4266 4075/4974/4412 4906/1623/1452
f 5005/4971/4410 5855/4975/4413 4074/4973/4411 3942/4972/4240
f 4075/4974/4412 4074/4973/4411 5855/4975/4413 5856/4976/4414
f 4906/1623/1452 4075/4974/4412 5856/4976/4414 5858/1626/1455
f 5843/4977/4415 5849/4978/4416 4068/4956/4402 5000/4955/4251
f 4079/4979/4417 4393/4980/4418 4085/4981/4419 4078/4982/4420
f 4960/4983/1462 4907/4984/1464 4078/4982/4420 4747/4985/4421
f 4909/4986/1465 4080/4987/4422 4079/4979/4417 4908/4988/1466
f 4957/4989/1468 4710/4990/4423 4080/4987/4422 4909/4986/1465
f 4911/4991/1470 4082/4992/4424 4081/4993/4425 4910/4994/1471
f 4959/4995/1474 4745/4996/4426 4082/4992/4424 4911/4991/1470
f 4086/4997/4427 4108/4998/4428 4132/4999/4429 4109/5000/4430
f 4107/5001/4431 4108/4998/4428 4151/5002/4432 4150/5003/4433
f 4107/5001/4431 4106/5004/4434 4130/5005/4435 4131/5006/4436
f 4106/5004/4434 4105/5007/4437 4129/5008/4438 4130/5005/4435
f 4105/5007/4437 4104/5009/4439 4128/5010/4440 4129/5008/4438
f 4104/5009/4439 4103/5011/4441 4127/5012/4442 4128/5010/4440
f 4103/5011/4441 4102/5013/4443 4126/5014/4444 4127/5012/4442
f 4102/5013/4443 4101/5015/4445 4125/5016/4446 4126/5014/4444
f 4101/5015/4445 4100/5017/4447 4124/5018/4448 4125/5016/4446
f 4100/5017/4447 4099/5019/4449 4123/5020/4450 4124/5018/4448
f 4099/5019/4449 4098/5021/4451 4122/5022/4452 4123/5020/4450
f 4098/5021/4451 4097/5023/4453 4121/5024/4454 4122/5022/4452
f 4097/5023/4453 4096/5025/4455 4120/5026/4456 4121/5024/4454
f 4096/5025/4455 4095/5027/4457 4119/5028/4458 4120/5026/4456
f 4095/5027/4457 4138/5029/4459 4137/5030/4460 4094/5031/4461
f 5883/5032/4462 5889/5033/4463 5892/5034/4464 5885/5035/4465
f 4094/5031/4461 4093/5036/4466 4116/5037/4467 4117/5038/4468
f 4093/5036/4466 4092/5039/4469 4115/5040/4470 4116/5037/4467
f 4092/5039/4469 4091/5041/4471 4114/5042/4472 4115/5040/4470
f 4091/5041/4471 4090/5043/4473 4113/5044/4474 4114/5042/4472
f 4090/5043/4473 4089/5045/4475 4112/5046/4476 4113/5044/4474
f 4089/5045/4475 4088/5047/4477 4111/5048/4478 4112/5046/4476
f 4156/5049/4479 4087/5050/4480 4110/5051/4481 4157/5052/4482
f 4087/5050/4480 4086/4997/4427 4109/5000/4430 4110/5051/4481
f 4155/5053/4483 4086/4997/4427 4087/5050/4480 4154/5054/4484
f 4156/5049/4479 4088/5047/4477 4153/5055/4485 4158/5056/4486
f 4088/5047/4477 4089/5045/4475 4152/5057/4487 4153/5055/4485
f 4089/5045/4475 4090/5043/4473 4133/5058/4488 4152/5057/4487
f 4091/5041/4471 4134/5059/4489 4133/5058/4488 4090/5043/4473
f 4092/5039/4469 4135/5060/4490 4134/5059/4489 4091/5041/4471
f 4093/5036/4466 4136/5061/4491 4135/5060/4490 4092/5039/4469
f 4094/5031/4461 4137/5030/4460 4136/5061/4491 4093/5036/4466
f 4119/5028/4458 4117/5038/4468 4163/5062/4492 4165/5063/4493
f 5865/5064/4494 4814/5065/4495 5883/5032/4462 5010/5066/4496
f 4096/5025/4455 4139/5067/4497 4138/5029/4459 4095/5027/4457
f 4097/5023/4453 4140/5068/4498 4139/5067/4497 4096/5025/4455
f 4098/5021/4451 4141/5069/4499 4140/5068/4498 4097/5023/4453
f 4099/5019/4449 4142/5070/4500 4141/5069/4499 4098/5021/4451
f 4100/5017/4447 4143/5071/4501 4142/5070/4500 4099/5019/4449
f 4101/5015/4445 4144/5072/4502 4143/5071/4501 4100/5017/4447
f 4102/5013/4443 4145/5073/4503 4144/5072/4502 4101/5015/4445
f 4103/5011/4441 4146/5074/4504 4145/5073/4503 4102/5013/4443
f 4104/5009/4439 4147/5075/4505 4146/5074/4504 4103/5011/4441
f 4105/5007/4437 4148/5076/4506 4147/5075/4505 4104/5009/4439
f 4106/5004/4434 4149/5077/4507 4148/5076/4506 4105/5007/4437
f 4107/5001/4431 4150/5003/4433 4149/5077/4507 4106/5004/4434
f 4176/5078/4508 4177/5079/4509 4132/4999/4429 4131/5006/4436
f 4151/5002/4432 4108/4998/4428 4086/4997/4427 4155/5053/4483
f 4087/5050/4480 4156/5049/4479 4158/5056/4486 4154/5054/4484
f 4088/5047/4477 4156/5049/4479 4157/5052/4482 4111/5048/4478
f 4115/5040/4470 4114/5042/4472 4159/5080/4510 4161/5081/4511
f 4116/5037/4467 4115/5040/4470 4161/5081/4511 4162/5082/4512
f 4117/5038/4468 4116/5037/4467 4162/5082/4512 4163/5062/4492
f 4138/5083/4459 4190/5084/4513 4188/5085/4514 4137/5086/4460
f 5883/5032/4462 5885/5035/4465 5869/5087/4515 5010/5066/4496
f 4120/5026/4456 4119/5028/4458 4165/5063/4493 4166/5088/4516
f 4121/5024/4454 4120/5026/4456 4166/5088/4516 4167/5089/4517
f 4122/5022/4452 4121/5024/4454 4167/5089/4517 4168/5090/4518
f 4123/5020/4450 4122/5022/4452 4168/5090/4518 4169/5091/4519
f 4124/5018/4448 4123/5020/4450 4169/5091/4519 4170/5092/4520
f 4125/5016/4446 4124/5018/4448 4170/5092/4520 4171/5093/4521
f 4126/5014/4444 4125/5016/4446 4171/5093/4521 4172/5094/4522
f 4127/5012/4442 4126/5014/4444 4172/5094/4522 4160/5095/4523
f 4128/5010/4440 4127/5012/4442 4160/5095/4523 4173/5096/4524
f 4129/5008/4438 4128/5010/4440 4173/5096/4524 4174/5097/4525
f 4130/5005/4435 4129/5008/4438 4174/5097/4525 4175/5098/4526
f 4131/5006/4436 4130/5005/4435 4175/5098/4526 4176/5078/4508
f 4150/5099/4433 4151/5100/4432 4203/5101/4527 4202/5102/4528
f 4113/5044/4474 4178/5103/4529 4159/5080/4510 4114/5042/4472
f 4112/5046/4476 4179/5104/4530 4178/5103/4529 4113/5044/4474
f 4111/5048/4478 4180/5105/4531 4179/5104/4530 4112/5046/4476
f 4181/5106/4532 4180/5105/4531 4111/5048/4478 4157/5052/4482
f 4182/5107/4533 4181/5106/4532 4157/5052/4482 4110/5051/4481
f 4109/5000/4430 4183/5108/4534 4182/5107/4533 4110/5051/4481
f 4183/5108/4534 4109/5000/4430 4132/4999/4429 4177/5079/4509
f 4141/5109/4499 4193/5110/4535 4192/5111/4536 4140/5112/4498
f 4133/5113/4488 4184/5114/4537 4204/5115/4538 4152/5116/4487
f 4142/5117/4500 4194/5118/4539 4193/5110/4535 4141/5109/4499
f 4152/5116/4487 4204/5115/4538 4205/5119/4540 4153/5120/4485
f 4143/5121/4501 4195/5122/4541 4194/5118/4539 4142/5117/4500
f 4158/5123/4486 4208/5124/4542 4206/5125/4543 4154/5126/4484
f 4144/5127/4502 4196/5128/4544 4195/5122/4541 4143/5121/4501
f 4154/5126/4484 4206/5125/4543 4207/5129/4545 4155/5130/4483
f 4145/5131/4503 4197/5132/4546 4196/5128/4544 4144/5127/4502
f 4203/5101/4527 4151/5100/4432 4155/5130/4483 4207/5129/4545
f 4146/5133/4504 4198/5134/4547 4197/5132/4546 4145/5131/4503
f 4134/5135/4489 4185/5136/4548 4184/5114/4537 4133/5113/4488
f 4147/5137/4505 4199/5138/4549 4198/5134/4547 4146/5133/4504
f 4135/5139/4490 4186/5140/4550 4185/5136/4548 4134/5135/4489
f 4148/5141/4506 4200/5142/4551 4199/5138/4549 4147/5137/4505
f 4136/5143/4491 4187/5144/4552 4186/5140/4550 4135/5139/4490
f 4149/5145/4507 4201/5146/4553 4200/5142/4551 4148/5141/4506
f 4137/5086/4460 4188/5085/4514 4187/5144/4552 4136/5143/4491
f 4153/5120/4485 4205/5119/4540 4208/5124/4542 4158/5123/4486
f 4150/5099/4433 4202/5102/4528 4201/5146/4553 4149/5145/4507
f 4190/5084/4513 4211/5147/4554 4188/5085/4514
f 4164/5148/4555 4283/5149/4556 4282/5150/4557 4189/5151/4558
f 4139/5152/4497 4191/5153/4559 4190/5084/4513 4138/5083/4459
f 4202/5102/4528 4203/5101/4527 4219/5154/4560 4218/5155/4561
f 4140/5112/4498 4192/5111/4536 4191/5153/4559 4139/5152/4497
f 4208/5124/4542 4221/5156/4562 4206/5125/4543
f 4196/5128/4544 4215/5157/4563 4195/5122/4541
f 4206/5125/4543 4221/5156/4562 4222/5158/4564 4207/5129/4545
f 4197/5132/4546 4216/5159/4565 4215/5157/4563 4196/5128/4544
f 4198/5134/4547 4216/5159/4565 4197/5132/4546
f 4185/5136/4548 4209/5160/4566 4184/5114/4537
f 4199/5138/4549 4217/5161/4567 4216/5159/4565 4198/5134/4547
f 4186/5140/4550 4210/5162/4568 4209/5160/4566 4185/5136/4548
f 4205/5119/4540 4220/5163/4569 4221/5156/4562 4208/5124/4542
f 4200/5142/4551 4217/5161/4567 4199/5138/4549
f 4187/5144/4552 4210/5162/4568 4186/5140/4550
f 4201/5146/4553 4218/5155/4561 4217/5161/4567 4200/5142/4551
f 4188/5085/4514 4211/5147/4554 4210/5162/4568 4187/5144/4552
f 4202/5102/4528 4218/5155/4561 4201/5146/4553
f 4163/5062/4492 4227/5164/4570 4229/5165/4571 4165/5063/4493
f 4189/5151/4558 4282/5150/4557 4281/5166/4572 4212/5167/4573
f 4191/5153/4559 4213/5168/4574 4211/5147/4554 4190/5084/4513
f 4176/5078/4508 4240/5169/4575 4241/5170/4576 4177/5079/4509
f 4192/5111/4536 4213/5168/4574 4191/5153/4559
f 4193/5110/4535 4214/5171/4577 4213/5168/4574 4192/5111/4536
f 4184/5114/4537 4209/5160/4566 4220/5163/4569 4204/5115/4538
f 4194/5118/4539 4214/5171/4577 4193/5110/4535
f 4204/5115/4538 4220/5163/4569 4205/5119/4540
f 4195/5122/4541 4215/5157/4563 4214/5171/4577 4194/5118/4539
f 4173/5096/4524 4237/5172/4578 4238/5173/4579 4174/5097/4525
f 4159/5080/4510 4223/5174/4580 4225/5175/4581 4161/5081/4511
f 4174/5097/4525 4238/5173/4579 4239/5176/4582 4175/5098/4526
f 4161/5081/4511 4225/5175/4581 4226/5177/4583 4162/5082/4512
f 4247/5178/4584 4183/5108/4534 4177/5079/4509 4241/5170/4576
f 4175/5098/4526 4239/5176/4582 4240/5169/4575 4176/5078/4508
f 4162/5082/4512 4226/5177/4583 4227/5164/4570 4163/5062/4492
f 4227/5164/4570 4252/5179/4585 4254/5180/4586 4229/5165/4571
f 4280/5181/4587 4228/5182/4588 4212/5167/4573 4281/5166/4572
f 4240/5169/4575 4265/5183/4589 4266/5184/4590 4241/5170/4576
f 4165/5063/4493 4229/5165/4571 4230/5185/4591 4166/5088/4516
f 4178/5103/4529 4242/5186/4592 4223/5174/4580 4159/5080/4510
f 4166/5088/4516 4230/5185/4591 4231/5187/4593 4167/5089/4517
f 4179/5104/4530 4243/5188/4594 4242/5186/4592 4178/5103/4529
f 4182/5107/4533 4246/5189/4595 4245/5190/4596 4181/5106/4532
f 4167/5089/4517 4231/5187/4593 4232/5191/4597 4168/5090/4518
f 4180/5105/4531 4244/5192/4598 4243/5188/4594 4179/5104/4530
f 4168/5090/4518 4232/5191/4597 4233/5193/4599 4169/5091/4519
f 4181/5106/4532 4245/5190/4596 4244/5192/4598 4180/5105/4531
f 4183/5108/4534 4247/5178/4584 4246/5189/4595 4182/5107/4533
f 4169/5091/4519 4233/5193/4599 4234/5194/4600 4170/5092/4520
f 4219/5154/4560 4203/5101/4527 4207/5129/4545 4222/5158/4564
f 4170/5092/4520 4234/5194/4600 4235/5195/4601 4171/5093/4521
f 4171/5093/4521 4235/5195/4601 4236/5196/4602 4172/5094/4522
f 4160/5095/4523 4224/5197/4603 4237/5172/4578 4173/5096/4524
f 4172/5094/4522 4236/5196/4602 4224/5197/4603 4160/5095/4523
f 4225/5175/4581 4250/5198/4604 4251/5199/4605 4226/5177/4583
f 4239/5176/4582 4264/5200/4606 4265/5183/4589 4240/5169/4575
f 4226/5177/4583 4251/5199/4605 4252/5179/4585 4227/5164/4570
f 4252/5179/4585 4276/5201/4607 4278/5202/4608 4254/5180/4586
f 4280/5181/4587 4279/5203/4609 4253/5204/4610 4228/5182/4588
f 4265/5183/4589 4289/5205/4611 4290/5206/4612 4266/5184/4590
f 4229/5165/4571 4254/5180/4586 4255/5207/4613 4230/5185/4591
f 4242/5186/4592 4267/5208/4614 4248/5209/4615 4223/5174/4580
f 4230/5185/4591 4255/5207/4613 4256/5210/4616 4231/5187/4593
f 4243/5188/4594 4268/5211/4617 4267/5208/4614 4242/5186/4592
f 4231/5187/4593 4256/5210/4616 4257/5212/4618 4232/5191/4597
f 4244/5192/4598 4269/5213/4619 4268/5211/4617 4243/5188/4594
f 4232/5191/4597 4257/5212/4618 4258/5214/4620 4233/5193/4599
f 4245/5190/4596 4270/5215/4621 4269/5213/4619 4244/5192/4598
f 4233/5193/4599 4258/5214/4620 4259/5216/4622 4234/5194/4600
f 4246/5189/4595 4271/5217/4623 4270/5215/4621 4245/5190/4596
f 4234/5194/4600 4259/5216/4622 4260/5218/4624 4235/5195/4601
f 4247/5178/4584 4272/5219/4625 4271/5217/4623 4246/5189/4595
f 4235/5195/4601 4260/5218/4624 4261/5220/4626 4236/5196/4602
f 4272/5219/4625 4247/5178/4584 4241/5170/4576 4266/5184/4590
f 4224/5197/4603 4249/5221/4627 4262/5222/4628 4237/5172/4578
f 4236/5196/4602 4261/5220/4626 4249/5221/4627 4224/5197/4603
f 4237/5172/4578 4262/5222/4628 4263/5223/4629 4238/5173/4579
f 4223/5174/4580 4248/5209/4615 4250/5198/4604 4225/5175/4581
f 4238/5173/4579 4263/5223/4629 4264/5200/4606 4239/5176/4582
f 4259/5216/4622 4283/5149/4556 4284/5224/4630 4260/5218/4624
f 4272/5219/4625 4296/5225/4631 4295/5226/4632 4271/5217/4623
f 4260/5218/4624 4284/5224/4630 4285/5227/4633 4261/5220/4626
f 4290/5206/4612 4297/5228/4634 4811/5229/4635 4296/5225/4631
f 4249/5221/4627 4274/5230/4636 4286/5231/4637 4262/5222/4628
f 4261/5220/4626 4285/5227/4633 4274/5230/4636 4249/5221/4627
f 4290/5206/4612 4296/5225/4631 4272/5219/4625 4266/5184/4590
f 4262/5222/4628 4286/5231/4637 4287/5232/4638 4263/5223/4629
f 4248/5209/4615 4273/5233/4639 5893/5234/4640 4250/5198/4604
f 4263/5223/4629 4287/5232/4638 4288/5235/4641 4264/5200/4606
f 4250/5198/4604 5893/5234/4640 4275/5236/4642 4251/5199/4605
f 4264/5200/4606 4288/5235/4641 4289/5205/4611 4265/5183/4589
f 4251/5199/4605 4275/5236/4642 4276/5201/4607 4252/5179/4585
f 4863/5237/4643 4862/5238/4644 4811/5229/4635 4297/5228/4634
f 4277/5239/4645 4278/5202/4608 4276/5201/4607 5888/5240/4646
f 4279/5203/4609 4278/5202/4608 4277/5239/4645 4253/5204/4610
f 4842/5241/4647 4297/5228/4634 4290/5206/4612 4289/5205/4611
f 4254/5180/4586 4278/5202/4608 4279/5203/4609 4255/5207/4613
f 4267/5208/4614 4291/5242/4648 4273/5233/4639 4248/5209/4615
f 4255/5207/4613 4279/5203/4609 4280/5181/4587 4256/5210/4616
f 4268/5211/4617 4292/5243/4649 4291/5242/4648 4267/5208/4614
f 4256/5210/4616 4280/5181/4587 4281/5166/4572 4257/5212/4618
f 4269/5213/4619 4293/5244/4650 4292/5243/4649 4268/5211/4617
f 4257/5212/4618 4281/5166/4572 4282/5150/4557 4258/5214/4620
f 4270/5215/4621 4294/5245/4651 4293/5244/4650 4269/5213/4619
f 4258/5214/4620 4282/5150/4557 4283/5149/4556 4259/5216/4622
f 4271/5217/4623 4295/5226/4632 4294/5245/4651 4270/5215/4621
f 4913/5246/1701 4299/5247/4652 4300/5248/4653 4914/5249/1702
f 4915/5250/1705 4914/5249/1702 4300/5248/4653 4301/5251/4654
f 4923/5252/1707 4915/5250/1705 4301/5251/4654 4373/5253/4655
f 4917/5254/1709 4916/5255/1712 4302/5256/4656 4303/5257/4657
f 4918/5258/1713 4917/5254/1709 4303/5257/4657 4304/5259/4658
f 4919/5260/1715 4918/5258/1713 4304/5259/4658 4305/5261/4659
f 4304/5259/4658 4310/5262/4660 4306/5263/4661 4305/5261/4659
f 4307/5264/4662 4306/5263/4661 4310/5262/4660 4311/5265/4663
f 4308/5266/4664 4307/5264/4662 4311/5265/4663 4312/5267/4665
f 4309/5268/4666 4308/5266/4664 4312/5267/4665 4313/5269/4667
f 4310/5262/4660 4304/5259/4658 4303/5257/4657 4298/5270/4668
f 4302/5256/4656 4314/5271/4669 4298/5270/4668 4303/5257/4657
f 4373/5253/4655 4374/5272/4670 4314/5271/4669 4302/5256/4656
f 4300/5248/4653 4316/5273/4671 4315/5274/4672 4301/5251/4654
f 4317/5275/4673 4316/5273/4671 4300/5248/4653 4299/5247/4652
f 4299/5247/4652 4913/5246/1701 4920/1927/1732 4323/5276/4674
f 4921/1928/1733 4324/5277/4675 4323/5276/4674 4920/1927/1732
f 4922/1930/1735 4325/5278/4676 4324/5277/4675 4921/1928/1733
f 4299/5247/4652 4321/5279/4677 4318/5280/4678 4317/5275/4673
f 4319/5281/4679 4318/5280/4678 4321/5279/4677 4322/5282/4680
f 4321/5279/4677 4299/5247/4652 4323/5276/4674 4326/5283/4681
f 4324/5277/4675 4327/5284/4682 4326/5283/4681 4323/5276/4674
f 4325/5278/4676 4328/5285/4683 4327/5284/4682 4324/5277/4675
f 4316/5273/4671 4317/5275/4673 4329/5286/4684 4333/5287/4685
f 4315/5274/4672 4316/5273/4671 4333/5287/4685 4334/5288/4686
f 4374/5272/4670 4315/5274/4672 4334/5288/4686 4375/5289/4687
f 4298/5270/4668 4314/5271/4669 4335/5290/4688 4336/5291/4689
f 4310/5262/4660 4298/5270/4668 4336/5291/4689 4337/5292/4690
f 4311/5265/4663 4310/5262/4660 4337/5292/4690 4338/5293/4691
f 4318/5280/4678 4330/5294/4692 4329/5286/4684 4317/5275/4673
f 4319/5281/4679 4331/5295/4693 4330/5294/4692 4318/5280/4678
f 4320/5296/4694 4332/5297/4695 4331/5295/4693 4319/5281/4679
f 4320/5296/4694 4319/5281/4679 4322/5282/4680 4339/5298/4696
f 4320/5296/4694 4342/5299/4697 4340/5300/4698 4332/5297/4695
f 4341/5301/4699 4340/5300/4698 4342/5299/4697 4343/5302/4700
f 4339/5298/4696 4344/5303/4701 4342/5299/4697 4320/5296/4694
f 4343/5302/4700 4342/5299/4697 4344/5303/4701 4345/5304/4702
f 4322/5282/4680 4321/5279/4677 4326/5283/4681 4346/5305/4703
f 4339/5298/4696 4322/5282/4680 4346/5305/4703 4347/5306/4704
f 4344/5303/4701 4339/5298/4696 4347/5306/4704 4348/5307/4705
f 4312/5267/4665 4311/5265/4663 4338/5293/4691 4353/5308/4706
f 4313/5269/4667 4312/5267/4665 4353/5308/4706 4354/5309/4707
f 4352/5310/4708 4354/5309/4707 4353/5308/4706 4351/5311/4709
f 4351/5311/4709 4353/5308/4706 4338/5293/4691 4345/5304/4702
f 4345/5304/4702 4338/5293/4691 4337/5292/4690 4349/5312/4710
f 4355/5313/4711 4313/5269/4667 4354/5309/4707 4352/5310/4708
f 4356/5314/4712 4309/5268/4666 4313/5269/4667 4355/5313/4711
f 4327/5284/4682 4328/5285/4683 4358/5315/4713 4360/5316/4714
f 4358/5315/4713 4357/5317/4715 4359/5318/4716 4360/5316/4714
f 4355/5313/4711 4359/5318/4716 4357/5317/4715 4356/5314/4712
f 4327/5284/4682 4360/5316/4714 4346/5305/4703 4326/5283/4681
f 4346/5305/4703 4360/5316/4714 4359/5318/4716 4347/5306/4704
f 4347/5306/4704 4359/5318/4716 4355/5313/4711 4348/5307/4705
f 4352/5310/4708 4351/5311/4709 4348/5307/4705 4355/5313/4711
f 4348/5307/4705 4351/5311/4709 4345/5304/4702 4344/5303/4701
f 4349/5312/4710 4350/5319/4717 4343/5302/4700 4345/5304/4702
f 4350/5319/4717 4361/5320/4718 4341/5301/4699 4343/5302/4700
f 4336/5291/4689 4362/5321/4719 4349/5312/4710 4337/5292/4690
f 4363/5322/4720 4362/5321/4719 4336/5291/4689 4335/5290/4688
f 4349/5312/4710 4362/5321/4719 4350/5319/4717
f 4361/5320/4718 4350/5319/4717 4362/5321/4719 4363/5322/4720
f 4333/5287/4685 4329/5286/4684 4364/5323/4721 4366/5324/4722
f 4334/5288/4686 4333/5287/4685 4366/5324/4722 4367/5325/4723
f 4375/5289/4687 4376/5326/4724 4363/5322/4720 4335/5290/4688
f 4330/5294/4692 4365/5327/4725 4364/5323/4721 4329/5286/4684
f 4331/5295/4693 4368/5328/4726 4365/5327/4725 4330/5294/4692
f 4332/5297/4695 4369/5329/4727 4368/5328/4726 4331/5295/4693
f 4340/5300/4698 4370/5330/4728 4369/5329/4727 4332/5297/4695
f 4341/5301/4699 4371/5331/4729 4370/5330/4728 4340/5300/4698
f 4361/5320/4718 4372/5332/4730 4371/5331/4729 4341/5301/4699
f 4334/5288/4686 4367/5325/4723 4376/5326/4724 4375/5289/4687
f 4314/5271/4669 4374/5272/4670 4375/5289/4687 4335/5290/4688
f 4301/5251/4654 4315/5274/4672 4374/5272/4670 4373/5253/4655
f 4916/5255/1712 4923/5252/1707 4373/5253/4655 4302/5256/4656
f 4363/5322/4720 4376/5326/4724 4372/5332/4730 4361/5320/4718
f 4367/5325/4723 4377/5333/4731 4372/5332/4730 4376/5326/4724
f 4378/5334/4732 4377/5333/4731 4367/5325/4723 4366/5324/4722
f 4379/5335/4733 4378/5334/4732 4366/5324/4722 4364/5323/4721
f 4371/5331/4729 4372/5332/4730 4377/5333/4731 4380/5336/4734
f 4381/5337/4735 4370/5330/4728 4371/5331/4729 4380/5336/4734
f 4382/5338/4736 4369/5329/4727 4370/5330/4728 4381/5337/4735
f 4378/5334/4732 4381/5337/4735 4380/5336/4734 4377/5333/4731
f 4379/5335/4733 4382/5338/4736 4381/5337/4735 4378/5334/4732
f 4369/5329/4727 4382/5338/4736 4368/5328/4726
f 4368/5328/4726 4382/5338/4736 4379/5335/4733 4365/5327/4725
f 4365/5327/4725 4379/5335/4733 4364/5323/4721
f 4305/5261/4659 4383/5339/4737 4924/5340/1797 4919/5260/1715
f 4325/5278/4676 4922/1930/1735 4925/1995/1800 4390/5341/4738
f 4328/5285/4683 4325/5278/4676 4390/5341/4738 4391/5342/4739
f 4358/5315/4713 4328/5285/4683 4391/5342/4739 4392/5343/4740
f 4358/5315/4713 4392/5343/4740 4389/5344/4741 4357/5317/4715
f 4357/5317/4715 4389/5344/4741 4388/5345/4742 4356/5314/4712
f 4356/5314/4712 4388/5345/4742 4387/5346/4743 4309/5268/4666
f 4309/5268/4666 4387/5346/4743 4386/5347/4744 4308/5266/4664
f 4308/5266/4664 4386/5347/4744 4385/5348/4745 4307/5264/4662
f 4307/5264/4662 4385/5348/4745 4384/5349/4746 4306/5263/4661
f 4306/5263/4661 4384/5349/4746 4383/5339/4737 4305/5261/4659
f 4601/2455/2195 4593/5350/4747 4651/5351/4748 4650/5352/4749
f 4080/4987/4422 4394/5353/4750 4393/4980/4418 4079/4979/4417
f 4710/4990/4423 4711/5354/4751 4394/5353/4750 4080/4987/4422
f 4082/4992/4424 4396/5355/4752 4395/5356/4753 4081/4993/4425
f 4745/4996/4426 4746/5357/4754 4396/5355/4752 4082/4992/4424
f 4083/5358/4755 4912/5359/1821 4926/5360/1820 4398/5361/4756
f 4927/5362/1822 4399/5363/4757 4398/5361/4756 4926/5360/1820
f 4928/5364/1824 4400/5365/4758 4399/5363/4757 4927/5362/1822
f 4929/5366/1826 4401/5367/4759 4400/5365/4758 4928/5364/1824
f 4401/5368/4759 4929/5369/1826 4930/2025/1829 4402/5370/4760
f 4402/5370/4760 4930/2025/1829 4931/2028/1831 4403/5371/4761
f 4433/5372/4762 4428/5373/4763 4427/5374/4764 4431/5375/4765
f 4425/5376/4766 4432/5377/4767 4431/5375/4765 4427/5374/4764
f 4425/5376/4766 4436/5378/4768 4434/5379/4769 4432/5377/4767
f 4435/5380/4770 4434/5379/4769 4436/5378/4768 4437/5381/4771
f 4933/2039/1842 4435/5380/4770 4437/5381/4771 4934/2040/1843
f 4441/5382/4772 4440/2044/1847 4439/2043/1846 4442/5383/4773
f 4437/5381/4771 4436/5378/4768 4935/5384/4774 4442/5383/4773
f 4934/2040/1843 4437/5381/4771 4442/5383/4773 4439/2043/1846
f 4936/5385/4775 4444/5386/4776 4443/5387/4777 4441/5382/4772
f 4937/2049/1852 4440/2044/1847 4441/5382/4772 4443/5387/4777
f 4441/5382/4772 4442/5383/4773 4935/5384/4774 4936/5385/4775
f 4936/5385/4775 4935/5384/4774 4436/5378/4768 4444/5386/4776
f 4426/5388/4778 4444/5386/4776 4436/5378/4768 4425/5376/4766
f 4430/5389/4779 4450/5390/4780 4448/5391/4781 4428/5373/4763
f 4426/5388/4778 4446/5392/4782 4449/5393/4783 4429/5394/4784
f 4427/5374/4764 4447/5395/4785 4445/5396/4786 4425/5376/4766
f 4429/5394/4784 4449/5393/4783 4450/5390/4780 4430/5389/4779
f 4428/5373/4763 4448/5391/4781 4447/5395/4785 4427/5374/4764
f 4425/5376/4766 4445/5396/4786 4446/5392/4782 4426/5388/4778
f 4445/5397/4786 4451/5398/4787 4452/5399/4788 4446/5400/4782
f 4450/5401/4780 4456/5402/4789 4454/5403/4790 4448/5404/4781
f 4446/5400/4782 4452/5399/4788 4455/5405/4791 4449/5406/4783
f 4447/5407/4785 4453/5408/4792 4451/5398/4787 4445/5397/4786
f 4449/5409/4783 4455/5410/4791 4456/5402/4789 4450/5401/4780
f 4448/5404/4781 4454/5403/4790 4453/5408/4792 4447/5407/4785
f 4455/5410/4791 4461/5411/4793 4462/5412/4794 4456/5402/4789
f 4454/5403/4790 4460/5413/4795 4459/5414/4796 4453/5408/4792
f 4451/5398/4787 4457/5415/4797 4458/5416/4798 4452/5399/4788
f 4456/5402/4789 4462/5412/4794 4460/5413/4795 4454/5403/4790
f 4452/5399/4788 4458/5416/4798 4461/5417/4793 4455/5405/4791
f 4453/5408/4792 4459/5414/4796 4457/5415/4797 4451/5398/4787
f 4462/5412/4794 4468/5418/4799 4466/5419/4800 4460/5413/4795
f 4458/5416/4798 4464/5420/4801 4467/5421/4802 4461/5417/4793
f 4459/5414/4796 4465/5422/4803 4463/5423/4804 4457/5415/4797
f 4461/5411/4793 4467/5424/4802 4468/5418/4799 4462/5412/4794
f 4460/5413/4795 4466/5419/4800 4465/5422/4803 4459/5414/4796
f 4457/5415/4797 4463/5423/4804 4464/5420/4801 4458/5416/4798
f 4463/5425/4804 4468/5426/4799 4467/5427/4802 4464/5428/4801
f 4463/5425/4804 4465/5422/4803 4466/5419/4800 4468/5426/4799
f 4469/5429/4805 4435/5380/4770 4933/2039/1842 4938/2092/1881
f 4434/5379/4769 4435/5380/4770 4469/5429/4805 4470/5430/4806
f 4432/5377/4767 4434/5379/4769 4470/5430/4806 4471/5431/4807
f 4431/5375/4765 4432/5377/4767 4471/5431/4807 4472/5432/4808
f 4433/5372/4762 4431/5375/4765 4472/5432/4808 4473/5433/4809
f 4540/5434/4810 5834/5435/4811 5838/2219/1993 4557/2218/1992
f 4480/5436/4812 4476/5437/4813 4482/5438/4814 4438/5439/4815
f 4443/5387/4777 4484/3655/3280 4489/2105/1894 4937/2049/1852
f 4539/5440/4816 4538/5441/4817 4536/5442/4818 5832/5443/4819
f 4433/5372/4762 4474/5444/4820 4438/5439/4815 4428/5373/4763
f 4430/5389/4779 4428/5373/4763 4438/5439/4815 4482/5438/4814
f 4474/5444/4820 4475/5445/4821 4480/5436/4812 4438/5439/4815
f 4429/5394/4784 5842/5446/4822 5841/5447/4823 4483/5448/4824
f 4429/5394/4784 4483/5448/4824 4444/5386/4776 4426/5388/4778
f 4444/5386/4776 4483/5448/4824 4484/3655/3280 4443/5387/4777
f 4469/5429/4805 4938/2092/1881 4939/2117/1906 4492/5449/4825
f 4932/2118/1907 4424/5450/4826 4492/5449/4825 4939/2117/1906
f 4423/5451/4827 4493/5452/4828 4492/5449/4825 4424/5450/4826
f 4422/5453/4829 4494/5454/4830 4493/5452/4828 4423/5451/4827
f 4495/5455/4831 4494/5454/4830 4422/5453/4829 4421/5456/4832
f 4470/5430/4806 4469/5429/4805 4492/5449/4825 4493/5452/4828
f 4471/5431/4807 4470/5430/4806 4493/5452/4828 4494/5454/4830
f 4472/5432/4808 4471/5431/4807 4494/5454/4830 4495/5455/4831
f 4473/5433/4809 4472/5432/4808 4495/5455/4831 4496/5457/4833
f 4420/5458/4834 4496/5457/4833 4495/5455/4831 4421/5456/4832
f 4433/5372/4762 4473/5433/4809 4499/5459/4835 4474/5444/4820
f 4498/5460/4836 4499/5459/4835 4473/5433/4809 4496/5457/4833
f 4497/5461/4837 4498/5460/4836 4496/5457/4833 4420/5458/4834
f 4475/5445/4821 4474/5444/4820 4499/5459/4835 4501/5462/4838
f 4485/5463/4839 4475/5445/4821 4501/5462/4838 4502/5464/4840
f 4477/5465/4841 4485/5463/4839 4502/5464/4840 4503/5466/4842
f 4486/5467/4843 4477/5465/4841 4503/5466/4842 4504/5468/4844
f 4478/5469/4845 4486/5467/4843 4504/5468/4844 4505/5470/4846
f 4479/5471/4847 4478/5469/4845 4505/5470/4846 4506/5472/4848
f 4487/5473/4849 4479/5471/4847 4506/5472/4848 4507/5474/4850
f 4498/5460/4836 4508/5475/4851 4501/5462/4838 4499/5459/4835
f 4502/5464/4840 4501/5462/4838 4508/5475/4851 4509/5476/4852
f 4503/5466/4842 4502/5464/4840 4509/5476/4852 4510/5477/4853
f 4504/5468/4844 4503/5466/4842 4510/5477/4853 4511/5478/4854
f 4505/5470/4846 4504/5468/4844 4511/5478/4854 4512/5479/4855
f 4506/5472/4848 4505/5470/4846 4512/5479/4855 4513/5480/4856
f 4507/5474/4850 4506/5472/4848 4513/5480/4856 4514/5481/4857
f 4419/5482/4858 4508/5475/4851 4498/5460/4836 4497/5461/4837
f 4500/5483/4859 4509/5476/4852 4508/5475/4851 4419/5482/4858
f 4418/5484/4860 4510/5477/4853 4509/5476/4852 4500/5483/4859
f 4417/5485/4861 4511/5478/4854 4510/5477/4853 4418/5484/4860
f 4416/5486/4862 4512/5479/4855 4511/5478/4854 4417/5485/4861
f 4415/5487/4863 4513/5480/4856 4512/5479/4855 4416/5486/4862
f 4414/5488/4864 4514/5481/4857 4513/5480/4856 4415/5487/4863
f 4518/5489/4865 4491/2220/1994 4487/5473/4849 4519/5490/4866
f 4507/5474/4850 4520/5491/4867 4519/5490/4866 4487/5473/4849
f 4514/5481/4857 4521/5492/4868 4520/5491/4867 4507/5474/4850
f 4516/5493/4869 4521/5492/4868 4514/5481/4857 4414/5488/4864
f 4522/5494/4870 4424/5495/4826 4932/5496/1907 4940/5497/1954
f 4423/5498/4827 4424/5495/4826 4522/5494/4870 4523/5499/4871
f 4422/5500/4829 4423/5498/4827 4523/5499/4871 4524/5501/4872
f 4421/5502/4832 4422/5500/4829 4524/5501/4872 4525/5503/4873
f 4526/5504/4874 4420/5505/4834 4421/5502/4832 4525/5503/4873
f 4497/5506/4837 4420/5505/4834 4526/5504/4874 4527/5507/4875
f 4419/5508/4858 4497/5506/4837 4527/5507/4875 4528/5509/4876
f 4500/5510/4859 4419/5508/4858 4528/5509/4876 4529/5511/4877
f 4418/5512/4860 4500/5510/4859 4529/5511/4877 4530/5513/4878
f 4417/5514/4861 4418/5512/4860 4530/5513/4878 4531/5515/4879
f 4416/5516/4862 4417/5514/4861 4531/5515/4879 4532/5517/4880
f 4415/5518/4863 4416/5516/4862 4532/5517/4880 4533/5519/4881
f 4414/5520/4864 4415/5518/4863 4533/5519/4881 4534/5521/4882
f 4535/5522/4883 4516/5523/4869 4414/5520/4864 4534/5521/4882
f 4480/5436/4812 4475/5445/4821 4485/5463/4839 4481/5524/4884
f 5834/5435/4811 4540/5434/4810 4539/5440/4816 5832/5443/4819
f 4557/2218/1992 4542/2221/1995 4550/5525/4885 4549/5526/4886
f 4548/5527/4887 4549/5526/4886 4541/5528/4888 4556/5529/4889
f 4518/5489/4865 4543/5530/4890 4542/2221/1995 4491/2220/1994
f 4545/5531/4891 5835/5532/4892 4538/5441/4817 4546/5533/4893
f 4549/5526/4886 4550/5525/4885 4558/5534/4894 4541/5528/4888
f 4539/5440/4816 4547/5535/4895 4546/5533/4893 4538/5441/4817
f 4543/5530/4890 4551/5536/4896 4550/5525/4885 4542/2221/1995
f 4540/5434/4810 4548/5527/4887 4547/5535/4895 4539/5440/4816
f 5836/5537/4897 5835/5532/4892 4545/5531/4891 4544/5538/4898
f 4558/5534/4894 4946/2211/1985 4490/2210/1984 4541/5528/4888
f 4546/5533/4893 4554/5539/4899 4553/5540/4900 4545/5531/4891
f 4541/5528/4888 4490/2210/1984 4945/2214/1988 4556/5529/4889
f 4547/5535/4895 4555/5541/4901 4554/5539/4899 4546/5533/4893
f 4551/5536/4896 4559/5542/4902 4558/5534/4894 4550/5525/4885
f 4548/5527/4887 4556/5529/4889 4555/5541/4901 4547/5535/4895
f 4545/5531/4891 4553/5540/4900 4552/5543/4903 4544/5538/4898
f 4559/5542/4902 4947/2222/1996 4946/2211/1985 4558/5534/4894
f 4556/5529/4889 4945/2214/1988 4944/2223/1997 4555/5541/4901
f 4553/5540/4900 4942/2225/1999 4941/2224/1998 4552/5543/4903
f 4491/2220/1994 5838/2219/1993 5837/5544/4904 4487/5473/4849
f 4554/5539/4899 4943/2227/2001 4942/2225/1999 4553/5540/4900
f 4487/5473/4849 5837/5544/4904 4479/5471/4847
f 4555/5541/4901 4944/2223/1997 4943/2227/2001 4554/5539/4899
f 4559/5542/4902 4560/5545/4905 4948/2228/2002 4947/2222/1996
f 4949/2230/2004 4948/2228/2002 4560/5545/4905 4561/5546/4906
f 4949/2230/2004 4561/5546/4906 4562/5547/4907 4950/2232/2006
f 4551/5536/4896 4563/5548/4908 4560/5545/4905 4559/5542/4902
f 4561/5546/4906 4560/5545/4905 4563/5548/4908 4564/5549/4909
f 4561/5546/4906 4564/5549/4909 4565/5550/4910 4562/5547/4907
f 4543/5530/4890 4566/5551/4911 4563/5548/4908 4551/5536/4896
f 4518/5489/4865 4567/5552/4912 4566/5551/4911 4543/5530/4890
f 4519/5490/4866 4568/5553/4913 4567/5552/4912 4518/5489/4865
f 4520/5491/4867 4569/5554/4914 4568/5553/4913 4519/5490/4866
f 4521/5492/4868 4570/5555/4915 4569/5554/4914 4520/5491/4867
f 4515/5556/4916 4570/5555/4915 4521/5492/4868 4516/5493/4869
f 4571/5557/4917 4515/5558/4916 4516/5523/4869 4535/5522/4883
f 4564/5549/4909 4563/5548/4908 4566/5551/4911 4572/5559/4918
f 4564/5549/4909 4572/5559/4918 4573/5560/4919 4565/5550/4910
f 4567/5552/4912 4574/5561/4920 4572/5559/4918 4566/5551/4911
f 4572/5559/4918 4574/5561/4920 4575/5562/4921 4573/5560/4919
f 4576/5563/4922 4575/5562/4921 4574/5561/4920 4567/5552/4912
f 4568/5553/4913 4577/5564/4923 4576/5563/4922 4567/5552/4912
f 4569/5554/4914 4578/5565/4924 4577/5564/4923 4568/5553/4913
f 4570/5555/4915 4579/5566/4925 4578/5565/4924 4569/5554/4914
f 4517/5567/4926 4579/5566/4925 4570/5555/4915 4515/5556/4916
f 4580/5568/4927 4517/5569/4926 4515/5558/4916 4571/5557/4917
f 4598/5570/4928 4872/5571/4929 4597/5572/4930 4599/5573/4931
f 4597/5572/4930 4872/5571/4929 4883/5574/4932 4884/5575/4933
f 4603/5576/4934 4604/5577/4935 4605/5578/4936 4599/5573/4931
f 4603/5576/4934 4599/5573/4931 4597/5572/4930 4869/5579/4937
f 4599/5573/4931 4605/5578/4936 4606/5580/4938 4598/5570/4928
f 4605/5578/4936 4871/5581/4939 4867/5582/4940 4606/5580/4938
f 4603/5576/4934 4869/5579/4937 4609/5583/4941 4610/5584/4942
f 4598/5570/4928 4606/5580/4938 4607/2272/2044 4602/2271/2043
f 4872/5571/4929 4598/5570/4928 4602/2271/2043 4978/2273/2045
f 4610/5584/4942 4611/5585/4943 4604/5577/4935 4603/5576/4934
f 4611/5585/4943 4871/5581/4939 4605/5578/4936 4604/5577/4935
f 4884/5575/4933 4870/5586/4944 4869/5579/4937 4597/5572/4930
f 4079/4979/4417 4078/4982/4420 4907/4984/1464 4908/4988/1466
f 4594/2670/2405 4593/5350/4747 6256/5587/4945 6257/2671/2406
f 4609/5583/4941 4589/5588/4946 4590/5589/4947 4608/5590/4948
f 4613/5591/4949 4612/5592/4950 4619/5593/4951 4614/5594/4952
f 4612/5592/4950 4611/5585/4943 4618/5595/4953 4619/5593/4951
f 4611/5585/4943 4610/5584/4942 4617/5596/4954 4618/5595/4953
f 4610/5584/4942 4609/5583/4941 4616/5597/4955 4617/5596/4954
f 4608/5590/4948 4613/5591/4949 4614/5594/4952 4615/5598/4956
f 4609/5583/4941 4608/5590/4948 4615/5598/4956 4616/5597/4955
f 4614/5599/4952 4619/5600/4951 4625/5601/4957 4620/5602/4958
f 4619/5600/4951 4618/5603/4953 4624/5604/4959 4625/5601/4957
f 4617/5605/4954 4616/5606/4955 4622/5607/4960 4623/5608/4961
f 4615/5609/4956 4614/5599/4952 4620/5602/4958 4621/5610/4962
f 4618/5603/4953 4617/5605/4954 4623/5608/4961 4624/5604/4959
f 4615/5609/4956 4621/5610/4962 4622/5611/4960 4616/5612/4955
f 4625/5601/4957 4624/5604/4959 4630/5613/4963 4631/5614/4964
f 4623/5608/4961 4622/5607/4960 4628/5615/4965 4629/5616/4966
f 4621/5610/4962 4620/5602/4958 4626/5617/4967 4627/5618/4968
f 4620/5602/4958 4625/5601/4957 4631/5614/4964 4626/5617/4967
f 4624/5604/4959 4623/5608/4961 4629/5616/4966 4630/5613/4963
f 4621/5610/4962 4627/5618/4968 4628/5619/4965 4622/5611/4960
f 4626/5617/4967 4631/5614/4964 4637/5620/4969 4632/5621/4970
f 4630/5613/4963 4629/5616/4966 4635/5622/4971 4636/5623/4972
f 4627/5618/4968 4633/5624/4973 4634/5625/4974 4628/5619/4965
f 4631/5614/4964 4630/5613/4963 4636/5623/4972 4637/5620/4969
f 4629/5616/4966 4628/5615/4965 4634/5626/4974 4635/5622/4971
f 4627/5618/4968 4626/5617/4967 4632/5621/4970 4633/5624/4973
f 4635/5627/4971 4632/5628/4970 4637/5620/4969 4636/5623/4972
f 4632/5628/4970 4635/5627/4971 4634/5629/4974 4633/5630/4973
f 4953/5631/4975 4871/5581/4939 4611/5585/4943 4659/5632/4976
f 4638/5633/4977 4642/5634/4978 4639/5635/4979 4612/5592/4950
f 4641/5636/4980 4639/5635/4979 4642/5634/4978 4403/5371/4761
f 4613/5591/4949 4645/5637/4981 4638/5633/4977 4612/5592/4950
f 4646/5638/4982 4645/5637/4981 4613/5591/4949 4608/5590/4948
f 4577/5639/4923 4582/5640/4983 4581/5641/4984 4576/5642/4922
f 4582/5640/4983 4655/5643/4985 4654/5644/4986 4596/2276/2048
f 4596/2276/2048 4654/5644/4986 4653/5645/4987 4595/2277/2049
f 4595/2277/2049 4653/5645/4987 4652/5646/4988 4594/2670/2405
f 4594/2670/2405 4652/5646/4988 4651/5351/4748 4593/5350/4747
f 4651/5351/4748 4666/5647/4989 4665/5648/4990 4650/5352/4749
f 4601/2455/2195 4650/5352/4749 4649/5649/4991 4592/2456/2196
f 4592/2456/2196 4649/5649/4991 4648/5650/4992 4591/5651/4993
f 4591/5651/4993 4648/5650/4992 4647/5652/4994 4590/5589/4947
f 4590/5589/4947 4647/5652/4994 4646/5638/4982 4608/5590/4948
f 4641/5636/4980 4403/5371/4761 4931/2028/1831 4951/2349/2105
f 4607/2272/2044 4606/5580/4938 4867/5582/4940 4977/2350/2106
f 4402/5370/4760 4403/5371/4761 4642/5634/4978 4643/5653/4995
f 4638/5633/4977 4644/5654/4996 4643/5653/4995 4642/5634/4978
f 4645/5637/4981 4657/5655/4997 4644/5654/4996 4638/5633/4977
f 4402/5370/4760 4643/5653/4995 4404/5656/4998 4401/5368/4759
f 4405/5657/4999 4404/5656/4998 4643/5653/4995 4644/5654/4996
f 4406/5658/5000 4405/5657/4999 4644/5654/4996 4657/5655/4997
f 4646/5638/4982 4661/5659/5001 4657/5655/4997 4645/5637/4981
f 4647/5652/4994 4662/5660/5002 4661/5659/5001 4646/5638/4982
f 4648/5650/4992 4663/5661/5003 4662/5660/5002 4647/5652/4994
f 4649/5649/4991 4664/5662/5004 4663/5661/5003 4648/5650/4992
f 4650/5352/4749 4665/5648/4990 4664/5662/5004 4649/5649/4991
f 4412/5663/5005 4411/5664/5006 4665/5648/4990 4666/5647/4989
f 4652/5646/4988 4667/5665/5007 4666/5647/4989 4651/5351/4748
f 4653/5645/4987 4668/5666/5008 4667/5665/5007 4652/5646/4988
f 4654/5644/4986 4669/5667/5009 4668/5666/5008 4653/5645/4987
f 4407/5668/5010 4406/5658/5000 4657/5655/4997 4661/5659/5001
f 4408/5669/5011 4407/5668/5010 4661/5659/5001 4662/5660/5002
f 4409/5670/5012 4408/5669/5011 4662/5660/5002 4663/5661/5003
f 4410/5671/5013 4409/5670/5012 4663/5661/5003 4664/5662/5004
f 4411/5664/5006 4410/5671/5013 4664/5662/5004 4665/5648/4990
f 4411/5672/5006 4412/5673/5005 4681/5674/5014 4680/5675/5015
f 4413/5676/5016 4412/5663/5005 4666/5647/4989 4667/5665/5007
f 4670/5677/5017 4413/5676/5016 4667/5665/5007 4668/5666/5008
f 4655/5643/4985 4656/5678/5018 4669/5667/5009 4654/5644/4986
f 4669/5667/5009 4671/5679/5019 4670/5677/5017 4668/5666/5008
f 4672/5680/5020 4671/5679/5019 4669/5667/5009 4656/5678/5018
f 4578/5681/4924 4655/5643/4985 4582/5640/4983 4577/5639/4923
f 4579/5682/4925 4656/5678/5018 4655/5643/4985 4578/5681/4924
f 4517/5683/4926 4672/5680/5020 4656/5678/5018 4579/5682/4925
f 4580/5568/4927 4685/5684/5021 4672/5685/5020 4517/5569/4926
f 4672/5685/5020 4685/5684/5021 4684/5686/5022 4671/5687/5019
f 4671/5687/5019 4684/5686/5022 4683/5688/5023 4670/5689/5017
f 4670/5689/5017 4683/5688/5023 4682/5690/5024 4413/5691/5016
f 4413/5691/5016 4682/5690/5024 4681/5674/5014 4412/5673/5005
f 4698/5692/5025 4680/5675/5015 4681/5674/5014 4697/5693/5026
f 4600/2679/2414 4588/5694/5027 4873/5695/5028 4874/5696/5029
f 4411/5672/5006 4680/5675/5015 4679/5697/5030 4410/5698/5013
f 4410/5698/5013 4679/5697/5030 4678/5699/5031 4409/5700/5012
f 4409/5700/5012 4678/5699/5031 4677/5701/5032 4408/5702/5011
f 4408/5702/5011 4677/5701/5032 4676/5703/5033 4407/5704/5010
f 4407/5704/5010 4676/5703/5033 4675/5705/5034 4406/5706/5000
f 4406/5706/5000 4675/5705/5034 4674/5707/5035 4405/5708/4999
f 4405/5708/4999 4674/5707/5035 4673/5709/5036 4404/5710/4998
f 4400/5365/4758 4401/5367/4759 4404/5710/4998 4673/5709/5036
f 4522/5494/4870 4940/5497/1954 4955/5711/2151 4686/5712/5037
f 4383/5339/4737 4686/5712/5037 4955/5711/2151 4924/5340/1797
f 4523/5499/4871 4522/5494/4870 4686/5712/5037 4687/5713/5038
f 4384/5349/4746 4687/5713/5038 4686/5712/5037 4383/5339/4737
f 4385/5348/4745 4688/5714/5039 4687/5713/5038 4384/5349/4746
f 4524/5501/4872 4523/5499/4871 4687/5713/5038 4688/5714/5039
f 4690/5715/5040 4689/5716/5041 4535/5522/4883 4534/5521/4882
f 4571/5557/4917 4535/5522/4883 4689/5716/5041 4691/5717/5042
f 4580/5568/4927 4571/5557/4917 4691/5717/5042 4692/5718/5043
f 4685/5684/5021 4580/5568/4927 4692/5718/5043 4693/5719/5044
f 4684/5686/5022 4685/5684/5021 4693/5719/5044 4694/5720/5045
f 4695/5721/5046 4683/5688/5023 4684/5686/5022 4694/5720/5045
f 4682/5690/5024 4683/5688/5023 4695/5721/5046 4696/5722/5047
f 4681/5674/5014 4682/5690/5024 4696/5722/5047 4697/5693/5026
f 4697/5693/5026 4729/5723/5048 4728/5724/5049 4698/5692/5025
f 4679/5697/5030 4680/5675/5015 4698/5692/5025 4699/5725/5050
f 4678/5699/5031 4679/5697/5030 4699/5725/5050 4700/5726/5051
f 4701/5727/5052 4677/5701/5032 4678/5699/5031 4700/5726/5051
f 4399/5363/4757 4400/5365/4758 4673/5709/5036 4705/5728/5053
f 4673/5709/5036 4674/5707/5035 4704/5729/5054 4705/5728/5053
f 4674/5707/5035 4675/5705/5034 4703/5730/5055 4704/5729/5054
f 4675/5705/5034 4676/5703/5033 4702/5731/5056 4703/5730/5055
f 4676/5703/5033 4677/5701/5032 4701/5727/5052 4702/5731/5056
f 4083/5358/4755 4397/5732/5057 4707/5733/5058 4706/5734/5059
f 4912/5359/1821 4083/5358/4755 4706/5734/5059 4956/5735/2174
f 4398/5361/4756 4399/5363/4757 4705/5728/5053 4708/5736/5060
f 4709/5737/5061 4708/5736/5060 4705/5728/5053 4704/5729/5054
f 4397/5732/5057 4083/5358/4755 4398/5361/4756 4708/5736/5060
f 4081/4993/4425 4395/5356/4753 4711/5354/4751 4710/4990/4423
f 4910/4994/1471 4081/4993/4425 4710/4990/4423 4957/4989/1468
f 4533/5519/4881 4712/5738/5062 4690/5715/5040 4534/5521/4882
f 4532/5517/4880 4713/5739/5063 4712/5738/5062 4533/5519/4881
f 4531/5515/4879 4714/5740/5064 4713/5739/5063 4532/5517/4880
f 4530/5513/4878 4715/5741/5065 4714/5740/5064 4531/5515/4879
f 4529/5511/4877 4716/5742/5066 4715/5741/5065 4530/5513/4878
f 4528/5509/4876 4717/5743/5067 4716/5742/5066 4529/5511/4877
f 4527/5507/4875 4718/5744/5068 4717/5743/5067 4528/5509/4876
f 4526/5504/4874 4719/5745/5069 4718/5744/5068 4527/5507/4875
f 4720/5746/5070 4719/5745/5069 4526/5504/4874 4525/5503/4873
f 4524/5501/4872 4721/5747/5071 4720/5746/5070 4525/5503/4873
f 4688/5714/5039 4722/5748/5072 4721/5747/5071 4524/5501/4872
f 4386/5347/4744 4722/5748/5072 4688/5714/5039 4385/5348/4745
f 4703/5730/5055 4723/5749/5073 4709/5737/5061 4704/5729/5054
f 4702/5731/5056 4724/5750/5074 4723/5749/5073 4703/5730/5055
f 4701/5727/5052 4725/5751/5075 4724/5750/5074 4702/5731/5056
f 4700/5726/5051 4726/5752/5076 4725/5751/5075 4701/5727/5052
f 4699/5725/5050 4727/5753/5077 4726/5752/5076 4700/5726/5051
f 4698/5692/5025 4728/5724/5049 4727/5753/5077 4699/5725/5050
f 4729/5723/5048 4740/5754/5078 4739/5755/5079 4728/5724/5049
f 1736/2392/2139 1724/2395/2142 6234/2695/2430 6233/5756/5080
f 4696/5722/5047 4730/5757/5081 4729/5723/5048 4697/5693/5026
f 4695/5721/5046 4731/5758/5082 4730/5757/5081 4696/5722/5047
f 4732/5759/5083 4731/5758/5082 4695/5721/5046 4694/5720/5045
f 4709/5737/5061 4733/5760/5084 4397/5732/5057 4708/5736/5060
f 4723/5749/5073 4734/5761/5085 4733/5760/5084 4709/5737/5061
f 4724/5750/5074 4735/5762/5086 4734/5761/5085 4723/5749/5073
f 4725/5751/5075 4736/5763/5087 4735/5762/5086 4724/5750/5074
f 4726/5752/5076 4737/5764/5088 4736/5763/5087 4725/5751/5075
f 4727/5753/5077 4738/5765/5089 4737/5764/5088 4726/5752/5076
f 4728/5724/5049 4739/5755/5079 4738/5765/5089 4727/5753/5077
f 4085/4981/4419 4393/4980/4418 4739/5755/5079 4740/5754/5078
f 4593/5350/4747 4601/2455/2195 6255/2458/2198 6256/5587/4945
f 4730/5757/5081 4741/5766/5090 4740/5754/5078 4729/5723/5048
f 4731/5758/5082 4742/5767/5091 4741/5766/5090 4730/5757/5081
f 4706/5734/5059 4707/5733/5058 4744/5768/5092 4743/5769/5093
f 4956/5735/2174 4706/5734/5059 4743/5769/5093 4958/5770/2215
f 4397/5732/5057 4733/5760/5084 4744/5768/5092 4707/5733/5058
f 4743/5769/5093 4744/5768/5092 4746/5357/4754 4745/4996/4426
f 4958/5770/2215 4743/5769/5093 4745/4996/4426 4959/4995/1474
f 4733/5760/5084 4734/5761/5085 4746/5357/4754 4744/5768/5092
f 4734/5761/5085 4735/5762/5086 4396/5355/4752 4746/5357/4754
f 4395/5356/4753 4396/5355/4752 4735/5762/5086 4736/5763/5087
f 4711/5354/4751 4395/5356/4753 4736/5763/5087 4737/5764/5088
f 4394/5353/4750 4711/5354/4751 4737/5764/5088 4738/5765/5089
f 4393/4980/4418 4394/5353/4750 4738/5765/5089 4739/5755/5079
f 1722/2657/2395 1723/2655/2393 6232/5771/5094 6231/5772/5095
f 4078/4982/4420 4085/4981/4419 5769/5773/5096 4747/4985/4421
f 5769/5773/5096 4085/4981/4419 4740/5754/5078 4741/5766/5090
f 4741/5766/5090 4742/5767/5091 4084/5774/5097 5769/5773/5096
f 5870/5775/5098 5862/5776/5099 4778/5777/5100 5871/5778/5101
f 4778/5777/5100 4779/5779/5102 4732/5759/5083 5871/5778/5101
f 4835/5780/5103 5872/5781/5104 5870/5775/5098 4839/5782/5105
f 4693/5719/5044 5871/5778/5101 4732/5759/5083 4694/5720/5045
f 4692/5718/5043 4748/5783/5106 5871/5778/5101 4693/5719/5044
f 4691/5717/5042 4749/5784/5107 4748/5783/5106 4692/5718/5043
f 4689/5716/5041 4750/5785/5108 4749/5784/5107 4691/5717/5042
f 4690/5715/5040 4751/5786/5109 4750/5785/5108 4689/5716/5041
f 4712/5738/5062 4752/5787/5110 4751/5786/5109 4690/5715/5040
f 4713/5739/5063 4753/5788/5111 4752/5787/5110 4712/5738/5062
f 4714/5740/5064 4754/5789/5112 4753/5788/5111 4713/5739/5063
f 4715/5741/5065 4755/5790/5113 4754/5789/5112 4714/5740/5064
f 4716/5742/5066 4756/5791/5114 4755/5790/5113 4715/5741/5065
f 4717/5743/5067 4757/5792/5115 4756/5791/5114 4716/5742/5066
f 4718/5744/5068 4758/5793/5116 4757/5792/5115 4717/5743/5067
f 4719/5745/5069 4759/5794/5117 4758/5793/5116 4718/5744/5068
f 4720/5746/5070 4760/5795/5118 4759/5794/5117 4719/5745/5069
f 4721/5747/5071 4761/5796/5119 4760/5795/5118 4720/5746/5070
f 4722/5748/5072 4762/5797/5120 4761/5796/5119 4721/5747/5071
f 4387/5346/4743 4762/5797/5120 4722/5748/5072 4386/5347/4744
f 4778/5777/5100 5862/5776/5099 5853/5798/5121 4076/5799/5122
f 4732/5759/5083 4779/5779/5102 4742/5767/5091 4731/5758/5082
f 5849/4978/4416 5851/5800/5123 5829/5801/5124 5007/5802/5125
f 5859/5803/5126 4068/4956/4402 5849/4978/4416 5007/5802/5125
f 5847/4953/4401 4068/4956/4402 5859/5803/5126 5008/5804/5127
f 4069/4958/4403 5847/4953/4401 5008/5804/5127 5861/5805/5128
f 4070/4960/4404 4069/4958/4403 5861/5805/5128 5860/5806/5129
f 5848/4962/4405 4070/4960/4404 5860/5806/5129 5857/5807/5130
f 4071/4964/4406 5848/4962/4405 5857/5807/5130 5009/5808/5131
f 4760/5795/5118 4761/5796/5119 4762/5797/5120 4764/5809/5132
f 4387/5346/4743 4765/5810/5133 4764/5809/5132 4762/5797/5120
f 4388/5345/4742 4766/5811/5134 4765/5810/5133 4387/5346/4743
f 4389/5344/4741 4767/5812/5135 4766/5811/5134 4388/5345/4742
f 4392/5343/4740 4768/5813/5136 4767/5812/5135 4389/5344/4741
f 4391/5342/4739 4769/5814/5137 4768/5813/5136 4392/5343/4740
f 4390/5341/4738 4770/5815/5138 4769/5814/5137 4391/5342/4739
f 4962/2521/2261 4770/5815/5138 4390/5341/4738 4925/1995/1800
f 4962/2521/2261 4963/2523/2263 4777/5816/5139 4770/5815/5138
f 4770/5815/5138 4777/5816/5139 4776/5817/5140 4769/5814/5137
f 4769/5814/5137 4776/5817/5140 4775/5818/5141 4768/5813/5136
f 4768/5813/5136 4775/5818/5141 4774/5819/5142 4767/5812/5135
f 4767/5812/5135 4774/5819/5142 4773/5820/5143 4766/5811/5134
f 4766/5811/5134 4773/5820/5143 4772/5821/5144 4765/5810/5133
f 4765/5810/5133 4772/5821/5144 4771/5822/5145 4764/5809/5132
f 4759/5794/5117 4760/5795/5118 4764/5809/5132 4771/5822/5145
f 4077/5823/5146 4779/5779/5102 4778/5777/5100 4076/5799/5122
f 5872/5781/5104 5863/5824/5147 5862/5776/5099 5870/5775/5098
f 4077/5823/5146 4084/5774/5097 4742/5767/5091 4779/5779/5102
f 5006/5825/5148 5863/5824/5147 5872/5781/5104 5873/5826/5149
f 4758/5793/5116 4759/5794/5117 4771/5822/5145 4781/5827/5150
f 4772/5821/5144 4782/5828/5151 4781/5827/5150 4771/5822/5145
f 4773/5820/5143 4783/5829/5152 4782/5828/5151 4772/5821/5144
f 4774/5819/5142 4784/5830/5153 4783/5829/5152 4773/5820/5143
f 4775/5818/5141 4785/5831/5154 4784/5830/5153 4774/5819/5142
f 4776/5817/5140 4786/5832/5155 4785/5831/5154 4775/5818/5141
f 4777/5816/5139 4787/5833/5156 4786/5832/5155 4776/5817/5140
f 4777/5816/5139 4963/2523/2263 4974/2541/2281 4787/5833/5156
f 4973/2542/2282 4797/5834/5157 4787/5833/5156 4974/2541/2281
f 4961/2544/2284 4972/2547/2287 4796/5835/5158 4840/5836/5159
f 4972/2547/2287 4971/2549/2289 4795/5837/5160 4796/5835/5158
f 4971/2549/2289 4970/2551/2291 4794/5838/5161 4795/5837/5160
f 4970/2551/2291 4969/2553/2293 4793/5839/5162 4794/5838/5161
f 4969/2553/2293 4968/2555/2295 4792/5840/5163 4793/5839/5162
f 4968/2555/2295 4967/2557/2297 4791/5841/5164 4792/5840/5163
f 4967/2557/2297 4966/2559/2299 4790/5842/5165 4791/5841/5164
f 4966/2559/2299 4965/2561/2301 4789/5843/5166 4790/5842/5165
f 4975/2562/2302 4964/2565/2305 4788/5844/5167 4813/5845/5168
f 5856/4976/4414 4788/5844/5167 4964/2565/2305 5858/1626/1455
f 5855/4975/4413 5864/5846/5169 4788/5844/5167 5856/4976/4414
f 4813/5845/5168 5884/5847/5170 4805/5848/5171 4789/5843/5166
f 4789/5843/5166 4805/5848/5171 5890/5849/5172 4790/5842/5165
f 4790/5842/5165 5890/5849/5172 4804/5850/5173 4791/5841/5164
f 4791/5841/5164 4804/5850/5173 4803/5851/5174 4792/5840/5163
f 4792/5840/5163 4803/5851/5174 4802/5852/5175 4793/5839/5162
f 4793/5839/5162 4802/5852/5175 4801/5853/5176 4794/5838/5161
f 4794/5838/5161 4801/5853/5176 4800/5854/5177 4795/5837/5160
f 4795/5837/5160 4800/5854/5177 4799/5855/5178 4796/5835/5158
f 4840/5836/5159 4841/5856/5179 4798/5857/5180 4797/5834/5157
f 4786/5832/5155 4787/5833/5156 4797/5834/5157 4798/5857/5180
f 4072/4966/4407 4071/4964/4406 5009/5808/5131 5854/4968/4408
f 5005/4971/4410 5868/5858/5181 5864/5846/5169 5855/4975/4413
f 4073/4970/4409 5869/5087/4515 5868/5858/5181 5005/4971/4410
f 4073/4970/4409 5854/4968/4408 5010/5066/4496 5869/5087/4515
f 5854/4968/4408 5009/5808/5131 5865/5064/4494 5010/5066/4496
f 5009/5808/5131 5857/5807/5130 5867/5859/5182 5865/5064/4494
f 5857/5807/5130 5860/5806/5129 5866/5860/5183 5867/5859/5182
f 5860/5806/5129 5861/5805/5128 5877/5861/5184 5866/5860/5183
f 5861/5805/5128 5008/5804/5127 5876/5862/5185 5877/5861/5184
f 5008/5804/5127 5859/5803/5126 5875/5863/5186 5876/5862/5185
f 5859/5803/5126 5007/5802/5125 4780/5864/5187 5875/5863/5186
f 5007/5802/5125 5829/5801/5124 5874/5865/5188 4780/5864/5187
f 5829/5801/5124 5006/5825/5148 5873/5826/5149 5874/5865/5188
f 4807/5866/5189 4806/5867/5190 4291/5242/4648 4292/5243/4649
f 4293/5244/4650 4808/5868/5191 4807/5866/5189 4292/5243/4649
f 4294/5245/4651 4809/5869/5192 4808/5868/5191 4293/5244/4650
f 4295/5226/4632 4810/5870/5193 4809/5869/5192 4294/5245/4651
f 4296/5225/4631 4811/5229/4635 4810/5870/5193 4295/5226/4632
f 4803/5851/5174 4804/5850/5173 4807/5866/5189 4808/5868/5191
f 4802/5852/5175 4803/5851/5174 4808/5868/5191 4809/5869/5192
f 4804/5850/5173 5890/5849/5172 4806/5867/5190 4807/5866/5189
f 4273/5233/4639 4291/5242/4648 4806/5867/5190 5886/5871/5194
f 5893/5234/4640 4273/5233/4639 5886/5871/5194 4812/5872/5195
f 4801/5853/5176 4802/5852/5175 4809/5869/5192 4810/5870/5193
f 4800/5854/5177 4801/5853/5176 4810/5870/5193 4811/5229/4635
f 4788/5844/5167 5864/5846/5169 5884/5847/5170 4813/5845/5168
f 4965/2561/2301 4975/2562/2302 4813/5845/5168 4789/5843/5166
f 4805/5848/5171 5886/5871/5194 4806/5867/5190 5890/5849/5172
f 4275/5236/4642 5893/5234/4640 4812/5872/5195 5887/5873/5196
f 4276/5201/4607 4275/5236/4642 5887/5873/5196 5888/5240/4646
f 4812/5872/5195 5886/5871/5194 4805/5848/5171 5891/5874/5197
f 5891/5874/5197 5892/5034/4464 5887/5873/5196 4812/5872/5195
f 5884/5847/5170 5011/5875/5198 5891/5874/5197 4805/5848/5171
f 5892/5034/4464 5891/5874/5197 5011/5875/5198 5885/5035/4465
f 5884/5847/5170 5864/5846/5169 5868/5858/5181 5011/5875/5198
f 5869/5087/4515 5885/5035/4465 5011/5875/5198 5868/5858/5181
f 4117/5038/4468 4119/5028/4458 4095/5027/4457 4094/5031/4461
f 4814/5065/4495 4118/5876/5199 5889/5033/4463 5883/5032/4462
f 5889/5033/4463 5888/5240/4646 5887/5873/5196 5892/5034/4464
f 4118/5876/5199 4277/5239/4645 5888/5240/4646 5889/5033/4463
f 5867/5859/5182 4816/5877/5200 4814/5065/4495 5865/5064/4494
f 4814/5065/4495 4816/5877/5200 4815/5878/5201 4118/5876/5199
f 4253/5204/4610 4277/5239/4645 4118/5876/5199 4815/5878/5201
f 5866/5860/5183 4818/5879/5202 4816/5877/5200 5867/5859/5182
f 4816/5877/5200 4818/5879/5202 4817/5880/5203 4815/5878/5201
f 4228/5182/4588 4253/5204/4610 4815/5878/5201 4817/5880/5203
f 5877/5861/5184 5012/5881/5204 4818/5879/5202 5866/5860/5183
f 4818/5879/5202 5012/5881/5204 4819/5882/5205 4817/5880/5203
f 4212/5167/4573 4228/5182/4588 4817/5880/5203 4819/5882/5205
f 5876/5862/5185 4821/5883/5206 5012/5881/5204 5877/5861/5184
f 5012/5881/5204 4821/5883/5206 4820/5884/5207 4819/5882/5205
f 4189/5151/4558 4212/5167/4573 4819/5882/5205 4820/5884/5207
f 5875/5863/5186 4823/5885/5208 4821/5883/5206 5876/5862/5185
f 4821/5883/5206 4823/5885/5208 4822/5886/5209 4820/5884/5207
f 4164/5148/4555 4189/5151/4558 4820/5884/5207 4822/5886/5209
f 4780/5864/5187 4828/5887/5210 4823/5885/5208 5875/5863/5186
f 4823/5885/5208 4828/5887/5210 4827/5888/5211 4822/5886/5209
f 4822/5886/5209 4827/5888/5211 4826/5889/5212 4164/5148/4555
f 5874/5865/5188 4831/5890/5213 4828/5887/5210 4780/5864/5187
f 4828/5887/5210 4831/5890/5213 4830/5891/5214 4827/5888/5211
f 4827/5888/5211 4830/5891/5214 4829/5892/5215 4826/5889/5212
f 5873/5826/5149 4833/5893/5216 4831/5890/5213 5874/5865/5188
f 4831/5890/5213 4833/5893/5216 4832/5894/5217 4830/5891/5214
f 4824/5895/5218 4829/5892/5215 4830/5891/5214 4832/5894/5217
f 5872/5781/5104 4835/5780/5103 4833/5893/5216 5873/5826/5149
f 4833/5893/5216 4835/5780/5103 4834/5896/5219 4832/5894/5217
f 4825/5897/5220 4824/5895/5218 4832/5894/5217 4834/5896/5219
f 4164/5148/4555 4826/5889/5212 4284/5224/4630 4283/5149/4556
f 4285/5227/4633 4284/5224/4630 4826/5889/5212 4829/5892/5215
f 4274/5230/4636 4285/5227/4633 4829/5892/5215 4824/5895/5218
f 4286/5231/4637 4274/5230/4636 4824/5895/5218 4825/5897/5220
f 4838/5898/5221 4834/5896/5219 4835/5780/5103 4839/5782/5105
f 4838/5898/5221 4836/5899/5222 4825/5897/5220 4834/5896/5219
f 4748/5783/5106 4839/5782/5105 5870/5775/5098 5871/5778/5101
f 4839/5782/5105 4748/5783/5106 4749/5784/5107 4838/5898/5221
f 4749/5784/5107 4750/5785/5108 4836/5899/5222 4838/5898/5221
f 4287/5232/4638 4286/5231/4637 4825/5897/5220 4763/5900/5223
f 4837/5901/5224 4763/5900/5223 4825/5897/5220 4836/5899/5222
f 4751/5786/5109 4837/5901/5224 4836/5899/5222 4750/5785/5108
f 4796/5835/5158 4799/5855/5178 4841/5856/5179 4840/5836/5159
f 4973/2542/2282 4961/2544/2284 4840/5836/5159 4797/5834/5157
f 4863/5237/4643 4297/5228/4634 4842/5241/4647 4864/5902/5225
f 4131/5006/4436 4132/4999/4429 4108/4998/4428 4107/5001/4431
f 4288/5235/4641 4843/5903/5226 4842/5241/4647 4289/5205/4611
f 4287/5232/4638 4844/5904/5227 4843/5903/5226 4288/5235/4641
f 4763/5900/5223 4845/5905/5228 4844/5904/5227 4287/5232/4638
f 4752/5787/5110 4846/5906/5229 4837/5901/5224 4751/5786/5109
f 4837/5901/5224 4846/5906/5229 4845/5905/5228 4763/5900/5223
f 4757/5792/5115 4758/5793/5116 4781/5827/5150 4851/5907/5230
f 4757/5792/5115 4851/5907/5230 4850/5908/5231 4756/5791/5114
f 4756/5791/5114 4850/5908/5231 4849/5909/5232 4755/5790/5113
f 4755/5790/5113 4849/5909/5232 4848/5910/5233 4754/5789/5112
f 4754/5789/5112 4848/5910/5233 4847/5911/5234 4753/5788/5111
f 4753/5788/5111 4847/5911/5234 4846/5906/5229 4752/5787/5110
f 4852/5912/5235 4845/5905/5228 4846/5906/5229 4847/5911/5234
f 4843/5903/5226 4844/5904/5227 4845/5905/5228 4852/5912/5235
f 4842/5241/4647 4843/5903/5226 4852/5912/5235 4853/5913/5236
f 4848/5910/5233 4853/5913/5236 4852/5912/5235 4847/5911/5234
f 4857/5914/5237 4861/5915/5238 4850/5908/5231 4851/5907/5230
f 4861/5915/5238 4865/5916/5239 4849/5909/5232 4850/5908/5231
f 4841/5856/5179 4799/5855/5178 4862/5238/4644 4858/5917/5240
f 4858/5917/5240 4862/5238/4644 4863/5237/4643 4859/5918/5241
f 4859/5918/5241 4863/5237/4643 4864/5902/5225 4860/5919/5242
f 4860/5919/5242 4864/5902/5225 4865/5916/5239 4861/5915/5238
f 4798/5857/5180 4841/5856/5179 4858/5917/5240 4854/5920/5243
f 4854/5920/5243 4858/5917/5240 4859/5918/5241 4855/5921/5244
f 4855/5921/5244 4859/5918/5241 4860/5919/5242 4856/5922/5245
f 4856/5922/5245 4860/5919/5242 4861/5915/5238 4857/5914/5237
f 4781/5827/5150 4782/5828/5151 4857/5914/5237 4851/5907/5230
f 4782/5828/5151 4783/5829/5152 4856/5922/5245 4857/5914/5237
f 4783/5829/5152 4784/5830/5153 4855/5921/5244 4856/5922/5245
f 4784/5830/5153 4785/5831/5154 4854/5920/5243 4855/5921/5244
f 4785/5831/5154 4786/5832/5155 4798/5857/5180 4854/5920/5243
f 4849/5909/5232 4865/5916/5239 4853/5913/5236 4848/5910/5233
f 4853/5913/5236 4865/5916/5239 4864/5902/5225 4842/5241/4647
f 4799/5855/5178 4800/5854/5177 4811/5229/4635 4862/5238/4644
f 4562/5923/4907 4866/5924/5246 4976/2645/2383 4950/2644/2006
f 4611/5585/4943 4612/5592/4950 4660/5925/5247 4659/5632/4976
f 4951/2349/2105 4868/2649/2387 4658/5926/5248 4641/5636/4980
f 4659/5632/4976 4660/5925/5247 4952/5927/5249 4953/5631/4975
f 4640/5928/5250 4954/2652/2390 4977/2350/2106 4867/5582/4940
f 4953/5631/4975 4640/5928/5250 4867/5582/4940 4871/5581/4939
f 4612/5592/4950 4639/5635/4979 4952/5927/5249 4660/5925/5247
f 4868/2649/2387 4954/2652/2390 4640/5928/5250 4658/5926/5248
f 4870/5586/4944 4589/5588/4946 4609/5583/4941 4869/5579/4937
f 4588/5694/5027 4589/5588/4946 4870/5586/4944 4873/5695/5028
f 4874/5696/5029 4873/5695/5028 4886/5929/5251 4887/5930/5252
f 4587/2680/2415 4600/2679/2414 4874/5696/5029 4875/5931/5253
f 4586/5932/5254 4587/2680/2415 4875/5931/5253 4876/5933/5255
f 4585/5934/5256 4586/5932/5254 4876/5933/5255 4877/5935/5257
f 4584/5936/5258 4585/5934/5256 4877/5935/5257 4878/5937/5259
f 4583/5938/5260 4584/5936/5258 4878/5937/5259 4879/5939/5261
f 4565/5940/4910 4882/5941/5262 4866/5924/5246 4562/5923/4907
f 4565/5940/4910 4573/5942/4919 4881/5943/5263 4882/5941/5262
f 4573/5942/4919 4575/5944/4921 4880/5945/5264 4881/5943/5263
f 4575/5944/4921 4576/5642/4922 4581/5641/4984 4880/5945/5264
f 4592/2456/2196 4591/5651/4993 6253/5946/5265 6254/2457/2197
f 4583/5938/5260 4581/5641/4984 4582/5640/4983 4596/2276/2048
f 4899/5947/5266 4898/5948/5267 4986/2674/2409 4987/2673/2408
f 4581/5641/4984 4583/5938/5260 4879/5939/5261 4880/5945/5264
f 4883/5574/4932 4872/5571/4929 4978/2273/2045 4979/2676/2411
f 4658/5926/5248 4640/5928/5250 4953/5631/4975 4952/5927/5249
f 4641/5636/4980 4658/5926/5248 4952/5927/5249 4639/5635/4979
f 4873/5695/5028 4870/5586/4944 4884/5575/4933 4886/5929/5251
f 4887/5930/5252 4886/5929/5251 4885/5949/5268 4893/5950/5269
f 1721/2659/2397 1722/2657/2395 6231/5772/5095 6230/5951/5270
f 4875/5931/5253 4874/5696/5029 4887/5930/5252 4888/5952/5271
f 4876/5933/5255 4875/5931/5253 4888/5952/5271 4889/5953/5272
f 4877/5935/5257 4876/5933/5255 4889/5953/5272 4890/5954/5273
f 4878/5937/5259 4877/5935/5257 4890/5954/5273 4891/5955/5274
f 4879/5939/5261 4878/5937/5259 4891/5955/5274 4892/5956/5275
f 4884/5575/4933 4883/5574/4932 4885/5949/5268 4886/5929/5251
f 4981/2688/2423 4893/5950/5269 4885/5949/5268 4980/2689/2424
f 4888/5952/5271 4887/5930/5252 4893/5950/5269 4894/5957/5276
f 4889/5953/5272 4888/5952/5271 4894/5957/5276 4895/5958/5277
f 4890/5954/5273 4889/5953/5272 4895/5958/5277 4896/5959/5278
f 4891/5955/5274 4890/5954/5273 4896/5959/5278 4897/5960/5279
f 4892/5956/5275 4891/5955/5274 4897/5960/5279 4898/5948/5267
f 4882/5941/5262 4881/5943/5263 4880/5945/5264 4900/5961/5280
f 4883/5574/4932 4979/2676/2411 4980/2689/2424 4885/5949/5268
f 4591/5651/4993 4590/5589/4947 6252/5962/5281 6253/5946/5265
f 4982/2696/2431 4894/5957/5276 4893/5950/5269 4981/2688/2423
f 4983/2697/2432 4895/5958/5277 4894/5957/5276 4982/2696/2431
f 4984/2698/2433 4896/5959/5278 4895/5958/5277 4983/2697/2432
f 4985/2699/2434 4897/5960/5279 4896/5959/5278 4984/2698/2433
f 4986/2674/2409 4898/5948/5267 4897/5960/5279 4985/2699/2434
f 4900/5961/5280 4880/5945/5264 4879/5939/5261 4892/5956/5275
f 4900/5961/5280 4892/5956/5275 4898/5948/5267 4899/5947/5266
f 5039/5963/5282 5013/3752/3371 5021/3779/3389 5040/5964/5283
f 5777/2702/2437 5776/2705/2440 5014/5965/5284 5015/5966/5285
f 5778/2706/2441 5802/2709/2444 5185/5967/5286 5016/5968/5287
f 5779/2710/2445 5778/2706/2441 5016/5968/5287 5017/5969/5288
f 5780/2712/2447 5779/2710/2445 5017/5969/5288 5018/5970/5289
f 5161/5971/5290 5159/5972/5291 5034/5973/5292 5083/5974/5293
f 5919/5975/5294 5827/5976/5295 5915/5977/5296 5047/5978/5297
f 5027/5979/5298 5020/5980/5299 5772/2724/2459 5770/2723/2458
f 5075/5981/5300 5076/5982/5301 5914/5983/5302 5074/5984/5303
f 5160/5985/5304 5154/3809/3417 5029/3812/3420 3164/3813/3421
f 5015/5966/5285 5014/5965/5284 5022/5986/5305 5023/5987/5306
f 5016/5968/5287 5185/5967/5286 5187/5988/5307 5024/5989/5308
f 5017/5969/5288 5016/5968/5287 5024/5989/5308 5025/5990/5309
f 5018/5970/5289 5017/5969/5288 5025/5990/5309 5026/5991/5310
f 5793/2737/2472 5780/2712/2447 5018/5970/5289 5081/5992/5311
f 5827/5976/5295 5759/5993/5312 5035/5994/5313 5915/5977/5296
f 5745/5995/5314 5919/5975/5294 5047/5978/5297 5746/5996/5315
f 5087/5997/5316 5921/5998/5317 5760/5999/5318 5086/6000/5319
f 5156/6001/5320 5155/6002/5321 5030/6003/5322 5031/6004/5323
f 5157/6005/5324 5190/6006/5325 5186/6007/5326 5032/6008/5327
f 5158/6009/5328 5157/6005/5324 5032/6008/5327 5033/6010/5329
f 5159/5972/5291 5158/6009/5328 5033/6010/5329 5034/5973/5292
f 5083/5974/5293 5034/5973/5292 5048/6011/5330 5084/6012/5331
f 5028/6013/5332 5027/5979/5298 5770/2723/2458 5771/2760/2495
f 5756/6014/5333 5028/6013/5332 5771/2760/2495 5806/2762/2497
f 5922/6015/5334 5075/5981/5300 5074/5984/5303 5921/5998/5317
f 5031/6004/5323 5030/6003/5322 5036/6016/5335 5037/6017/5336
f 5032/6008/5327 5186/6007/5326 5188/6018/5337 5038/6019/5338
f 5099/6020/5339 3164/3813/3421 3165/3815/3423 5101/6021/5340
f 5162/6022/5341 5160/5985/5304 3164/3813/3421 5099/6020/5339
f 5097/6023/5342 5039/5963/5282 5040/5964/5283 5098/6024/5343
f 5798/2773/2508 5784/2774/2509 5039/5963/5282 5097/6023/5342
f 5042/4116/3704 5104/6025/5344 5152/6026/5345 5137/4225/3791
f 5736/6027/5346 5735/6028/5347 5095/6029/5348 5066/6030/5349
f 5054/6031/5350 5723/6032/5351 5719/6033/5352 5720/6034/5353
f 5100/6035/5354 5104/6025/5344 5042/4116/3704 5041/4115/3703
f 5100/6035/5354 5041/4115/3703 5944/4095/3683 5945/6036/5355
f 3302/4123/3709 5153/6037/5356 5103/6038/5357 3166/4107/3695
f 5795/6039/2524 5790/6040/2527 5927/6041/5358 5090/6042/5359
f 5050/6043/5360 5094/6044/5361 5092/6045/5362 5051/6046/5363
f 5034/5973/5292 5033/6010/5329 5046/6047/5364 5048/6011/5330
f 5033/6010/5329 5032/6008/5327 5038/6019/5338 5046/6047/5364
f 5799/6048/2533 5102/6049/5365 5932/4119/3707 5782/4122/713
f 5785/6050/2535 5044/6051/5366 5934/6052/5367 5783/6053/2536
f 5803/6054/2539 5728/6055/5368 5044/6056/5366 5785/6057/2535
f 5787/6058/2541 5928/6059/5369 5926/6060/5370 5786/6061/2542
f 5804/6062/2545 5825/6063/5371 5928/6059/5369 5787/6058/2541
f 5055/6064/5372 5054/6031/5350 5720/6034/5353 5721/6065/5373
f 5056/6066/5374 5055/6064/5372 5721/6065/5373 5722/6067/5375
f 5101/6021/5340 3165/3815/3423 3166/4107/3695 5103/6038/5357
f 5053/6068/5376 5062/6069/5377 5145/6070/5378 5143/6071/5379
f 5180/6072/5380 5142/6073/5381 5052/6074/5382 5177/6075/5383
f 5061/6076/5384 5144/6077/5385 5151/6078/5386 5080/6079/5387
f 5178/6080/5388 5053/6068/5376 5143/6071/5379 5181/6081/5389
f 5037/6017/5336 5036/6016/5335 5052/6074/5382 5061/6076/5384
f 5324/6082/5390 5325/6083/5391 5326/6084/5392 5327/6085/5393
f 5146/6086/5394 5148/6087/5395 5065/6088/5396 5064/6089/5397
f 5811/6090/5398 5935/6091/5399 5934/6052/5367 5060/6092/5400
f 5712/6093/5401 5708/6094/5402 5089/6095/5403 5078/6096/5404
f 5713/6097/5405 5059/6098/5406 5058/6099/5407 5714/6100/5408
f 5738/6101/5409 5079/6102/5410 5062/6069/5377 5826/6103/5411
f 5150/6104/5412 5079/6102/5410 5063/6105/5413 5147/6106/5414
f 5080/6079/5387 5151/6078/5386 5146/6086/5394 5064/6089/5397
f 5046/6047/5364 5038/6019/5338 5064/6089/5397 5065/6088/5396
f 5139/6107/5415 5049/6108/5416 5065/6088/5396 5148/6087/5395
f 5091/6109/5417 5930/6110/5418 5739/6111/5419 5929/6112/5420
f 5043/6113/5421 5716/6114/5422 5715/6115/5423 5057/6116/5424
f 5927/6041/5358 5790/6040/2527 5794/6117/2601 5810/6118/5425
f 5927/6041/5358 5810/6118/5425 5087/5997/5316 5051/6046/5363
f 5051/6046/5363 5087/5997/5316 5086/6000/5319 5050/6043/5360
f 5066/6030/5349 5095/6029/5348 5138/6119/5426 5149/6120/5427
f 5049/6108/5416 5085/6121/5428 5084/6012/5331 5048/6011/5330
f 5114/6122/5429 5072/6123/5430 5071/6124/5431 5763/6125/5432
f 5830/6126/2609 5781/6127/2611 5105/6128/5433 5076/5982/5301
f 5828/6129/5434 5815/6130/5435 5924/6131/5436 5808/6132/5437
f 5768/6133/5438 5070/6134/5439 5069/6135/5440 5019/6136/5441
f 5763/6125/5432 5071/6124/5431 5070/6134/5439 5768/6133/5438
f 5074/5984/5303 5914/5983/5302 5828/6129/5434 5917/6137/5442
f 5019/6136/5441 5069/6135/5440 5068/6138/5443 5020/5980/5299
f 5759/5993/5312 5073/6139/5444 5925/6140/5445 5035/5994/5313
f 5020/5980/5299 5068/6138/5443 5773/2891/2624 5772/2724/2459
f 5138/6119/5426 5140/6141/5446 5096/6142/5447 5139/6107/5415
f 5914/5983/5302 5106/6143/5448 5815/6130/5435 5828/6129/5434
f 5921/5998/5317 5074/5984/5303 5917/6137/5442 5760/5999/5318
f 5783/6053/2536 5934/6052/5367 5935/6091/5399 5774/6144/2628
f 5784/2774/2509 5775/366/337 5013/3752/3371 5039/5963/5282
f 5764/6145/5449 5918/6146/5450 5827/5976/5295 5919/5975/5294
f 5918/6146/5450 5765/6147/5451 5759/5993/5312 5827/5976/5295
f 5810/6118/5425 5922/6015/5334 5921/5998/5317 5087/5997/5316
f 5814/6148/5452 5916/6149/5453 5918/6146/5450 5764/6145/5449
f 5915/5977/5296 5035/5994/5313 5114/6122/5429 5077/6150/5454
f 5047/5978/5297 5915/5977/5296 5077/6150/5454 5107/6151/5455
f 5746/5996/5315 5047/5978/5297 5107/6151/5455 5748/6152/5456
f 5744/6153/5457 5764/6145/5449 5919/5975/5294 5745/5995/5314
f 5743/6154/5458 5814/6148/5452 5764/6145/5449 5744/6153/5457
f 5740/6155/5459 5095/6029/5348 5735/6028/5347 5734/6156/5460
f 5916/6149/5453 5808/6132/5437 5765/6147/5451 5918/6146/5450
f 5076/5982/5301 5105/6128/5433 5106/6143/5448 5914/5983/5302
f 5145/6070/5378 5062/6069/5377 5079/6102/5410 5150/6104/5412
f 5063/6105/5413 5066/6030/5349 5149/6120/5427 5147/6106/5414
f 5726/6157/5461 5943/6158/5462 5811/6090/5398 5727/6159/5463
f 5713/6097/5405 5712/6093/5401 5078/6096/5404 5059/6098/5406
f 5038/6019/5338 5188/6018/5337 5080/6079/5387 5064/6089/5397
f 5088/6160/5464 5727/6159/5463 5811/6090/5398 5060/6092/5400
f 5946/6161/5465 5818/6162/5466 5811/6090/5398 5943/6158/5462
f 5102/6049/5365 5812/6163/5467 5939/4094/3682 5932/4119/3707
f 5081/5992/5311 5018/5970/5289 5026/5991/5310 5082/6164/5468
f 5089/6165/5403 5708/6166/5402 5709/6167/5469 5088/6168/5464
f 5043/6113/5421 5056/6066/5374 5722/6067/5375 5716/6114/5422
f 5727/6169/5463 5088/6168/5464 5709/6167/5469 5710/6170/5470
f 5789/6171/2651 5795/6039/2524 5090/6042/5359 5929/6112/5420
f 5789/6171/2651 5929/6112/5420 5739/6111/5419 5788/6172/2652
f 5090/6042/5359 5092/6045/5362 5091/6109/5417 5929/6112/5420
f 5093/6173/5471 5094/6044/5361 5096/6142/5447 5140/6141/5446
f 5093/6173/5471 5045/6174/5472 5930/6110/5418 5091/6109/5417
f 5057/6116/5424 5715/6115/5423 5714/6100/5408 5058/6099/5407
f 5809/6175/5473 5826/6103/5411 5062/6069/5377 5053/6068/5376
f 5063/6105/5413 5737/6176/5474 5736/6027/5346 5066/6030/5349
f 5079/6102/5410 5738/6101/5409 5737/6176/5474 5063/6105/5413
f 5051/6046/5363 5092/6045/5362 5090/6042/5359 5927/6041/5358
f 5808/6132/5437 5924/6131/5436 5923/6177/5475 5765/6147/5451
f 5035/5994/5313 5925/6140/5445 5072/6123/5430 5114/6122/5429
f 5765/6147/5451 5923/6177/5475 5073/6139/5444 5759/5993/5312
f 5142/6073/5381 5144/6077/5385 5061/6076/5384 5052/6074/5382
f 5049/6108/5416 5048/6011/5330 5046/6047/5364 5065/6088/5396
f 5176/6178/5476 5818/6162/5466 5812/6163/5467 5102/6049/5365
f 5944/4095/3683 5939/4094/3682 5812/6163/5467 5945/6036/5355
f 5175/6179/5477 5101/6021/5340 5103/6038/5357 5177/6075/5383
f 5801/6180/2660 5176/6178/5476 5102/6049/5365 5799/6048/2533
f 5819/6181/5478 5100/6035/5354 5945/6036/5355 5946/6161/5465
f 5819/6181/5478 5178/6080/5388 5104/6025/5344 5100/6035/5354
f 5800/2933/2662 5798/2773/2508 5097/6023/5342 5172/6182/5479
f 5172/6182/5479 5097/6023/5342 5098/6024/5343 5173/6183/5480
f 5182/6184/5481 5162/6022/5341 5099/6020/5339 5174/6185/5482
f 5174/6185/5482 5099/6020/5339 5101/6021/5340 5175/6179/5477
f 3954/4779/4242 5123/6186/5483 3949/6187/4273 3948/4780/4243
f 5881/6188/5484 5119/6189/5485 5817/6190/5486 5844/6191/5487
f 5846/6192/5488 5882/6193/5489 5881/6188/5484 5844/6191/5487
f 5846/6192/5488 5843/4977/4415 5120/6194/5490 5882/6193/5489
f 5880/6195/5491 5879/6196/5492 5116/6197/5493 5115/6198/5494
f 5880/6195/5491 5115/6198/5494 5845/6199/5495 5118/6200/5496
f 5119/6189/5485 5118/6200/5496 5845/6199/5495 5817/6190/5486
f 5000/4955/4251 5816/6201/4272 5120/6194/5490 5843/4977/4415
f 5121/6202/5497 5120/6203/5490 5816/6204/4272 5113/6205/5498
f 5122/6206/5499 5121/6202/5497 5113/6205/5498 5112/6207/5500
f 5124/6208/5501 5122/6206/5499 5112/6207/5500 5111/6209/5502
f 5123/6186/5483 5124/6210/5501 5111/6211/5502 3949/6187/4273
f 5106/6143/5448 5879/6212/5492 5880/6213/5491 5815/6130/5435
f 5815/6130/5435 5880/6213/5491 5118/6214/5496 5924/6131/5436
f 5924/6131/5436 5118/6214/5496 5119/6215/5485 5923/6177/5475
f 5923/6177/5475 5119/6215/5485 5881/6216/5484 5073/6139/5444
f 5073/6139/5444 5881/6216/5484 5882/6217/5489 5925/6140/5445
f 5070/6134/5439 5122/6206/5499 5124/6208/5501 5069/6135/5440
f 5071/6124/5431 5121/6202/5497 5122/6206/5499 5070/6134/5439
f 5120/6203/5490 5121/6202/5497 5071/6124/5431 5072/6123/5430
f 5792/6218/2687 5878/6219/5503 5105/6128/5433 5781/6127/2611
f 5105/6128/5433 5878/6219/5503 5879/6212/5492 5106/6143/5448
f 5125/4815/4270 5126/6220/5504 5123/6186/5483 3954/4779/4242
f 5127/6221/5505 5124/6210/5501 5123/6186/5483 5126/6220/5504
f 5111/6222/5502 5112/6223/5500 5109/4768/4232 3935/4769/4233
f 5068/6138/5443 5069/6135/5440 5124/6208/5501 5127/6224/5505
f 3949/4822/4273 5111/6222/5502 3935/4769/4233 5108/4805/4262
f 5113/6225/5498 5816/4820/4272 5110/4730/4206 4998/4729/4205
f 5112/6223/5500 5113/6225/5498 4998/4729/4205 5109/4768/4232
f 5126/6220/5504 5796/2979/2692 5797/2978/2691 5127/6221/5505
f 5791/6226/2693 5117/6227/5506 5878/6228/5503 5792/6229/2687
f 5925/6140/5445 5882/6217/5489 5120/6203/5490 5072/6123/5430
f 5117/6227/5506 5116/6197/5493 5879/6196/5492 5878/6228/5503
f 5068/6138/5443 5127/6224/5505 5797/2984/2691 5773/2891/2624
f 4905/1470/1311 5796/2979/2692 5126/6220/5504 5125/4815/4270
f 5173/6183/5480 5098/6024/5343 5136/6230/5507 5179/6231/5508
f 5098/6024/5343 5040/5964/5283 5134/6232/5509 5136/6230/5507
f 5026/5991/5310 5025/5990/5309 5132/6233/5510 5133/6234/5511
f 5025/5990/5309 5024/5989/5308 5131/6235/5512 5132/6233/5510
f 5024/5989/5308 5187/5988/5307 5189/6236/5513 5131/6235/5512
f 5023/5987/5306 5022/5986/5305 5129/6237/5514 5130/6238/5515
f 5040/5964/5283 5021/3779/3389 5128/4233/3799 5134/6232/5509
f 5082/6164/5468 5026/5991/5310 5133/6234/5511 5135/6239/5516
f 5049/6108/5416 5139/6107/5415 5096/6142/5447 5085/6121/5428
f 5180/6072/5380 5181/6081/5389 5143/6071/5379 5142/6073/5381
f 5142/6073/5381 5143/6071/5379 5145/6070/5378 5144/6077/5385
f 5151/6078/5386 5150/6104/5412 5147/6106/5414 5146/6086/5394
f 5146/6086/5394 5147/6106/5414 5149/6120/5427 5148/6087/5395
f 5144/6077/5385 5145/6070/5378 5150/6104/5412 5151/6078/5386
f 5148/6087/5395 5149/6120/5427 5138/6119/5426 5139/6107/5415
f 3302/4123/3709 5137/4225/3791 5152/6026/5345 5153/6037/5356
f 5183/6240/5517 5165/6241/5518 5162/6022/5341 5182/6184/5481
f 5045/6174/5472 5740/6155/5459 5734/6156/5460 5733/6242/5519
f 5165/6241/5518 5163/6243/5520 5160/5985/5304 5162/6022/5341
f 5171/6244/5521 5170/6245/5522 5158/6009/5328 5159/5972/5291
f 5170/6245/5522 5169/6246/5523 5157/6005/5324 5158/6009/5328
f 5169/6246/5523 5184/6247/5524 5190/6006/5325 5157/6005/5324
f 5168/6248/5525 5167/6249/5526 5155/6002/5321 5156/6001/5320
f 5163/6243/5520 5166/4679/4158 5154/3809/3417 5160/5985/5304
f 5164/6250/5527 5171/6244/5521 5159/5972/5291 5161/5971/5290
f 5135/6239/5516 5133/6234/5511 5171/6244/5521 5164/6250/5527
f 5134/6232/5509 5128/4233/3799 5166/4679/4158 5163/6243/5520
f 5130/6238/5515 5129/6237/5514 5167/6249/5526 5168/6248/5525
f 5131/6235/5512 5189/6236/5513 5184/6247/5524 5169/6246/5523
f 5132/6233/5510 5131/6235/5512 5169/6246/5523 5170/6245/5522
f 5133/6234/5511 5132/6233/5510 5170/6245/5522 5171/6244/5521
f 5136/6230/5507 5134/6232/5509 5163/6243/5520 5165/6241/5518
f 5179/6231/5508 5136/6230/5507 5165/6241/5518 5183/6240/5517
f 5129/6237/5514 5179/6231/5508 5183/6240/5517 5167/6249/5526
f 5167/6249/5526 5183/6240/5517 5182/6184/5481 5155/6002/5321
f 5153/6037/5356 5152/6026/5345 5181/6081/5389 5180/6072/5380
f 5022/5986/5305 5173/6183/5480 5179/6231/5508 5129/6237/5514
f 5030/6003/5322 5174/6185/5482 5175/6179/5477 5036/6016/5335
f 5155/6002/5321 5182/6184/5481 5174/6185/5482 5030/6003/5322
f 5014/5965/5284 5172/6182/5479 5173/6183/5480 5022/5986/5305
f 5776/2705/2440 5800/2933/2662 5172/6182/5479 5014/5965/5284
f 5809/6175/5473 5053/6068/5376 5178/6080/5388 5819/6181/5478
f 5809/6175/5473 5819/6181/5478 5946/6161/5465 5943/6158/5462
f 5774/6144/2628 5935/6091/5399 5176/6178/5476 5801/6180/2660
f 5036/6016/5335 5175/6179/5477 5177/6075/5383 5052/6074/5382
f 5935/6091/5399 5811/6090/5398 5818/6162/5466 5176/6178/5476
f 5945/6036/5355 5812/6163/5467 5818/6162/5466 5946/6161/5465
f 5104/6025/5344 5178/6080/5388 5181/6081/5389 5152/6026/5345
f 5153/6037/5356 5180/6072/5380 5177/6075/5383 5103/6038/5357
f 5188/6018/5337 5037/6017/5336 5061/6076/5384 5080/6079/5387
f 5191/6251/5528 5192/6252/5529 5325/6253/5391 5324/6254/5390
f 5189/6236/5513 5130/6238/5515 5168/6248/5525 5184/6247/5524
f 5187/5988/5307 5023/5987/5306 5130/6238/5515 5189/6236/5513
f 5186/6007/5326 5031/6004/5323 5037/6017/5336 5188/6018/5337
f 5802/2709/2444 5777/2702/2437 5015/5966/5285 5185/5967/5286
f 5190/6006/5325 5156/6001/5320 5031/6004/5323 5186/6007/5326
f 5185/5967/5286 5015/5966/5285 5023/5987/5306 5187/5988/5307
f 5184/6247/5524 5168/6248/5525 5156/6001/5320 5190/6006/5325
f 5194/6255/5530 5192/6252/5529 5191/6251/5528 5193/6256/5531
f 5198/6257/5532 5199/6258/5533 5200/6259/5534 5197/6260/5535
f 5195/6261/5536 5196/6262/5537 5198/6257/5532 5197/6260/5535
f 5199/6263/5533 5202/6264/5538 5201/6265/5539 5200/6266/5534
f 5199/6267/5533 5198/6257/5532 5196/6262/5537 5202/6268/5538
f 5195/6261/5536 5197/6260/5535 5200/6266/5534 5201/6265/5539
f 5204/6269/5540 5203/6270/5541 5206/6271/5542 5205/6272/5543
f 5210/6273/5544 5208/6274/5545 5195/6261/5536 5201/6265/5539
f 5201/6275/5539 5202/6276/5538 5209/6277/5546 5210/6278/5544
f 5202/6268/5538 5196/6262/5537 5207/6279/5547 5209/6280/5546
f 5195/6261/5536 5208/6274/5545 5207/6279/5547 5196/6262/5537
f 5212/6281/5548 5211/6282/5549 5209/6280/5546 5207/6279/5547
f 5208/6274/5545 5214/6283/5550 5213/6284/5551 5207/6279/5547
f 5212/6281/5548 5207/6279/5547 5213/6284/5551 5215/6285/5552
f 5221/6286/5553 5218/6287/5554 5222/6288/5555 5224/6289/5556
f 5290/6290/5557 5280/6291/5558 5279/6292/5559 5217/6293/5560
f 5216/6294/5561 5215/6285/5552 5213/6284/5551 5218/6287/5554
f 5214/6283/5550 5222/6288/5555 5218/6287/5554 5213/6284/5551
f 5224/6289/5556 5222/6288/5555 5228/6295/5562 5230/6296/5563
f 5219/6297/5564 5265/6298/5565 5269/6299/5566 5236/6300/5567
f 5226/6301/5568 5208/6274/5545 5210/6273/5544 5225/6302/5569
f 5214/6283/5550 5208/6274/5545 5226/6301/5568 5227/6303/5570
f 5222/6288/5555 5214/6283/5550 5227/6303/5570 5228/6295/5562
f 5229/6304/5571 5289/6305/5572 5286/6306/5573 5287/6307/5574
f 5217/6293/5560 5279/6292/5559 5265/6298/5565 5219/6297/5564
f 5232/6308/5575 5226/6301/5568 5225/6302/5569 5231/6309/5576
f 5227/6303/5570 5226/6301/5568 5232/6308/5575 5233/6310/5577
f 5228/6295/5562 5227/6303/5570 5233/6310/5577 5234/6311/5578
f 5223/6312/5579 5245/6313/5580 5230/6296/5563 5235/6314/5581
f 5229/6304/5571 5223/6312/5579 5235/6314/5581 5289/6305/5572
f 5211/6315/5549 5248/6316/5582 5251/6317/5583 5209/6277/5546
f 5221/6286/5553 5240/6318/5584 5237/6319/5585 5220/6320/5586
f 5238/6321/5587 5237/6319/5585 5240/6318/5584 5243/6322/5588
f 5224/6289/5556 5241/6323/5589 5240/6318/5584 5221/6286/5553
f 5243/6322/5588 5240/6318/5584 5241/6323/5589 5244/6324/5590
f 5238/6321/5587 5243/6322/5588 5244/6324/5590 5242/6325/5591
f 5244/6324/5590 5241/6323/5589 5245/6313/5580 5242/6325/5591
f 5224/6289/5556 5230/6296/5563 5245/6313/5580 5241/6323/5589
f 5231/6326/5576 5225/6327/5569 5250/6328/5592 5249/6329/5593
f 5225/6327/5569 5210/6278/5544 5252/6330/5594 5250/6328/5592
f 5251/6317/5583 5252/6330/5594 5210/6278/5544 5209/6277/5546
f 5247/6331/5595 5251/6317/5583 5248/6316/5582 5253/6332/5596
f 5246/6333/5597 5247/6331/5595 5253/6332/5596 5254/6334/5598
f 5247/6331/5595 5250/6328/5592 5252/6330/5594 5251/6317/5583
f 5246/6333/5597 5249/6329/5593 5250/6328/5592 5247/6331/5595
f 5258/6335/5599 5206/6336/5542 5203/6337/5541 5255/6338/5600
f 5206/6336/5542 5258/6335/5599 5257/6339/5601 5205/6272/5543
f 5205/6272/5543 5257/6339/5601 5256/6340/5602 5204/6269/5540
f 5204/6269/5540 5256/6340/5602 5255/6341/5600 5203/6342/5541
f 5232/6308/5575 5231/6309/5576 5255/6341/5600 5256/6340/5602
f 5257/6339/5601 5259/6343/5603 5232/6308/5575 5256/6340/5602
f 5258/6335/5599 5260/6344/5604 5259/6343/5603 5257/6339/5601
f 5231/6326/5576 5260/6345/5604 5258/6346/5599 5255/6347/5600
f 5260/6344/5604 5262/6348/5605 5261/6349/5606 5259/6343/5603
f 5266/6350/5607 5267/6351/5608 5268/6352/5609 5263/6353/5610
f 5246/6333/5597 5266/6350/5607 5263/6353/5610 5249/6329/5593
f 5231/6326/5576 5249/6329/5593 5263/6353/5610 5264/6354/5611
f 5264/6354/5611 5263/6353/5610 5268/6352/5609 5265/6298/5565
f 5246/6333/5597 5254/6334/5598 5270/6355/5612 5266/6350/5607
f 5266/6350/5607 5270/6355/5612 5269/6299/5566 5267/6351/5608
f 5267/6351/5608 5269/6299/5566 5265/6298/5565 5268/6352/5609
f 5260/6345/5604 5231/6326/5576 5271/6356/5613 5272/6357/5614
f 5264/6354/5611 5273/6358/5615 5271/6356/5613 5231/6326/5576
f 5265/6298/5565 5274/6359/5616 5273/6358/5615 5264/6354/5611
f 5272/6357/5614 5271/6356/5613 5273/6358/5615 5275/6360/5617
f 5274/6359/5616 5276/6361/5618 5275/6360/5617 5273/6358/5615
f 5276/6361/5618 5274/6359/5616 5277/6362/5619 5278/6363/5620
f 5262/6364/5605 5260/6345/5604 5272/6357/5614 5275/6360/5617
f 5276/6361/5618 5281/6365/5621 5262/6364/5605 5275/6360/5617
f 5276/6361/5618 5278/6363/5620 5280/6291/5558 5281/6365/5621
f 5278/6363/5620 5277/6362/5619 5279/6292/5559 5280/6291/5558
f 5265/6298/5565 5279/6292/5559 5277/6362/5619 5274/6359/5616
f 5261/6349/5606 5262/6348/5605 5281/6366/5621 5282/6367/5622
f 5283/6368/5623 5282/6367/5622 5281/6366/5621 5280/6369/5558
f 5233/6310/5577 5232/6308/5575 5259/6343/5603 5284/6370/5624
f 5234/6311/5578 5233/6310/5577 5284/6370/5624 5285/6371/5625
f 5261/6349/5606 5286/6306/5573 5284/6370/5624 5259/6343/5603
f 5282/6367/5622 5287/6307/5574 5286/6306/5573 5261/6349/5606
f 5283/6368/5623 5288/6372/5626 5287/6307/5574 5282/6367/5622
f 5235/6314/5581 5234/6311/5578 5285/6371/5625 5289/6305/5572
f 5285/6371/5625 5284/6370/5624 5286/6306/5573 5289/6305/5572
f 5230/6296/5563 5228/6295/5562 5234/6311/5578 5235/6314/5581
f 5218/6287/5554 5221/6286/5553 5220/6320/5586 5216/6294/5561
f 5292/6373/5627 5293/6374/5628 5219/6297/5564 5236/6300/5567
f 5217/6293/5560 5219/6297/5564 5293/6374/5628 5294/6375/5629
f 5290/6290/5557 5217/6293/5560 5294/6375/5629 5295/6376/5630
f 5296/6377/5631 5294/6375/5629 5293/6374/5628 5292/6373/5627
f 5296/6377/5631 5298/6378/5632 5297/6379/5633 5294/6375/5629
f 5283/6368/5623 5280/6369/5558 5290/6380/5557 5291/6381/5634
f 5295/6376/5630 5300/6382/5635 5299/6383/5636 5290/6290/5557
f 5295/6376/5630 5294/6375/5629 5297/6379/5633 5300/6382/5635
f 5291/6381/5634 5290/6380/5557 5299/6384/5636 5301/6385/5637
f 5288/6372/5626 5283/6368/5623 5291/6381/5634 5302/6386/5638
f 5301/6385/5637 5303/6387/5639 5302/6386/5638 5291/6381/5634
f 5305/6388/5640 5297/6379/5633 5298/6378/5632 5304/6389/5641
f 5299/6383/5636 5300/6382/5635 5297/6379/5633 5305/6388/5640
f 5309/6390/5642 5308/6391/5643 5305/6392/5640 5304/6393/5641
f 5305/6392/5640 5308/6391/5643 5307/6394/5644 5299/6395/5636
f 5306/6396/5645 5301/6397/5637 5299/6395/5636 5307/6394/5644
f 5303/6387/5639 5301/6385/5637 5306/6398/5645 5310/6399/5646
f 5229/6304/5571 5287/6307/5574 5288/6372/5626 5311/6400/5647
f 5223/6312/5579 5229/6304/5571 5311/6400/5647 5312/6401/5648
f 5223/6312/5579 5312/6401/5648 5242/6325/5591 5245/6313/5580
f 5302/6386/5638 5313/6402/5649 5311/6400/5647 5288/6372/5626
f 5312/6401/5648 5311/6400/5647 5313/6402/5649 5314/6403/5650
f 5315/6404/5651 5242/6325/5591 5312/6401/5648 5314/6403/5650
f 5303/6387/5639 5316/6405/5652 5313/6402/5649 5302/6386/5638
f 5314/6403/5650 5313/6402/5649 5316/6405/5652 5317/6406/5653
f 5315/6404/5651 5314/6403/5650 5317/6406/5653 5318/6407/5654
f 5239/6408/5655 5238/6321/5587 5242/6325/5591 5315/6404/5651
f 5318/6407/5654 5319/6409/5656 5239/6408/5655 5315/6404/5651
f 5310/6399/5646 5320/6410/5657 5316/6405/5652 5303/6387/5639
f 5317/6406/5653 5316/6405/5652 5320/6410/5657 5321/6411/5658
f 5318/6407/5654 5317/6406/5653 5321/6411/5658 5322/6412/5659
f 5319/6409/5656 5318/6407/5654 5322/6412/5659 5323/6413/5660
f 5324/6414/5390 5327/6415/5393 5193/6256/5531 5191/6251/5528
f 5194/6255/5530 5326/6084/5392 5325/6083/5391 5192/6252/5529
f 5329/6416/5661 5330/6417/5662 5331/6418/5663 5328/6419/5664
f 5335/6420/5665 5326/6084/5392 5194/6255/5530 5333/6421/5666
f 5326/6422/5392 5335/6423/5665 5334/6424/5667 5327/6425/5393
f 5327/6415/5393 5334/6426/5667 5332/6427/5668 5193/6256/5531
f 5194/6255/5530 5193/6256/5531 5332/6427/5668 5333/6421/5666
f 5212/6281/5548 5332/6427/5668 5334/6426/5667 5211/6282/5549
f 5333/6421/5666 5332/6427/5668 5336/6428/5669 5337/6429/5670
f 5212/6281/5548 5215/6285/5552 5336/6428/5669 5332/6427/5668
f 5341/6430/5671 5344/6431/5672 5342/6432/5673 5339/6433/5674
f 5401/6434/5675 5338/6435/5676 5390/6436/5677 5391/6437/5678
f 5216/6294/5561 5339/6433/5674 5336/6428/5669 5215/6285/5552
f 5337/6429/5670 5336/6428/5669 5339/6433/5674 5342/6432/5673
f 5344/6431/5672 5350/6438/5679 5348/6439/5680 5342/6432/5673
f 5340/6440/5681 5236/6300/5567 5269/6299/5566 5378/6441/5682
f 5346/6442/5683 5345/6443/5684 5335/6420/5665 5333/6421/5666
f 5337/6429/5670 5347/6444/5685 5346/6442/5683 5333/6421/5666
f 5342/6432/5673 5348/6439/5680 5347/6444/5685 5337/6429/5670
f 5349/6445/5686 5398/6446/5687 5397/6447/5688 5400/6448/5689
f 5338/6435/5676 5340/6440/5681 5378/6441/5682 5390/6436/5677
f 5352/6449/5690 5351/6450/5691 5345/6443/5684 5346/6442/5683
f 5347/6444/5685 5353/6451/5692 5352/6449/5690 5346/6442/5683
f 5348/6439/5680 5354/6452/5693 5353/6451/5692 5347/6444/5685
f 5343/6453/5694 5355/6454/5695 5350/6438/5679 5361/6455/5696
f 5349/6445/5686 5400/6448/5689 5355/6454/5695 5343/6453/5694
f 5211/6315/5549 5334/6424/5667 5366/6456/5697 5248/6316/5582
f 5341/6430/5671 5220/6320/5586 5237/6319/5585 5356/6457/5698
f 5238/6321/5587 5359/6458/5699 5356/6457/5698 5237/6319/5585
f 5344/6431/5672 5341/6430/5671 5356/6457/5698 5357/6459/5700
f 5359/6458/5699 5360/6460/5701 5357/6459/5700 5356/6457/5698
f 5238/6321/5587 5358/6461/5702 5360/6460/5701 5359/6458/5699
f 5360/6460/5701 5358/6461/5702 5361/6455/5696 5357/6459/5700
f 5344/6431/5672 5357/6459/5700 5361/6455/5696 5350/6438/5679
f 5351/6462/5691 5364/6463/5703 5365/6464/5704 5345/6465/5684
f 5345/6465/5684 5365/6464/5704 5367/6466/5705 5335/6423/5665
f 5366/6456/5697 5334/6424/5667 5335/6423/5665 5367/6466/5705
f 5363/6467/5706 5253/6332/5596 5248/6316/5582 5366/6456/5697
f 5362/6468/5707 5254/6334/5598 5253/6332/5596 5363/6467/5706
f 5363/6467/5706 5366/6456/5697 5367/6466/5705 5365/6464/5704
f 5362/6468/5707 5363/6467/5706 5365/6464/5704 5364/6463/5703
f 5371/6469/5708 5368/6470/5709 5328/6471/5664 5331/6472/5663
f 5331/6472/5663 5330/6417/5662 5370/6473/5710 5371/6469/5708
f 5330/6417/5662 5329/6416/5661 5369/6474/5711 5370/6473/5710
f 5329/6416/5661 5328/6475/5664 5368/6476/5709 5369/6474/5711
f 5352/6449/5690 5369/6474/5711 5368/6476/5709 5351/6450/5691
f 5370/6473/5710 5369/6474/5711 5352/6449/5690 5372/6477/5712
f 5371/6469/5708 5370/6473/5710 5372/6477/5712 5373/6478/5713
f 5351/6462/5691 5368/6479/5709 5371/6480/5708 5373/6481/5713
f 5373/6478/5713 5372/6477/5712 5374/6482/5714 5375/6483/5715
f 5379/6484/5716 5376/6485/5717 5381/6486/5718 5380/6487/5719
f 5362/6468/5707 5364/6463/5703 5376/6485/5717 5379/6484/5716
f 5351/6462/5691 5377/6488/5720 5376/6485/5717 5364/6463/5703
f 5377/6488/5720 5378/6441/5682 5381/6486/5718 5376/6485/5717
f 5362/6468/5707 5379/6484/5716 5270/6355/5612 5254/6334/5598
f 5379/6484/5716 5380/6487/5719 5269/6299/5566 5270/6355/5612
f 5380/6487/5719 5381/6486/5718 5378/6441/5682 5269/6299/5566
f 5373/6481/5713 5383/6489/5721 5382/6490/5722 5351/6462/5691
f 5377/6488/5720 5351/6462/5691 5382/6490/5722 5384/6491/5723
f 5378/6441/5682 5377/6488/5720 5384/6491/5723 5385/6492/5724
f 5383/6489/5721 5386/6493/5725 5384/6491/5723 5382/6490/5722
f 5385/6492/5724 5384/6491/5723 5386/6493/5725 5387/6494/5726
f 5387/6494/5726 5389/6495/5727 5388/6496/5728 5385/6492/5724
f 5375/6497/5715 5386/6493/5725 5383/6489/5721 5373/6481/5713
f 5387/6494/5726 5386/6493/5725 5375/6497/5715 5392/6498/5729
f 5387/6494/5726 5392/6498/5729 5391/6437/5678 5389/6495/5727
f 5389/6495/5727 5391/6437/5678 5390/6436/5677 5388/6496/5728
f 5378/6441/5682 5385/6492/5724 5388/6496/5728 5390/6436/5677
f 5374/6482/5714 5393/6499/5730 5392/6500/5729 5375/6483/5715
f 5394/6501/5731 5391/6502/5678 5392/6500/5729 5393/6499/5730
f 5353/6451/5692 5395/6503/5732 5372/6477/5712 5352/6449/5690
f 5354/6452/5693 5396/6504/5733 5395/6503/5732 5353/6451/5692
f 5374/6482/5714 5372/6477/5712 5395/6503/5732 5397/6447/5688
f 5393/6499/5730 5374/6482/5714 5397/6447/5688 5398/6446/5687
f 5394/6501/5731 5393/6499/5730 5398/6446/5687 5399/6505/5734
f 5355/6454/5695 5400/6448/5689 5396/6504/5733 5354/6452/5693
f 5396/6504/5733 5400/6448/5689 5397/6447/5688 5395/6503/5732
f 5350/6438/5679 5355/6454/5695 5354/6452/5693 5348/6439/5680
f 5339/6433/5674 5216/6294/5561 5220/6320/5586 5341/6430/5671
f 5292/6373/5627 5236/6300/5567 5340/6440/5681 5403/6506/5735
f 5338/6435/5676 5404/6507/5736 5403/6506/5735 5340/6440/5681
f 5401/6434/5675 5405/6508/5737 5404/6507/5736 5338/6435/5676
f 5296/6377/5631 5292/6373/5627 5403/6506/5735 5404/6507/5736
f 5296/6377/5631 5404/6507/5736 5406/6509/5738 5298/6378/5632
f 5394/6501/5731 5402/6510/5739 5401/6511/5675 5391/6502/5678
f 5405/6508/5737 5401/6434/5675 5407/6512/5740 5408/6513/5741
f 5405/6508/5737 5408/6513/5741 5406/6509/5738 5404/6507/5736
f 5402/6510/5739 5409/6514/5742 5407/6515/5740 5401/6511/5675
f 5399/6505/5734 5410/6516/5743 5402/6510/5739 5394/6501/5731
f 5409/6514/5742 5402/6510/5739 5410/6516/5743 5411/6517/5744
f 5412/6518/5745 5304/6389/5641 5298/6378/5632 5406/6509/5738
f 5407/6512/5740 5412/6518/5745 5406/6509/5738 5408/6513/5741
f 5309/6390/5642 5304/6393/5641 5412/6519/5745 5415/6520/5746
f 5412/6519/5745 5407/6515/5740 5414/6521/5747 5415/6520/5746
f 5413/6522/5748 5414/6521/5747 5407/6515/5740 5409/6514/5742
f 5411/6517/5744 5416/6523/5749 5413/6522/5748 5409/6514/5742
f 5349/6445/5686 5417/6524/5750 5399/6505/5734 5398/6446/5687
f 5343/6453/5694 5418/6525/5751 5417/6524/5750 5349/6445/5686
f 5343/6453/5694 5361/6455/5696 5358/6461/5702 5418/6525/5751
f 5410/6516/5743 5399/6505/5734 5417/6524/5750 5419/6526/5752
f 5418/6525/5751 5420/6527/5753 5419/6526/5752 5417/6524/5750
f 5421/6528/5754 5420/6527/5753 5418/6525/5751 5358/6461/5702
f 5411/6517/5744 5410/6516/5743 5419/6526/5752 5422/6529/5755
f 5420/6527/5753 5423/6530/5756 5422/6529/5755 5419/6526/5752
f 5421/6528/5754 5424/6531/5757 5423/6530/5756 5420/6527/5753
f 5239/6408/5655 5421/6528/5754 5358/6461/5702 5238/6321/5587
f 5424/6531/5757 5421/6528/5754 5239/6408/5655 5319/6409/5656
f 5416/6523/5749 5411/6517/5744 5422/6529/5755 5425/6532/5758
f 5423/6530/5756 5426/6533/5759 5425/6532/5758 5422/6529/5755
f 5424/6531/5757 5427/6534/5760 5426/6533/5759 5423/6530/5756
f 5319/6409/5656 5323/6413/5660 5427/6534/5760 5424/6531/5757
f 5425/6532/5758 5441/6535/5761 5440/6536/5762 5416/6523/5749
f 5416/6523/5749 5440/6536/5762 5437/6537/5763 5413/6522/5748
f 5323/6413/5660 5436/6538/5764 5443/6539/5765 5427/6534/5760
f 5426/6533/5759 5442/6540/5766 5441/6535/5761 5425/6532/5758
f 5310/6399/5646 5432/6541/5767 5433/6542/5768 5320/6410/5657
f 5306/6398/5645 5428/6543/5769 5432/6541/5767 5310/6399/5646
f 5427/6534/5760 5443/6539/5765 5442/6540/5766 5426/6533/5759
f 5320/6410/5657 5433/6542/5768 5434/6544/5770 5321/6411/5658
f 5307/6394/5644 5429/6545/5771 5428/6546/5769 5306/6396/5645
f 5413/6522/5748 5437/6537/5763 5438/6547/5772 5414/6521/5747
f 5321/6411/5658 5434/6544/5770 5435/6548/5773 5322/6412/5659
f 5414/6521/5747 5438/6547/5772 5439/6549/5774 5415/6520/5746
f 5308/6391/5643 5430/6550/5775 5429/6545/5771 5307/6394/5644
f 5322/6412/5659 5435/6548/5773 5436/6538/5764 5323/6413/5660
f 5415/6520/5746 5439/6549/5774 5431/6551/5776 5309/6390/5642
f 5309/6390/5642 5431/6551/5776 5430/6550/5775 5308/6391/5643
f 5434/6544/5770 5448/6552/5777 5449/6553/5778 5435/6548/5773
f 5443/6539/5765 5457/6554/5779 5456/6555/5780 5442/6540/5766
f 5435/6548/5773 5449/6553/5778 5450/6556/5781 5436/6538/5764
f 5436/6538/5764 5450/6556/5781 5457/6554/5779 5443/6539/5765
f 5437/6537/5763 5451/6557/5782 5452/6558/5783 5438/6547/5772
f 5430/6550/5775 5445/6559/5784 5444/6560/5785 5429/6545/5771
f 5438/6547/5772 5452/6558/5783 5453/6561/5786 5439/6549/5774
f 5431/6551/5776 5446/6562/5787 5445/6559/5784 5430/6550/5775
f 5439/6549/5774 5453/6561/5786 5446/6562/5787 5431/6551/5776
f 5459/6563/5788 5458/6564/2973 5660/6565/5789 5444/6560/5785
f 5440/6536/5762 5454/6566/5790 5451/6557/5782 5437/6537/5763
f 5428/6546/5769 5429/6545/5771 5444/6560/5785 5660/6565/5789
f 5441/6535/5761 5455/6567/5791 5454/6566/5790 5440/6536/5762
f 5433/6542/5768 5447/6568/5792 5448/6552/5777 5434/6544/5770
f 5442/6540/5766 5456/6555/5780 5455/6567/5791 5441/6535/5761
f 5454/6566/5790 5470/6569/5793 5467/6570/5794 5451/6557/5782
f 5455/6567/5791 5471/6571/5795 5470/6569/5793 5454/6566/5790
f 5447/6568/5792 5463/6572/5796 5464/6573/5797 5448/6552/5777
f 5456/6555/5780 5472/6574/5798 5471/6571/5795 5455/6567/5791
f 5448/6552/5777 5464/6573/5797 5465/6575/5799 5449/6553/5778
f 5457/6554/5779 5473/6576/5800 5472/6574/5798 5456/6555/5780
f 5449/6553/5778 5465/6575/5799 5466/6577/5801 5450/6556/5781
f 5661/6578/5802 5660/6579/5789 5458/3315/2973 5462/3314/2972
f 5450/6556/5781 5466/6577/5801 5473/6576/5800 5457/6554/5779
f 5451/6557/5782 5467/6570/5794 5468/6580/5803 5452/6558/5783
f 5445/6559/5784 5460/6581/5804 5459/6563/5788 5444/6560/5785
f 5452/6558/5783 5468/6580/5803 5469/6582/5805 5453/6561/5786
f 5446/6562/5787 5461/6583/5806 5460/6581/5804 5445/6559/5784
f 5453/6561/5786 5469/6582/5805 5461/6583/5806 5446/6562/5787
f 5468/6580/5803 5484/6584/5807 5485/6585/5808 5469/6582/5805
f 5461/6583/5806 5477/6586/5809 5476/6587/5810 5460/6581/5804
f 5469/6582/5805 5485/6585/5808 5477/6586/5809 5461/6583/5806
f 5474/3312/2970 5490/6588/5811 5494/6589/5812 5478/3313/2971
f 5470/6569/5793 5486/6590/5813 5483/6591/5814 5467/6570/5794
f 5462/3314/2972 5478/3313/2971 5479/6592/5815 5463/6572/5796
f 5471/6571/5795 5487/6593/5816 5486/6590/5813 5470/6569/5793
f 5463/6572/5796 5479/6592/5815 5480/6594/5817 5464/6573/5797
f 5472/6574/5798 5488/6595/5818 5487/6593/5816 5471/6571/5795
f 5464/6573/5797 5480/6594/5817 5481/6596/5819 5465/6575/5799
f 5473/6576/5800 5489/6597/5820 5488/6595/5818 5472/6574/5798
f 5465/6575/5799 5481/6596/5819 5482/6598/5821 5466/6577/5801
f 5466/6577/5801 5482/6598/5821 5489/6597/5820 5473/6576/5800
f 5467/6570/5794 5483/6591/5814 5484/6584/5807 5468/6580/5803
f 5460/6581/5804 5476/6587/5810 5475/6599/5822 5459/6563/5788
f 5489/6597/5820 5505/6600/5823 5504/6601/5824 5488/6595/5818
f 5481/6596/5819 5497/6602/5825 5498/6603/5826 5482/6598/5821
f 5490/6604/5811 5474/6605/2970 5475/6599/5822 5491/6606/5827
f 5482/6598/5821 5498/6603/5826 5505/6600/5823 5489/6597/5820
f 5483/6591/5814 5499/6607/5828 5500/6608/5829 5484/6584/5807
f 5476/6587/5810 5492/6609/5830 5491/6606/5827 5475/6599/5822
f 5484/6584/5807 5500/6608/5829 5501/6610/5831 5485/6585/5808
f 5477/6586/5809 5493/6611/5832 5492/6609/5830 5476/6587/5810
f 5485/6585/5808 5501/6610/5831 5493/6611/5832 5477/6586/5809
f 5486/6590/5813 5502/6612/5833 5499/6607/5828 5483/6591/5814
f 5478/3313/2971 5494/6589/5812 5495/6613/5834 5479/6592/5815
f 5487/6593/5816 5503/6614/5835 5502/6612/5833 5486/6590/5813
f 5479/6592/5815 5495/6613/5834 5496/6615/5836 5480/6594/5817
f 5488/6595/5818 5504/6601/5824 5503/6614/5835 5487/6593/5816
f 5480/6594/5817 5496/6615/5836 5497/6602/5825 5481/6596/5819
f 5494/6589/5812 5510/6616/5837 5511/6617/5838 5495/6613/5834
f 5503/6614/5835 5519/6618/5839 5518/6619/5840 5502/6612/5833
f 5495/6613/5834 5511/6617/5838 5512/6620/5841 5496/6615/5836
f 5504/6601/5824 5520/6621/5842 5519/6618/5839 5503/6614/5835
f 5496/6615/5836 5512/6620/5841 5513/6622/5843 5497/6602/5825
f 5505/6600/5823 5521/6623/5844 5520/6621/5842 5504/6601/5824
f 5497/6602/5825 5513/6622/5843 5514/6624/5845 5498/6603/5826
f 5491/6606/5827 5507/6625/5846 5506/6626/5847 5490/6604/5811
f 5498/6603/5826 5514/6624/5845 5521/6623/5844 5505/6600/5823
f 5499/6607/5828 5515/6627/5848 5516/6628/5849 5500/6608/5829
f 5492/6609/5830 5508/6629/5850 5507/6625/5846 5491/6606/5827
f 5500/6608/5829 5516/6628/5849 5517/6630/5851 5501/6610/5831
f 5493/6611/5832 5509/6631/5852 5508/6629/5850 5492/6609/5830
f 5501/6610/5831 5517/6630/5851 5509/6631/5852 5493/6611/5832
f 5490/6588/5811 5506/6632/5847 5510/6616/5837 5494/6589/5812
f 5502/6612/5833 5518/6619/5840 5515/6627/5848 5499/6607/5828
f 5540/6633/5853 5530/6634/5854 5537/6635/5855 5539/6636/5856
f 5544/6637/5857 5531/6638/5858 5532/6639/5859 5543/6640/5860
f 5548/6641/5861 5524/6642/5862 5523/6643/5863 5547/6644/5864
f 5543/6640/5860 5532/6639/5859 5533/6645/5865 5550/6646/5866
f 5551/6647/5867 5525/6648/5868 5524/6642/5862 5548/6641/5861
f 5550/6646/5866 5533/6645/5865 5525/6648/5868 5551/6647/5867
f 5555/6649/5869 5522/6650/5870 5526/6651/5871 5554/6652/5872
f 5557/6653/5873 5534/6654/5874 5531/6638/5858 5544/6637/5857
f 5554/6652/5872 5526/6651/5871 5527/6655/5875 5560/6656/5876
f 5561/6657/5877 5535/6658/5878 5534/6654/5874 5557/6653/5873
f 5560/6656/5876 5527/6655/5875 5528/6659/5879 5564/6660/5880
f 5565/6661/5881 5536/6662/5882 5535/6658/5878 5561/6657/5877
f 5564/6660/5880 5528/6659/5879 5529/6663/5883 5568/6664/5884
f 5539/6636/5856 5537/6635/5855 5536/6662/5882 5565/6661/5881
f 5568/6664/5884 5529/6663/5883 5530/6634/5854 5540/6633/5853
f 5547/6644/5864 5523/6643/5863 5522/6665/5870 5555/6666/5869
f 5507/6625/5846 5546/6667/5885 5556/6668/5886 5506/6626/5847
f 5546/6667/5885 5547/6644/5864 5555/6666/5869 5556/6668/5886
f 5513/6622/5843 5567/6669/5887 5541/6670/5888 5514/6624/5845
f 5567/6669/5887 5568/6664/5884 5540/6633/5853 5541/6670/5888
f 5521/6623/5844 5538/6671/5889 5566/6672/5890 5520/6621/5842
f 5538/6671/5889 5539/6636/5856 5565/6661/5881 5566/6672/5890
f 5512/6620/5841 5563/6673/5891 5567/6669/5887 5513/6622/5843
f 5563/6673/5891 5564/6660/5880 5568/6664/5884 5567/6669/5887
f 5520/6621/5842 5566/6672/5890 5562/6674/5892 5519/6618/5839
f 5566/6672/5890 5565/6661/5881 5561/6657/5877 5562/6674/5892
f 5511/6617/5838 5559/6675/5893 5563/6673/5891 5512/6620/5841
f 5559/6675/5893 5560/6656/5876 5564/6660/5880 5563/6673/5891
f 5519/6618/5839 5562/6674/5892 5558/6676/5894 5518/6619/5840
f 5562/6674/5892 5561/6657/5877 5557/6653/5873 5558/6676/5894
f 5510/6616/5837 5553/6677/5895 5559/6675/5893 5511/6617/5838
f 5553/6677/5895 5554/6652/5872 5560/6656/5876 5559/6675/5893
f 5518/6619/5840 5558/6676/5894 5545/6678/5896 5515/6627/5848
f 5558/6676/5894 5557/6653/5873 5544/6637/5857 5545/6678/5896
f 5506/6632/5847 5556/6679/5886 5553/6677/5895 5510/6616/5837
f 5556/6679/5886 5555/6649/5869 5554/6652/5872 5553/6677/5895
f 5662/6680/5897 5550/6646/5866 5551/6647/5867 5552/6681/5898
f 5509/6631/5852 5552/6681/5898 5549/6682/5899 5508/6629/5850
f 5552/6681/5898 5551/6647/5867 5548/6641/5861 5549/6682/5899
f 5542/6683/5900 5543/6640/5860 5550/6646/5866 5662/6680/5897
f 5508/6629/5850 5549/6682/5899 5546/6667/5885 5507/6625/5846
f 5549/6682/5899 5548/6641/5861 5547/6644/5864 5546/6667/5885
f 5515/6627/5848 5545/6678/5896 5542/6683/5900 5516/6628/5849
f 5545/6678/5896 5544/6637/5857 5543/6640/5860 5542/6683/5900
f 5514/6624/5845 5541/6670/5888 5538/6671/5889 5521/6623/5844
f 5541/6670/5888 5540/6633/5853 5539/6636/5856 5538/6671/5889
f 5536/6662/5882 5583/6684/5901 5582/6685/5902 5535/6658/5878
f 5528/6659/5879 5575/6686/5903 5576/6687/5904 5529/6663/5883
f 5537/6635/5855 5584/6688/5905 5583/6684/5901 5536/6662/5882
f 5529/6663/5883 5576/6687/5904 5577/6689/5906 5530/6634/5854
f 5523/6643/5863 5570/6690/5907 5569/6691/5908 5522/6665/5870
f 5530/6634/5854 5577/6689/5906 5584/6688/5905 5537/6635/5855
f 5531/6638/5858 5578/6692/5909 5579/6693/5910 5532/6639/5859
f 5524/6642/5862 5571/6694/5911 5570/6690/5907 5523/6643/5863
f 5532/6639/5859 5579/6693/5910 5580/6695/5912 5533/6645/5865
f 5525/6648/5868 5572/6696/5913 5571/6694/5911 5524/6642/5862
f 5533/6645/5865 5580/6695/5912 5572/6696/5913 5525/6648/5868
f 5522/6650/5870 5569/6697/5908 5573/6698/5914 5526/6651/5871
f 5534/6654/5874 5581/6699/5915 5578/6692/5909 5531/6638/5858
f 5526/6651/5871 5573/6698/5914 5574/6700/5916 5527/6655/5875
f 5535/6658/5878 5582/6685/5902 5581/6699/5915 5534/6654/5874
f 5527/6655/5875 5574/6700/5916 5575/6686/5903 5528/6659/5879
f 5583/6684/5901 5599/6701/5917 5598/6702/5918 5582/6685/5902
f 5575/6686/5903 5591/6703/5919 5592/6704/5920 5576/6687/5904
f 5584/6688/5905 5600/6705/5921 5599/6701/5917 5583/6684/5901
f 5576/6687/5904 5592/6704/5920 5593/6706/5922 5577/6689/5906
f 5570/6690/5907 5586/6707/5923 5585/6708/5924 5569/6691/5908
f 5577/6689/5906 5593/6706/5922 5600/6705/5921 5584/6688/5905
f 5578/6692/5909 5594/6709/5925 5595/6710/5926 5579/6693/5910
f 5571/6694/5911 5587/6711/5927 5586/6707/5923 5570/6690/5907
f 5579/6693/5910 5595/6710/5926 5596/6712/5928 5580/6695/5912
f 5572/6696/5913 5588/6713/5929 5587/6711/5927 5571/6694/5911
f 5580/6695/5912 5596/6712/5928 5588/6713/5929 5572/6696/5913
f 5569/6697/5908 5585/6714/5924 5589/6715/5930 5573/6698/5914
f 5581/6699/5915 5597/6716/5931 5594/6709/5925 5578/6692/5909
f 5573/6698/5914 5589/6715/5930 5590/6717/5932 5574/6700/5916
f 5582/6685/5902 5598/6702/5918 5597/6716/5931 5581/6699/5915
f 5574/6700/5916 5590/6717/5932 5591/6703/5919 5575/6686/5903
f 5618/6718/5933 5612/6719/5934 5611/6720/5935 5617/6721/5936
f 5624/6722/5937 5606/6723/5938 5607/6724/5939 5623/6725/5940
f 5627/6726/5941 5613/6727/5942 5612/6719/5934 5618/6718/5933
f 5623/6725/5940 5607/6724/5939 5608/6728/5943 5632/6729/5944
f 5633/6730/5945 5614/6731/5946 5613/6727/5942 5627/6726/5941
f 5632/6729/5944 5608/6728/5943 5609/6732/5947 5638/6733/5948
f 5642/6734/5949 5602/6735/5950 5601/6736/5951 5641/6737/5952
f 5638/6733/5948 5609/6732/5947 5614/6731/5946 5633/6730/5945
f 5647/6738/5953 5610/6739/5954 5820/6740/5955 5821/6741/5956
f 5650/6742/5957 5603/6743/5958 5602/6735/5950 5642/6734/5949
f 5821/6741/5956 5820/6740/5955 5997/6744/5959 5822/6745/5960
f 5654/6746/5961 5604/6747/5962 5603/6743/5958 5650/6742/5957
f 5822/6745/5960 5997/6744/5959 5604/6747/5962 5654/6746/5961
f 5641/6748/5952 5601/6749/5951 5605/6750/5963 5659/6751/5964
f 5617/6721/5936 5611/6720/5935 5610/6739/5954 5647/6738/5953
f 5659/6751/5964 5605/6750/5963 5606/6723/5938 5624/6722/5937
f 5589/6715/5930 5657/6752/5965 5626/6753/5966 5590/6717/5932
f 5657/6752/5965 5658/6754/5967 5625/6755/5968 5626/6753/5966
f 5658/6754/5967 5659/6751/5964 5624/6722/5937 5625/6755/5968
f 5597/6716/5931 5615/6756/5969 5649/6757/5970 5594/6709/5925
f 5615/6756/5969 5616/6758/5971 5648/6759/5972 5649/6757/5970
f 5616/6758/5971 5617/6721/5936 5647/6738/5953 5648/6759/5972
f 5585/6714/5924 5639/6760/5973 5657/6752/5965 5589/6715/5930
f 5639/6760/5973 5640/6761/5974 5658/6754/5967 5657/6752/5965
f 5640/6761/5974 5641/6748/5952 5659/6751/5964 5658/6754/5967
f 5596/6712/5928 5653/6762/5975 5656/6763/5976 5588/6713/5929
f 5653/6762/5975 5998/6764/5977 5655/6765/5978 5656/6763/5976
f 5998/6764/5977 5822/6745/5960 5654/6746/5961 5655/6765/5978
f 5588/6713/5929 5656/6763/5976 5652/6766/5979 5587/6711/5927
f 5656/6763/5976 5655/6765/5978 5651/6767/5980 5652/6766/5979
f 5655/6765/5978 5654/6746/5961 5650/6742/5957 5651/6767/5980
f 5595/6710/5926 5645/6768/5981 5653/6762/5975 5596/6712/5928
f 5645/6768/5981 5646/6769/5982 5998/6764/5977 5653/6762/5975
f 5646/6769/5982 5821/6741/5956 5822/6745/5960 5998/6764/5977
f 5587/6711/5927 5652/6766/5979 5644/6770/5983 5586/6707/5923
f 5652/6766/5979 5651/6767/5980 5643/6771/5984 5644/6770/5983
f 5651/6767/5980 5650/6742/5957 5642/6734/5949 5643/6771/5984
f 5594/6709/5925 5649/6757/5970 5645/6768/5981 5595/6710/5926
f 5649/6757/5970 5648/6759/5972 5646/6769/5982 5645/6768/5981
f 5648/6759/5972 5647/6738/5953 5821/6741/5956 5646/6769/5982
f 5593/6706/5922 5636/6772/5985 5635/6773/5986 5600/6705/5921
f 5636/6772/5985 5637/6774/5987 5634/6775/5988 5635/6773/5986
f 5637/6774/5987 5638/6733/5948 5633/6730/5945 5634/6775/5988
f 5586/6707/5923 5644/6770/5983 5639/6776/5973 5585/6708/5924
f 5644/6770/5983 5643/6771/5984 5640/6777/5974 5639/6776/5973
f 5643/6771/5984 5642/6734/5949 5641/6737/5952 5640/6777/5974
f 5592/6704/5920 5630/6778/5989 5636/6772/5985 5593/6706/5922
f 5630/6778/5989 5631/6779/5990 5637/6774/5987 5636/6772/5985
f 5631/6779/5990 5632/6729/5944 5638/6733/5948 5637/6774/5987
f 5600/6705/5921 5635/6773/5986 5629/6780/5991 5599/6701/5917
f 5635/6773/5986 5634/6775/5988 5628/6781/5992 5629/6780/5991
f 5634/6775/5988 5633/6730/5945 5627/6726/5941 5628/6781/5992
f 5591/6703/5919 5621/6782/5993 5630/6778/5989 5592/6704/5920
f 5621/6782/5993 5622/6783/5994 5631/6779/5990 5630/6778/5989
f 5622/6783/5994 5623/6725/5940 5632/6729/5944 5631/6779/5990
f 5599/6701/5917 5629/6780/5991 5620/6784/5995 5598/6702/5918
f 5629/6780/5991 5628/6781/5992 5619/6785/5996 5620/6784/5995
f 5628/6781/5992 5627/6726/5941 5618/6718/5933 5619/6785/5996
f 5590/6717/5932 5626/6753/5966 5621/6782/5993 5591/6703/5919
f 5626/6753/5966 5625/6755/5968 5622/6783/5994 5621/6782/5993
f 5625/6755/5968 5624/6722/5937 5623/6725/5940 5622/6783/5994
f 5598/6702/5918 5620/6784/5995 5615/6756/5969 5597/6716/5931
f 5620/6784/5995 5619/6785/5996 5616/6758/5971 5615/6756/5969
f 5619/6785/5996 5618/6718/5933 5617/6721/5936 5616/6758/5971
f 5661/6578/5802 5447/6568/5792 5433/6542/5768 5432/6541/5767
f 5463/6572/5796 5447/6568/5792 5661/6578/5802 5462/3314/2972
f 5552/6681/5898 5509/6631/5852 5517/6630/5851 5662/6680/5897
f 5516/6628/5849 5542/6683/5900 5662/6680/5897 5517/6630/5851
f 5432/6541/5767 5428/6543/5769 5660/6579/5789 5661/6578/5802
f 5459/6563/5788 5475/6599/5822 5474/6605/2970 5458/6564/2973
f 5678/6786/5997 5672/6787/5998 5823/6788/5999 5677/6789/6000
f 5680/6790/6001 5665/6791/6002 5664/6792/6003 5679/6793/6004
f 5677/6789/6000 5823/6788/5999 5824/6794/6005 5681/6795/6006
f 5682/6796/6007 5666/6797/6008 5665/6791/6002 5680/6790/6001
f 5681/6795/6006 5824/6794/6005 5666/6797/6008 5682/6796/6007
f 5684/6798/6009 5663/6799/6010 5667/6800/6011 5683/6801/6012
f 5685/6802/6013 5673/6803/6014 5672/6787/5998 5678/6786/5997
f 5683/6801/6012 5667/6800/6011 5668/6804/6015 5686/6805/6016
f 5687/6806/6017 5674/6807/6018 5673/6803/6014 5685/6802/6013
f 5686/6805/6016 5668/6804/6015 5669/6808/6019 5688/6809/6020
f 5689/6810/6021 5675/6811/6022 5674/6807/6018 5687/6806/6017
f 5688/6809/6020 5669/6808/6019 5670/6812/6023 5690/6813/6024
f 5691/6814/6025 5676/6815/6026 5675/6811/6022 5689/6810/6021
f 5690/6813/6024 5670/6812/6023 5671/6816/6027 5692/6817/6028
f 5679/6793/6004 5664/6792/6003 5663/6818/6010 5684/6819/6009
f 5692/6817/6028 5671/6816/6027 5676/6815/6026 5691/6814/6025
f 5609/6732/5947 5692/6817/6028 5691/6814/6025 5614/6731/5946
f 5602/6735/5950 5679/6793/6004 5684/6819/6009 5601/6736/5951
f 5608/6728/5943 5690/6813/6024 5692/6817/6028 5609/6732/5947
f 5614/6731/5946 5691/6814/6025 5689/6810/6021 5613/6727/5942
f 5607/6724/5939 5688/6809/6020 5690/6813/6024 5608/6728/5943
f 5613/6727/5942 5689/6810/6021 5687/6806/6017 5612/6719/5934
f 5606/6723/5938 5686/6805/6016 5688/6809/6020 5607/6724/5939
f 5612/6719/5934 5687/6806/6017 5685/6802/6013 5611/6720/5935
f 5605/6750/5963 5683/6801/6012 5686/6805/6016 5606/6723/5938
f 5611/6720/5935 5685/6802/6013 5678/6786/5997 5610/6739/5954
f 5601/6749/5951 5684/6798/6009 5683/6801/6012 5605/6750/5963
f 5997/6744/5959 5681/6795/6006 5682/6796/6007 5604/6747/5962
f 5604/6747/5962 5682/6796/6007 5680/6790/6001 5603/6743/5958
f 5820/6740/5955 5677/6789/6000 5681/6795/6006 5997/6744/5959
f 5603/6743/5958 5680/6790/6001 5679/6793/6004 5602/6735/5950
f 5610/6739/5954 5678/6786/5997 5677/6789/6000 5820/6740/5955
f 5664/6792/6003 5694/6820/6029 5693/6821/6030 5663/6818/6010
f 5671/6816/6027 5701/6822/6031 5707/6823/6032 5676/6815/6026
f 5672/6787/5998 5702/6824/6033 5703/6825/6034 5823/6788/5999
f 5665/6791/6002 5695/6826/6035 5694/6820/6029 5664/6792/6003
f 5823/6788/5999 5703/6825/6034 5999/6827/6036 5824/6794/6005
f 5666/6797/6008 5696/6828/6037 5695/6826/6035 5665/6791/6002
f 5824/6794/6005 5999/6827/6036 5696/6828/6037 5666/6797/6008
f 5663/6799/6010 5693/6829/6030 5697/6830/6038 5667/6800/6011
f 5673/6803/6014 5704/6831/6039 5702/6824/6033 5672/6787/5998
f 5667/6800/6011 5697/6830/6038 5698/6832/6040 5668/6804/6015
f 5674/6807/6018 5705/6833/6041 5704/6831/6039 5673/6803/6014
f 5668/6804/6015 5698/6832/6040 5699/6834/6042 5669/6808/6019
f 5675/6811/6022 5706/6835/6043 5705/6833/6041 5674/6807/6018
f 5669/6808/6019 5699/6834/6042 5700/6836/6044 5670/6812/6023
f 5676/6815/6026 5707/6823/6032 5706/6835/6043 5675/6811/6022
f 5670/6812/6023 5700/6836/6044 5701/6822/6031 5671/6816/6027
f 5999/6827/6036 6000/6837/6045 5711/6838/6046 5696/6828/6037
f 5693/6829/6030 5708/6094/5402 5712/6093/5401 5697/6830/6038
f 5704/6831/6039 5719/6033/5352 5717/6839/6047 5702/6824/6033
f 5697/6830/6038 5712/6093/5401 5713/6097/5405 5698/6832/6040
f 5705/6833/6041 5720/6034/5353 5719/6033/5352 5704/6831/6039
f 5698/6832/6040 5713/6097/5405 5714/6100/5408 5699/6834/6042
f 5706/6835/6043 5721/6065/5373 5720/6034/5353 5705/6833/6041
f 5699/6834/6042 5714/6100/5408 5715/6115/5423 5700/6836/6044
f 5707/6823/6032 5722/6067/5375 5721/6065/5373 5706/6835/6043
f 5700/6836/6044 5715/6115/5423 5716/6114/5422 5701/6822/6031
f 5694/6820/6029 5709/6167/5469 5708/6166/5402 5693/6821/6030
f 5701/6822/6031 5716/6114/5422 5722/6067/5375 5707/6823/6032
f 5702/6824/6033 5717/6839/6047 5718/6840/6048 5703/6825/6034
f 5695/6826/6035 5710/6170/5470 5709/6167/5469 5694/6820/6029
f 5703/6825/6034 5718/6840/6048 6000/6837/6045 5999/6827/6036
f 5696/6828/6037 5711/6838/6046 5710/6170/5470 5695/6826/6035
f 5723/6032/5351 5724/6841/6049 5717/6839/6047 5719/6033/5352
f 5725/6842/6050 5718/6840/6048 5717/6839/6047 5724/6841/6049
f 6001/6843/6051 6000/6837/6045 5718/6840/6048 5725/6842/6050
f 5726/6844/5461 5711/6838/6046 6000/6837/6045 6001/6843/6051
f 5710/6170/5470 5711/6838/6046 5726/6844/5461 5727/6169/5463
f 5786/6061/2542 5926/6060/5370 5728/6055/5368 5803/6054/2539
f 5930/6110/5418 5931/6845/6052 5825/6063/5371 5739/6111/5419
f 5089/6846/5403 5088/6160/5464 5060/6092/5400 5729/6847/6053
f 5078/6848/5404 5089/6849/5403 5729/6850/6053 5730/6851/6054
f 5059/6852/5406 5078/6848/5404 5730/6851/6054 5731/6853/6055
f 5058/6854/5407 5059/6852/5406 5731/6853/6055 5732/6855/6056
f 5057/6856/5424 5058/6854/5407 5732/6855/6056 5931/6845/6052
f 5043/6857/5421 5057/6856/5424 5931/6845/6052 5733/6242/5519
f 5056/6858/5374 5043/6857/5421 5733/6242/5519 5734/6156/5460
f 5055/6859/5372 5056/6858/5374 5734/6156/5460 5735/6028/5347
f 5054/6860/5350 5055/6859/5372 5735/6028/5347 5736/6027/5346
f 5723/6861/5351 5054/6860/5350 5736/6027/5346 5737/6176/5474
f 5724/6862/6049 5723/6861/5351 5737/6176/5474 5738/6101/5409
f 5725/6863/6050 5724/6862/6049 5738/6101/5409 5826/6103/5411
f 6001/6864/6051 5725/6863/6050 5826/6103/5411 5809/6175/5473
f 6001/6864/6051 5809/6175/5473 5943/6158/5462 5726/6157/5461
f 5044/6051/5366 5729/6847/6053 5060/6092/5400 5934/6052/5367
f 5729/6850/6053 5044/6056/5366 5728/6055/5368 5730/6851/6054
f 5926/6060/5370 5731/6853/6055 5730/6851/6054 5728/6055/5368
f 5928/6059/5369 5732/6855/6056 5731/6853/6055 5926/6060/5370
f 5825/6063/5371 5931/6845/6052 5732/6855/6056 5928/6059/5369
f 5788/6172/2652 5739/6111/5419 5825/6063/5371 5804/6062/2545
f 5045/6174/5472 5733/6242/5519 5931/6845/6052 5930/6110/5418
f 5092/6045/5362 5094/6044/5361 5093/6173/5471 5091/6109/5417
f 5096/6142/5447 5094/6044/5361 5050/6043/5360 5141/6865/6057
f 5140/6141/5446 5138/6119/5426 5095/6029/5348 5740/6155/5459
f 5045/6174/5472 5093/6173/5471 5140/6141/5446 5740/6155/5459
f 5085/6121/5428 5096/6142/5447 5141/6865/6057 5067/6866/6058
f 5084/6012/5331 5085/6121/5428 5067/6866/6058 5741/6867/6059
f 5083/5974/5293 5084/6012/5331 5741/6867/6059 5742/6868/6060
f 5086/6000/5319 5743/6154/5458 5141/6865/6057 5050/6043/5360
f 5067/6866/6058 5141/6865/6057 5743/6154/5458 5744/6153/5457
f 5741/6867/6059 5067/6866/6058 5744/6153/5457 5745/5995/5314
f 5742/6868/6060 5741/6867/6059 5745/5995/5314 5746/5996/5315
f 5161/5971/5290 5083/5974/5293 5742/6868/6060 5747/6869/6061
f 5746/5996/5315 5748/6152/5456 5747/6869/6061 5742/6868/6060
f 5793/2737/2472 5081/5992/5311 5752/6870/6062 5805/3633/3258
f 5081/5992/5311 5082/6164/5468 5751/6871/6063 5752/6870/6062
f 5082/6164/5468 5135/6239/5516 5750/6872/6064 5751/6871/6063
f 5135/6239/5516 5164/6250/5527 5749/6873/6065 5750/6872/6064
f 5164/6250/5527 5161/5971/5290 5747/6869/6061 5749/6873/6065
f 5805/3633/3258 5752/6870/6062 5756/6014/5333 5806/2762/2497
f 5752/6870/6062 5751/6871/6063 5755/6874/6066 5756/6014/5333
f 5751/6871/6063 5750/6872/6064 5754/6875/6067 5755/6874/6066
f 5750/6872/6064 5749/6873/6065 5753/6876/6068 5754/6875/6067
f 5748/6152/5456 5753/6876/6068 5749/6873/6065 5747/6869/6061
f 5755/6874/6066 5758/6877/6069 5028/6013/5332 5756/6014/5333
f 5758/6877/6069 5757/6878/6070 5027/5979/5298 5028/6013/5332
f 5757/6878/6070 5019/6136/5441 5020/5980/5299 5027/5979/5298
f 5753/6876/6068 5761/6879/6071 5766/6880/6072 5754/6875/6067
f 5761/6879/6071 5762/6881/6073 5767/6882/6074 5766/6880/6072
f 5762/6881/6073 5763/6125/5432 5768/6133/5438 5767/6882/6074
f 5754/6875/6067 5766/6880/6072 5758/6877/6069 5755/6874/6066
f 5766/6880/6072 5767/6882/6074 5757/6878/6070 5758/6877/6069
f 5767/6882/6074 5768/6133/5438 5019/6136/5441 5757/6878/6070
f 5086/6000/5319 5760/5999/5318 5814/6148/5452 5743/6154/5458
f 5760/5999/5318 5917/6137/5442 5916/6149/5453 5814/6148/5452
f 5917/6137/5442 5828/6129/5434 5808/6132/5437 5916/6149/5453
f 5794/6117/2601 5920/6883/3272 5922/6015/5334 5810/6118/5425
f 5920/6883/3272 5807/6884/3273 5075/5981/5300 5922/6015/5334
f 5807/6884/3273 5830/6126/2609 5076/5982/5301 5075/5981/5300
f 5748/6152/5456 5107/6151/5455 5761/6879/6071 5753/6876/6068
f 5107/6151/5455 5077/6150/5454 5762/6881/6073 5761/6879/6071
f 5077/6150/5454 5114/6122/5429 5763/6125/5432 5762/6881/6073
f 5846/6192/5488 5851/5800/5123 5849/4978/4416 5843/4977/4415
f 5844/6191/5487 5850/6885/6075 5851/5800/5123 5846/6192/5488
f 5817/6190/5486 5852/6886/6076 5850/6885/6075 5844/6191/5487
f 5845/6199/5495 5853/5798/5121 5852/6886/6076 5817/6190/5486
f 5115/6198/5494 4076/5799/5122 5853/5798/5121 5845/6199/5495
f 4077/5823/5146 4076/5799/5122 5115/6198/5494 5116/6197/5493
f 5117/6227/5506 4084/5774/5097 4077/5823/5146 5116/6197/5493
f 4747/4985/4421 5769/5773/5096 4084/5774/5097 5117/6227/5506
f 5791/6226/2693 4960/4983/1462 4747/4985/4421 5117/6227/5506
f 5850/6885/6075 5852/6886/6076 5863/5824/5147 5006/5825/5148
f 5851/5800/5123 5850/6885/6075 5006/5825/5148 5829/5801/5124
f 5852/6886/6076 5853/5798/5121 5862/5776/5099 5863/5824/5147
f 3280/4204/3775 3731/4637/4131 3709/3905/3509 3277/3904/3508
f 3213/4161/3743 3703/4649/4137 3214/4022/3620 5938/4021/3619
f 3697/4205/3745 3280/4204/3775 3277/3904/3508 3047/4643/3746
f 4477/5465/4841 5831/6887/6077 4481/5524/4884 4485/5463/4839
f 4486/5467/4843 4488/6888/6078 5831/6887/6077 4477/5465/4841
f 4478/5469/4845 5833/6889/6079 4488/6888/6078 4486/5467/4843
f 4479/5471/4847 5837/5544/4904 5833/6889/6079 4478/5469/4845
f 4537/6890/6080 4536/5442/4818 4538/5441/4817 5835/5532/4892
f 4540/5434/4810 4557/2218/1992 4549/5526/4886 4548/5527/4887
f 4476/5437/4813 4537/6890/6080 5835/5532/4892 5836/5537/4897
f 5836/5537/4897 5842/5446/4822 4482/5438/4814 4476/5437/4813
f 4482/5438/4814 5842/5446/4822 4429/5394/4784 4430/5389/4779
f 1627/2160/1949 2851/2098/1887 1693/2097/1886 1678/2197/1971
f 4552/5543/4903 4941/2224/1998 5839/3657/3282 5840/3656/3281
f 4544/5538/4898 4552/5543/4903 5840/3656/3281 5841/5447/4823
f 5836/5537/4897 4544/5538/4898 5841/5447/4823 5842/5446/4822
f 4488/6888/6078 5832/5443/4819 4536/5442/4818 5831/6887/6077
f 4480/5436/4812 4481/5524/4884 4537/6890/6080 4476/5437/4813
f 4537/6890/6080 4481/5524/4884 5831/6887/6077 4536/5442/4818
f 4488/6888/6078 5833/6889/6079 5834/5435/4811 5832/5443/4819
f 5833/6889/6079 5837/5544/4904 5838/2219/1993 5834/5435/4811
f 4899/5947/5266 4866/5924/5246 4882/5941/5262 4900/5961/5280
f 4976/2645/2383 4866/5924/5246 4899/5947/5266 4987/2673/2408
f 6006/6891/6081 6005/6892/6082 6011/6893/6083 6012/6894/6084
f 6003/6895/6085 6098/6896/6086 6008/6897/6087 6009/6898/6088
f 6004/6899/6089 6003/6895/6085 6009/6898/6088 6010/6900/6090
f 6002/6901/6091 6067/6902/6092 6007/6903/6093
f 6005/6892/6082 6004/6899/6089 6010/6900/6090 6011/6893/6083
f 6098/6896/6086 6002/6901/6091 6007/6903/6093 6008/6897/6087
f 6012/6904/6084 6011/6893/6083 6017/6905/6094 6018/6906/6095
f 6009/6898/6088 6008/6897/6087 6014/6907/6096 6015/6908/6097
f 6010/6900/6090 6009/6898/6088 6015/6908/6097 6016/6909/6098
f 6007/6903/6093 6067/6902/6092 6013/6910/6099
f 6011/6893/6083 6010/6900/6090 6016/6909/6098 6017/6905/6094
f 6008/6897/6087 6007/6903/6093 6013/6910/6099 6014/6907/6096
f 6014/6907/6096 6013/6910/6099 6019/6911/6100 6020/6912/6101
f 6018/6913/6095 6017/6905/6094 6023/6914/6102 6024/6915/6103
f 6015/6908/6097 6014/6907/6096 6020/6912/6101 6021/6916/6104
f 6016/6909/6098 6015/6908/6097 6021/6916/6104 6022/6917/6105
f 6013/6910/6099 6067/6902/6092 6019/6911/6100
f 6017/6905/6094 6016/6909/6098 6022/6917/6105 6023/6914/6102
f 6023/6914/6102 6022/6917/6105 6028/6918/6106 6029/6919/6107
f 6020/6912/6101 6019/6911/6100 6025/6920/6108 6026/6921/6109
f 6024/6922/6103 6023/6914/6102 6029/6919/6107 6030/6923/6110
f 6021/6916/6104 6020/6912/6101 6026/6921/6109 6027/6924/6111
f 6022/6917/6105 6021/6916/6104 6027/6924/6111 6028/6918/6106
f 6019/6911/6100 6067/6902/6092 6025/6920/6108
f 6025/6920/6108 6067/6902/6092 6031/6925/6112
f 6029/6919/6107 6028/6918/6106 6034/6926/6113 6035/6927/6114
f 6026/6921/6109 6025/6920/6108 6031/6925/6112 6032/6928/6115
f 6030/6929/6110 6029/6919/6107 6035/6927/6114 6036/6930/6116
f 6027/6924/6111 6026/6921/6109 6032/6928/6115 6033/6931/6117
f 6028/6918/6106 6027/6924/6111 6033/6931/6117 6034/6926/6113
f 6034/6926/6113 6033/6931/6117 6039/6932/6118 6040/6933/6119
f 6031/6925/6112 6067/6902/6092 6037/6934/6120
f 6035/6927/6114 6034/6926/6113 6040/6933/6119 6041/6935/6121
f 6032/6928/6115 6031/6925/6112 6037/6934/6120 6038/6936/6122
f 6036/6937/6116 6035/6927/6114 6041/6935/6121 6042/6938/6123
f 6033/6931/6117 6032/6928/6115 6038/6936/6122 6039/6932/6118
f 6039/6932/6118 6038/6936/6122 6044/6939/6124 6045/6940/6125
f 6040/6933/6119 6039/6932/6118 6045/6940/6125 6046/6941/6126
f 6037/6934/6120 6067/6902/6092 6043/6942/6127
f 6041/6935/6121 6040/6933/6119 6046/6941/6126 6047/6943/6128
f 6038/6936/6122 6037/6934/6120 6043/6942/6127 6044/6939/6124
f 6042/6944/6123 6041/6935/6121 6047/6943/6128 6048/6945/6129
f 6048/6946/6129 6047/6943/6128 6053/6947/6130 6054/6948/6131
f 6045/6940/6125 6044/6939/6124 6050/6949/6132 6051/6950/6133
f 6046/6941/6126 6045/6940/6125 6051/6950/6133 6052/6951/6134
f 6043/6942/6127 6067/6902/6092 6049/6952/6135
f 6047/6943/6128 6046/6941/6126 6052/6951/6134 6053/6947/6130
f 6044/6939/6124 6043/6942/6127 6049/6952/6135 6050/6949/6132
f 6050/6949/6132 6049/6952/6135 6055/6953/6136 6056/6954/6137
f 6054/6955/6131 6053/6947/6130 6059/6956/6138 6060/6957/6139
f 6051/6950/6133 6050/6949/6132 6056/6954/6137 6057/6958/6140
f 6052/6951/6134 6051/6950/6133 6057/6958/6140 6058/6959/6141
f 6049/6952/6135 6067/6902/6092 6055/6953/6136
f 6053/6947/6130 6052/6951/6134 6058/6959/6141 6059/6956/6138
f 6059/6956/6138 6058/6959/6141 6064/6960/6142 6065/6961/6143
f 6056/6954/6137 6055/6953/6136 6061/6962/6144 6062/6963/6145
f 6060/6964/6139 6059/6956/6138 6065/6961/6143 6066/6965/6146
f 6057/6958/6140 6056/6954/6137 6062/6963/6145 6063/6966/6147
f 6058/6959/6141 6057/6958/6140 6063/6966/6147 6064/6960/6142
f 6055/6953/6136 6067/6902/6092 6061/6962/6144
f 6064/6960/6142 6063/6966/6147 6070/6967/6148 6071/6968/6149
f 6061/6962/6144 6067/6902/6092 6068/6969/6150
f 6065/6961/6143 6064/6960/6142 6071/6968/6149 6072/6970/6151
f 6062/6963/6145 6061/6962/6144 6068/6969/6150 6069/6971/6152
f 6066/6972/6146 6065/6961/6143 6072/6970/6151 6073/6973/6153
f 6063/6966/6147 6062/6963/6145 6069/6971/6152 6070/6967/6148
f 6071/6968/6149 6070/6967/6148 6076/6974/6154 6077/6975/6155
f 6068/6969/6150 6067/6902/6092 6074/6976/6156
f 6072/6970/6151 6071/6968/6149 6077/6975/6155 6078/6977/6157
f 6069/6971/6152 6068/6969/6150 6074/6976/6156 6075/6978/6158
f 6073/6979/6153 6072/6970/6151 6078/6977/6157 6079/6980/6159
f 6070/6967/6148 6069/6971/6152 6075/6978/6158 6076/6974/6154
f 6076/6974/6154 6075/6978/6158 6081/6981/6160 6082/6982/6161
f 6077/6975/6155 6076/6974/6154 6082/6982/6161 6083/6983/6162
f 6074/6976/6156 6067/6902/6092 6080/6984/6163
f 6078/6977/6157 6077/6975/6155 6083/6983/6162 6084/6985/6164
f 6075/6978/6158 6074/6976/6156 6080/6984/6163 6081/6981/6160
f 6079/6986/6159 6078/6977/6157 6084/6985/6164 6085/6987/6165
f 6081/6981/6160 6080/6984/6163 6086/6988/6166 6087/6989/6167
f 6085/6990/6165 6084/6985/6164 6090/6991/6168 6091/6992/6169
f 6082/6982/6161 6081/6981/6160 6087/6989/6167 6088/6993/6170
f 6083/6983/6162 6082/6982/6161 6088/6993/6170 6089/6994/6171
f 6080/6984/6163 6067/6902/6092 6086/6988/6166
f 6084/6985/6164 6083/6983/6162 6089/6994/6171 6090/6991/6168
f 6090/6991/6168 6089/6994/6171 6095/6995/6172 6096/6996/6173
f 6087/6989/6167 6086/6988/6166 6092/6997/6174 6093/6998/6175
f 6091/6999/6169 6090/6991/6168 6096/6996/6173 6097/7000/6176
f 6088/6993/6170 6087/6989/6167 6093/6998/6175 6094/7001/6177
f 6089/6994/6171 6088/6993/6170 6094/7001/6177 6095/6995/6172
f 6086/6988/6166 6067/6902/6092 6092/6997/6174
f 6095/6995/6172 6094/7001/6177 6003/6895/6085 6004/6899/6089
f 6092/6997/6174 6067/6902/6092 6002/6901/6091
f 6096/6996/6173 6095/6995/6172 6004/6899/6089 6005/6892/6082
f 6093/6998/6175 6092/6997/6174 6002/6901/6091 6098/6896/6086
f 6097/7002/6176 6096/6996/6173 6005/6892/6082 6006/7003/6081
f 6094/7001/6177 6093/6998/6175 6098/6896/6086 6003/6895/6085
f 6103/7004/6178 6109/7005/6179 6108/7006/6180 6102/7007/6181
f 6100/7008/6182 6106/7009/6183 6105/7010/6184 6195/7011/6185
f 6101/7012/6186 6107/7013/6187 6106/7009/6183 6100/7008/6182
f 6099/7014/6091 6104/7015/6174 6164/7016/6092
f 6102/7007/6181 6108/7006/6180 6107/7013/6187 6101/7012/6186
f 6195/7011/6185 6105/7010/6184 6104/7015/6174 6099/7014/6091
f 6109/7017/6179 6115/7018/6188 6114/7019/6189 6108/7006/6180
f 6106/7009/6183 6112/7020/6190 6111/7021/6191 6105/7010/6184
f 6107/7013/6187 6113/7022/6192 6112/7020/6190 6106/7009/6183
f 6104/7015/6174 6110/7023/6193 6164/7016/6092
f 6108/7006/6180 6114/7019/6189 6113/7022/6192 6107/7013/6187
f 6105/7010/6184 6111/7021/6191 6110/7023/6193 6104/7015/6174
f 6111/7021/6191 6117/7024/6194 6116/7025/6163 6110/7023/6193
f 6115/7026/6188 6121/7027/6195 6120/7028/6196 6114/7019/6189
f 6112/7020/6190 6118/7029/6197 6117/7024/6194 6111/7021/6191
f 6113/7022/6192 6119/7030/6198 6118/7029/6197 6112/7020/6190
f 6110/7023/6193 6116/7025/6163 6164/7016/6092
f 6114/7019/6189 6120/7028/6196 6119/7030/6198 6113/7022/6192
f 6120/7028/6196 6126/7031/6199 6125/7032/6200 6119/7030/6198
f 6117/7024/6194 6123/7033/6201 6122/7034/6156 6116/7025/6163
f 6121/7035/6195 6127/7036/6202 6126/7031/6199 6120/7028/6196
f 6118/7029/6197 6124/7037/6203 6123/7033/6201 6117/7024/6194
f 6119/7030/6198 6125/7032/6200 6124/7037/6203 6118/7029/6197
f 6116/7025/6163 6122/7034/6156 6164/7016/6092
f 6122/7034/6156 6128/7038/6150 6164/7016/6092
f 6126/7031/6199 6132/7039/6204 6131/7040/6205 6125/7032/6200
f 6123/7033/6201 6129/7041/6206 6128/7038/6150 6122/7034/6156
f 6127/7042/6202 6133/7043/6207 6132/7039/6204 6126/7031/6199
f 6124/7037/6203 6130/7044/6208 6129/7041/6206 6123/7033/6201
f 6125/7032/6200 6131/7040/6205 6130/7044/6208 6124/7037/6203
f 6131/7040/6205 6137/7045/6209 6136/7046/6210 6130/7044/6208
f 6128/7038/6150 6134/7047/6144 6164/7016/6092
f 6132/7039/6204 6138/7048/6211 6137/7045/6209 6131/7040/6205
f 6129/7041/6206 6135/7049/6145 6134/7047/6144 6128/7038/6150
f 6133/7050/6207 6139/7051/6212 6138/7048/6211 6132/7039/6204
f 6130/7044/6208 6136/7046/6210 6135/7049/6145 6129/7041/6206
f 6136/7046/6210 6142/7052/6140 6141/7053/6137 6135/7049/6145
f 6137/7045/6209 6143/7054/6213 6142/7052/6140 6136/7046/6210
f 6134/7047/6144 6140/7055/6136 6164/7016/6092
f 6138/7048/6211 6144/7056/6214 6143/7054/6213 6137/7045/6209
f 6135/7049/6145 6141/7053/6137 6140/7055/6136 6134/7047/6144
f 6139/7057/6212 6145/7058/6215 6144/7056/6214 6138/7048/6211
f 6145/7059/6215 6151/7060/6131 6150/7061/6130 6144/7056/6214
f 6142/7052/6140 6148/7062/6133 6147/7063/6132 6141/7053/6137
f 6143/7054/6213 6149/7064/6134 6148/7062/6133 6142/7052/6140
f 6140/7055/6136 6146/7065/6135 6164/7016/6092
f 6144/7056/6214 6150/7061/6130 6149/7064/6134 6143/7054/6213
f 6141/7053/6137 6147/7063/6132 6146/7065/6135 6140/7055/6136
f 6147/7063/6132 6153/7066/6124 6152/7067/6127 6146/7065/6135
f 6151/7068/6131 6157/7069/6216 6156/7070/6217 6150/7061/6130
f 6148/7062/6133 6154/7071/6125 6153/7066/6124 6147/7063/6132
f 6149/7064/6134 6155/7072/6218 6154/7071/6125 6148/7062/6133
f 6146/7065/6135 6152/7067/6127 6164/7016/6092
f 6150/7061/6130 6156/7070/6217 6155/7072/6218 6149/7064/6134
f 6156/7070/6217 6162/7073/6219 6161/7074/6220 6155/7072/6218
f 6153/7066/6124 6159/7075/6122 6158/7076/6120 6152/7067/6127
f 6157/7077/6216 6163/7078/6221 6162/7073/6219 6156/7070/6217
f 6154/7071/6125 6160/7079/6222 6159/7075/6122 6153/7066/6124
f 6155/7072/6218 6161/7074/6220 6160/7079/6222 6154/7071/6125
f 6152/7067/6127 6158/7076/6120 6164/7016/6092
f 6161/7074/6220 6168/7080/6223 6167/7081/6224 6160/7079/6222
f 6158/7076/6120 6165/7082/6112 6164/7016/6092
f 6162/7073/6219 6169/7083/6225 6168/7080/6223 6161/7074/6220
f 6159/7075/6122 6166/7084/6226 6165/7082/6112 6158/7076/6120
f 6163/7085/6221 6170/7086/6227 6169/7083/6225 6162/7073/6219
f 6160/7079/6222 6167/7081/6224 6166/7084/6226 6159/7075/6122
f 6168/7080/6223 6174/7087/6228 6173/7088/6229 6167/7081/6224
f 6165/7082/6112 6171/7089/6108 6164/7016/6092
f 6169/7083/6225 6175/7090/6230 6174/7087/6228 6168/7080/6223
f 6166/7084/6226 6172/7091/6231 6171/7089/6108 6165/7082/6112
f 6170/7092/6227 6176/7093/6232 6175/7090/6230 6169/7083/6225
f 6167/7081/6224 6173/7088/6229 6172/7091/6231 6166/7084/6226
f 6173/7088/6229 6179/7094/6233 6178/7095/6234 6172/7091/6231
f 6174/7087/6228 6180/7096/6235 6179/7094/6233 6173/7088/6229
f 6171/7089/6108 6177/7097/6100 6164/7016/6092
f 6175/7090/6230 6181/7098/6236 6180/7096/6235 6174/7087/6228
f 6172/7091/6231 6178/7095/6234 6177/7097/6100 6171/7089/6108
f 6176/7099/6232 6182/7100/6237 6181/7098/6236 6175/7090/6230
f 6178/7095/6234 6184/7101/6238 6183/7102/6239 6177/7097/6100
f 6182/7103/6237 6188/7104/6240 6187/7105/6241 6181/7098/6236
f 6179/7094/6233 6185/7106/6242 6184/7101/6238 6178/7095/6234
f 6180/7096/6235 6186/7107/6243 6185/7106/6242 6179/7094/6233
f 6177/7097/6100 6183/7102/6239 6164/7016/6092
f 6181/7098/6236 6187/7105/6241 6186/7107/6243 6180/7096/6235
f 6187/7105/6241 6193/7108/6244 6192/7109/6245 6186/7107/6243
f 6184/7101/6238 6190/7110/6246 6189/7111/6093 6183/7102/6239
f 6188/7112/6240 6194/7113/6247 6193/7108/6244 6187/7105/6241
f 6185/7106/6242 6191/7114/6248 6190/7110/6246 6184/7101/6238
f 6186/7107/6243 6192/7109/6245 6191/7114/6248 6185/7106/6242
f 6183/7102/6239 6189/7111/6093 6164/7016/6092
f 6192/7109/6245 6101/7012/6186 6100/7008/6182 6191/7114/6248
f 6189/7111/6093 6099/7014/6091 6164/7016/6092
f 6193/7108/6244 6102/7007/6181 6101/7012/6186 6192/7109/6245
f 6190/7110/6246 6195/7011/6185 6099/7014/6091 6189/7111/6093
f 6194/7115/6247 6103/7116/6178 6102/7007/6181 6193/7108/6244
f 6191/7114/6248 6100/7008/6182 6195/7011/6185 6190/7110/6246
f 6227/7117/6249 6198/1233/1121 335/567/531 348/543/509
f 6227/7117/6249 6196/627/590 6197/610/573 6226/619/582
f 6209/622/585 6204/624/587 6205/591/554 6208/590/553
f 6225/955/893 6212/623/586 6213/600/563 6224/599/562
f 6203/595/558 6220/618/581 6221/594/557 6202/587/550
f 6219/592/555 6206/583/546 6207/629/592 6218/611/574
f 6204/624/587 6214/596/559 6215/586/549 6205/591/554
f 6212/623/586 6209/622/585 6208/590/553 6213/600/563
f 6217/581/544 6200/580/543 6201/604/567 6216/603/566
f 6223/1232/545 6225/955/893 6224/599/562 6222/621/584
f 6200/580/543 6198/1233/1121 6199/626/589 6201/604/567
f 6211/628/591 6217/581/544 6216/603/566 6210/606/569
f 6220/618/581 6211/628/591 6210/606/569 6221/594/557
f 6214/596/559 6203/595/558 6202/587/550 6215/586/549
f 6206/583/546 6223/582/545 6222/630/584 6207/629/592
f 6198/1233/1121 6227/7117/6249 6226/619/582 6199/626/589
f 6196/627/590 6219/592/555 6218/611/574 6197/610/573
f 6196/627/590 6227/7117/6249 348/543/509 346/542/508
f 6237/7118/6250 6234/2695/2430 6235/2477/2217 6236/2476/2216
f 6230/5951/5270 6241/7119/6251 6242/7120/6252 6229/7121/6253
f 6233/5756/5080 6238/7122/6254 6239/7123/6255 6232/5771/5094
f 6232/5771/5094 6239/7123/6255 6240/7124/6256 6231/5772/5095
f 6243/2470/2210 6228/2469/2209 6229/7121/6253 6242/7120/6252
f 6241/7119/6251 6230/5951/5270 6231/5772/5095 6240/7124/6256
f 6234/2695/2430 6237/7118/6250 6238/7122/6254 6233/5756/5080
f 6250/7125/6257 6253/5946/5265 6252/5962/5281 6251/7126/6258
f 6245/7127/6259 6258/2278/2050 6257/2671/2406 6246/7128/6260
f 6248/2681/2416 6255/2458/2198 6254/2457/2197 6249/2682/2417
f 6247/7129/6261 6256/5587/4945 6255/2458/2198 6248/2681/2416
f 6258/2278/2050 6245/7127/6259 6244/7130/6262 6259/2279/2051
f 6256/5587/4945 6247/7129/6261 6246/7128/6260 6257/2671/2406
f 6249/2682/2417 6254/2457/2197 6253/5946/5265 6250/7125/6257
f 1726/2281/2053 1727/2346/2102 6237/7118/6250 6236/2476/2216
f 1727/2346/2102 1728/2344/2100 6238/7122/6254 6237/7118/6250
f 4584/5936/5258 4583/5938/5260 6244/7130/6262 6245/7127/6259
f 4583/5938/5260 4596/2276/2048 6259/2279/2051 6244/7130/6262
f 1737/2004/1809 1729/2007/1812 6240/7124/6256 6239/7123/6255
f 4585/5934/5256 4584/5936/5258 6245/7127/6259 6246/7128/6260
f 1729/2007/1812 1730/2340/2096 6241/7119/6251 6240/7124/6256
f 4586/5932/5254 4585/5934/5256 6246/7128/6260 6247/7129/6261
f 1723/2655/2393 1736/2392/2139 6233/5756/5080 6232/5771/5094
f 1730/2340/2096 1731/2338/2094 6242/7120/6252 6241/7119/6251
f 4587/2680/2415 4586/5932/5254 6247/7129/6261 6248/2681/2416
f 1728/2344/2100 1737/2004/1809 6239/7123/6255 6238/7122/6254
f 1731/2338/2094 1732/2335/2091 6243/2470/2210 6242/7120/6252
f 4588/5694/5027 4600/2679/2414 6249/2682/2417 6250/7125/6257
f 4589/5588/4946 4588/5694/5027 6250/7125/6257 6251/7126/6258
f 1719/2468/2208 1720/2661/2399 6229/7121/6253 6228/2469/2209
f 4590/5589/4947 4589/5588/4946 6251/7126/6258 6252/5962/5281
f 1720/2661/2399 1721/2659/2397 6230/5951/5270 6229/7121/6253
f 1622/2106/1895 2852/3658/3283 2853/2114/1903 1621/2113/1902
f 4483/5448/4824 5841/5447/4823 5840/3656/3281 4484/3655/3280
f 4489/2105/1894 5839/3657/3282 2852/3658/3283 1622/2106/1895
f 6266/3974/3575 6264/3970/3571 6289/3972/3573 6281/3975/3576
f 3136/3945/3547 3127/3954/3555 6280/3971/3572 6279/3982/3583
f 6260/3996/3596 6271/3964/3565 6286/3981/3582 6285/7131/6263
f 6274/3998/3598 6268/3973/3574 6282/3976/3577 6284/4587/4085
f 6261/615/578 6275/614/577 6276/7132/6264 6287/4588/4086
f 6273/3999/3599 6274/3998/3598 6284/4587/4085 6291/4590/3600
f 6270/3985/3586 6262/3984/3585 6277/4589/4087 6278/4003/3601
f 6267/3987/3588 6270/3985/3586 6278/4003/3601 6283/3995/3595
f 6262/3984/3585 6261/615/578 6287/4588/4086 6277/4589/4087
f 6285/7131/6263 3132/3925/3529 3134/3928/3532 6276/7132/6264
f 6286/3981/3582 3128/3912/3516 3132/3925/3529 6285/7131/6263
f 6281/3975/3576 3122/3931/3535 3123/3929/3533 6282/3976/3577
f 6277/4589/4087 3135/4289/3852 3130/3961/3562 6278/4003/3601
f 3129/3920/3524 3136/3945/3547 6279/3982/3583 6288/3994/3594
f 3127/3954/3555 3126/3955/3556 6289/3972/3573 6280/3971/3572
f 3125/3909/3513 3128/3912/3516 6286/3981/3582 6290/3980/3581
f 6276/7132/6264 3134/3928/3532 3121/3950/3552 6287/4588/4086
f 6260/3996/3596 6285/7131/6263 6276/7132/6264 6275/614/577
